{
"parameters":[1, 2, 3, 4, 40, 40]
,"current_iter":20,"domain":[[-2, -2]
,[2, 2]
],"result":[0.2605076119253517, 7.696451237696443E-05, 0.00024612113932460944, 0.005306242890623613, 6.0725040756529715E-05, 0.0026759606637893965, 1.17069064500877, 0.019910701842418364, 0.00028513848561886125, 0.08754670659951161, 0.0084619583541478, 0.01035192911939441, 0.005051280845273307, 1.4901106330515417E-05, 0.31682681181769123, 0.02865642122822652, 0.009937383374666478, 7.464141908797317E-05, 0.0036609326680518595, 4.22873914563882E-05, 1.1379503937918698, 0.0065908401107835635, 0.0018416236365276378, 0.4073231108927059, 0.0043107819916423365, 6.693937004035027E-05, 0.10683783280132454, 0.09758989405602747, 0.04314366223214379, 0.03817782688376999, 0.0026977432188325153, 0.0001994920356496915, 0.003536338764580644, 0.03300567152186266, 1.547340869379394E-05, 0.002084020700508472, 0.005829523041101249, 1.5230934104433042E-05, 2.3990178199820757E-05, 0.01149935878592807]
,"population":[[-0.3205966991424116, -0.4385729203731251]
,[-0.008451649013090215, 0.0023524755761740934]
,[-0.018707738968254346, -0.005643809433660786]
,[-0.08219620888604241, -0.0071050456123272245]
,[-0.011841006355237767, 0.0036293126538081487]
,[-0.04993902358880591, -0.013492760532451598]
,[-0.3909892657684699, 1.0088696838851898]
,[0.30648774670646106, -0.00015832970242887976]
,[-0.03761599989351662, 0.009238743045114352]
,[0.2129072982922935, -0.27524630377384074]
,[0.07649479711155743, 0.0510930951206664]
,[-0.19270426754754114, 0.026049940735102407]
,[-0.07370337073933084, -0.010478275980062087]
,[0.003746748653882758, 0.0009289676286842062]
,[-0.8623850973731667, -0.3982115415730808]
,[-0.004088133696317718, -0.2789134145052691]
,[6.38747519315459E-05, 0.0996864047635511]
,[-0.006658432727815624, -0.005505151469044876]
,[0.002148544792657048, 0.1171335280111851]
,[-0.01844260841017103, 0.008226730968532433]
,[-0.28824445790787445, 1.0270664663386033]
,[0.059435228967460854, 0.055301841455498255]
,[-0.013281869540788357, 0.04436767329374758]
,[0.39979370764709393, 0.49748176068926975]
,[0.0639049449859993, 0.015064527804705297]
,[-0.018877378318346103, 0.004947953759847018]
,[0.07297555442910045, -0.6357782233488629]
,[-0.24357416628921003, -0.2717579189966475]
,[-0.20770526966040373, -0.0014775613160733186]
,[-0.006203980097484477, 0.41961040076030154]
,[-0.031377148186468556, 0.0670046219363439]
,[0.013957550593405019, 0.0021630573460337857]
,[0.056936879395090935, 0.017161891775952714]
,[-0.27773807608935186, -0.21447750566828822]
,[-0.003907609226353482, 0.0007375695757915516]
,[0.029981001390828748, -0.034426156568975234]
,[0.04403551539785328, -0.0623730424522219]
,[-0.003901575313217806, -9.297408091732406E-05]
,[-0.0029625452396466476, -0.0039004491924479346]
,[-0.03304269781902096, -0.11211554906185146]
],"den":[[0.07676797044769974, 0.25580736479194]
,[0.07676797044374196, 0.255807364931515]
,[0.0767679704672576, 0.2558073648732838]
,[0.0767679704422829, 0.25580736484317773]
,[0.07676797043565076, 0.25580736493471024]
,[0.07676797041758016, 0.25580736484178457]
,[0.07676797044151051, 0.255807364885476]
,[0.07676797035567222, 0.25580736493423006]
,[0.07676797032429795, 0.25580736484145417]
,[0.07676797038876837, 0.25580736491284334]
,[0.07676797040867328, 0.2558073649087254]
,[0.07676797042496797, 0.2558073647937561]
,[0.07676797032597273, 0.2558073648294438]
,[0.07676797033407712, 0.25580736479243543]
,[0.07676797036102728, 0.2558073649008533]
,[0.07676797044271706, 0.2558073647914864]
,[0.0767679703932822, 0.2558073648395937]
,[0.0767679703390557, 0.25580736490727785]
,[0.07676797045302104, 0.25580736491438855]
,[0.07676797039239613, 0.2558073648531202]
,[0.0767679703595404, 0.2558073648783407]
,[0.0767679704337833, 0.25580736485810773]
,[0.07676797043374622, 0.2558073648395242]
,[0.07676797039421589, 0.2558073648068155]
,[0.076767970348868, 0.2558073648374034]
,[0.07676797041033574, 0.2558073649161762]
,[0.07676797033972114, 0.2558073649262922]
,[0.07676797038068255, 0.25580736479220184]
,[0.07676797045947442, 0.25580736485340805]
,[0.07676797033756898, 0.2558073648548147]
,[0.07676797045066666, 0.2558073648592193]
,[0.07676797034492426, 0.255807364811103]
,[0.07676797039560149, 0.255807364904305]
,[0.0767679703338784, 0.2558073648432369]
,[0.07676797033516998, 0.2558073648496766]
,[0.07676797043631807, 0.2558073648417223]
,[0.07676797046643714, 0.2558073649229211]
,[0.07676797033938441, 0.25580736479747834]
,[0.07676797035418678, 0.2558073648985501]
,[0.07676797034166576, 0.25580736480180677]
],"vol":[[0.7907760025971136, 0.7239539219590584]
,[0.7907760026770069, 0.7239539219683931]
,[0.790776002540267, 0.723953921837734]
,[0.7907760026260101, 0.7239539218741519]
,[0.7907760025894508, 0.72395392194026]
,[0.7907760026861933, 0.7239539218699508]
,[0.790776002614225, 0.7239539218250317]
,[0.7907760025916108, 0.7239539218992034]
,[0.7907760026900911, 0.7239539218732376]
,[0.7907760025855943, 0.723953921953703]
,[0.7907760026767704, 0.7239539219580068]
,[0.7907760026500117, 0.7239539219061388]
,[0.7907760026591419, 0.7239539219355788]
,[0.7907760025470413, 0.7239539219017219]
,[0.7907760026426481, 0.7239539219138384]
,[0.7907760025560933, 0.7239539218748868]
,[0.7907760025580592, 0.7239539218631922]
,[0.7907760026443831, 0.7239539219149441]
,[0.7907760026547616, 0.7239539219614404]
,[0.7907760026625699, 0.7239539218828744]
,[0.7907760026910756, 0.7239539218425538]
,[0.7907760026336248, 0.7239539218829182]
,[0.7907760026447725, 0.7239539218934152]
,[0.7907760025806848, 0.7239539219294252]
,[0.7907760026890832, 0.7239539219233873]
,[0.790776002678498, 0.7239539218322333]
,[0.7907760026080107, 0.7239539218254669]
,[0.790776002671646, 0.7239539219005786]
,[0.7907760026480491, 0.7239539219061728]
,[0.7907760026365546, 0.7239539219719653]
,[0.7907760026019909, 0.7239539218292618]
,[0.7907760026790974, 0.7239539218895165]
,[0.79077600254235, 0.7239539219370313]
,[0.7907760026871259, 0.7239539218879577]
,[0.7907760025556254, 0.7239539219116098]
,[0.7907760026715012, 0.7239539219037291]
,[0.790776002592926, 0.7239539218807723]
,[0.7907760026907658, 0.7239539218477509]
,[0.7907760026640671, 0.723953921977679]
,[0.7907760026129189, 0.7239539218269047]
]}