{
"parameters":[1, 2, 3, 4, 40, 40]
,"current_iter":14,"domain":[[-2, -2]
,[2, 2]
],"result":[0.28215892000748677, 0.07612990107165792, 0.0011421595220478238, 0.013053156237704321, 0.36214085139120133, 0.018978531162598417, 1.3236677743015837, 0.44790549201667773, 0.02323764863873154, 0.2989943685921762, 0.009949811854145394, 0.029778049059876962, 0.011928488871672848, 0.010275655386520253, 0.327897971140247, 0.2579026544584349, 0.015930576903231325, 0.002354404237425031, 0.1088317692446947, 0.00036081881589392073, 1.5601282993122993, 0.12330166024731017, 0.17331462186351548, 0.740605862449864, 0.007495708254757721, 0.00026250902651278184, 0.12525616636683284, 0.2662748279648893, 0.2833255070377911, 0.14265503027009746, 0.042724364879887296, 0.062115428865430714, 0.012591865186321964, 0.3558157177023732, 5.58348989897262E-05, 0.10507237253258092, 0.046516599214443274, 8.118301275959979E-05, 0.06985219488975569, 0.021243490421255083]
,"population":[[1.069299400604396, 0.3742905400638591]
,[0.2742997689813118, -0.029825120426527803]
,[-0.08794801986332852, -0.012523948172443676]
,[-0.10330583657941268, -0.06649709494249187]
,[0.029669782099650155, -1.631242517639926]
,[-0.03253195088836461, -0.13386636371394964]
,[-1.6029482050307589, 1.28079134848262]
,[-0.1921232993418241, 0.6410882387524276]
,[-0.08000277843853168, 0.2507731397863142]
,[-0.968776442332348, 0.6866966103412148]
,[-0.0036750810549693747, -0.11717189360360786]
,[0.18393362807880945, -0.25417193579208414]
,[-0.19400282278653466, -0.03240448338194861]
,[0.258119012795424, 0.03988450078510847]
,[1.2973446452187776, 0.23364613510759266]
,[0.03835700719142064, 0.5063905552612057]
,[0.03168858997011664, 0.1221736885296386]
,[0.005798643385453781, 0.04817447428165007]
,[0.008446449204776949, 0.7240924735404974]
,[0.02742443426178816, -0.009368557300133317]
,[0.19487716303979985, -2]
,[0.06870868105793447, 0.6351063966221073]
,[-0.035903196602571644, 0.4147596681660749]
,[0.2665758220085443, 1.531279203668957]
,[-0.06659181569452319, -0.17941032360414863]
,[-0.04069986121456137, -0.00943747207140789]
,[-0.5205947494025931, 0.2841944488260471]
,[0.45460952873366667, 0.24414136140654824]
,[-0.5210361737940816, -0.10884306425222805]
,[-0.24793403055382224, 0.28492761670893507]
,[0.07229755996354552, -0.19364252555470565]
,[-0.20816408060182798, -0.7680444252723957]
,[0.02948689416297803, 0.12793062833046853]
,[0.679183174083571, 0.4854312430434854]
,[-0.003831980938032798, -0.006414890574302844]
,[-0.12942486884214216, 0.2971894612158635]
,[-0.44967587054248975, 0.14259543429013527]
,[-0.0008818438082550777, -0.008966903827823848]
,[-0.006460498310686097, 0.4734321862083121]
,[-0.3028134167777589, -0.25073719448820037]
],"den":[[0.07676810301592055, 0.25580730340241253]
,[0.07676809832978393, 0.25580746866404835]
,[0.07676812617309836, 0.2558073997162721]
,[0.0767680966021865, 0.25580736406968846]
,[0.07676808874951396, 0.2558074724472252]
,[0.07676806735331958, 0.2558073624200772]
,[0.07676809568766207, 0.2558074141522859]
,[0.07676799405221248, 0.2558074718787298]
,[0.07676795690404113, 0.2558073620288713]
,[0.07676803323918445, 0.2558074465560828]
,[0.07676805680726655, 0.25580744168034897]
,[0.07676807610073241, 0.25580730555277775]
,[0.07676795888701182, 0.2558073478082209]
,[0.07676796848288309, 0.2558073039890887]
,[0.07676800039279914, 0.25580743235949277]
,[0.07676809711626736, 0.25580730286537684]
,[0.07676803858370103, 0.2558073598260795]
,[0.07676797437770169, 0.2558074399663636]
,[0.07676810931652234, 0.25580744838566954]
,[0.0767680375345823, 0.2558073758419081]
,[0.07676799863228605, 0.25580740570382027]
,[0.07676808653839293, 0.25580738174730594]
,[0.07676808649448244, 0.25580735974374313]
,[0.07676803968921748, 0.25580732101553433]
,[0.07676798599579188, 0.2558073572326976]
,[0.07676805877567464, 0.255807450502363]
,[0.07676797516560968, 0.2558074624799427]
,[0.07676802366529202, 0.25580730371249083]
,[0.07676811695753252, 0.2558073761827128]
,[0.0767679726173602, 0.2558073778482542]
,[0.0767681065288568, 0.2558073830634482]
,[0.07676798132626897, 0.2558073260921179]
,[0.07676804132983249, 0.25580743644645004]
,[0.07676796824760594, 0.25580736413973937]
,[0.07676796977687211, 0.25580737176451995]
,[0.07676808953963725, 0.2558073623464103]
,[0.07676812520163026, 0.25580745848847974]
,[0.07676797476690671, 0.25580730996004303]
,[0.0767679922934172, 0.25580742963243897]
,[0.07676797746809477, 0.255807315085012]
],"vol":[[0.7907760337765877, 0.7239539865518567]
,[0.790776128372971, 0.7239539976045785]
,[0.7907759664684356, 0.7239538428998391]
,[0.790776067991101, 0.7239538860196743]
,[0.7907760247036387, 0.7239539642940838]
,[0.7907761392500533, 0.7239538810455486]
,[0.7907760540370855, 0.7239538278598369]
,[0.7907760272612633, 0.7239539156816077]
,[0.7907761438650791, 0.7239538849373318]
,[0.7907760201374452, 0.7239539802110251]
,[0.7907761280929435, 0.7239539853069035]
,[0.7907760964097322, 0.7239539238934114]
,[0.7907761072202424, 0.7239539587513393]
,[0.7907759744892949, 0.7239539186636157]
,[0.7907760876909673, 0.7239539330100088]
,[0.790775985207168, 0.7239538868900157]
,[0.790775987534981, 0.7239538730431244]
,[0.7907760897453447, 0.7239539343192103]
,[0.7907761020337908, 0.7239539893722264]
,[0.7907761112790451, 0.723953896347483]
,[0.790776145030802, 0.7239538486065719]
,[0.7907760770070723, 0.7239538963993521]
,[0.7907760902065545, 0.7239539088282136]
,[0.7907760143244518, 0.723953951465311]
,[0.7907761426718344, 0.7239539443160556]
,[0.7907761301384874, 0.7239538363867839]
,[0.7907760466791478, 0.7239538283751108]
,[0.7907761220256777, 0.7239539173099143]
,[0.7907760940861157, 0.7239539239335375]
,[0.7907760804760837, 0.7239540018341558]
,[0.7907760395515405, 0.7239538328683889]
,[0.7907761308483159, 0.7239539042118847]
,[0.7907759689347533, 0.7239539604710672]
,[0.7907761403542759, 0.7239539023663645]
,[0.790775984653212, 0.7239539303711724]
,[0.7907761218540407, 0.7239539210401631]
,[0.7907760288183835, 0.7239538938587378]
,[0.7907761446639654, 0.7239538547600831]
,[0.7907761130517758, 0.7239540085993922]
,[0.7907760524906393, 0.723953830077396]
]}