{
"parameters":[1, 2, 3, 4, 40, 40]
,"current_iter":12,"domain":[[-2, -2]
,[2, 2]
],"result":[0.28215892000748677, 0.14583855940659288, 0.0011421595220478238, 0.10685066752584413, 0.36214085139120133, 0.033393624951141905, 1.3236677743015837, 0.7020155505337708, 0.05510722142426121, 0.2989943685921762, 0.009949811854145394, 0.029778049059876962, 0.011928488871672848, 0.010275655386520253, 0.327897971140247, 0.5650016370022665, 0.039267083162092806, 0.0024717541730065766, 0.1088317692446947, 0.00036081881589392073, 1.5601282993122993, 0.12330166024731017, 0.7365642897194598, 0.740605862449864, 0.18887315353995768, 0.009577864799189354, 0.12525616636683284, 2.057338934314543, 1.3272355145353392, 0.15703867219269935, 0.07677658469655053, 0.062115428865430714, 0.012591865186321964, 0.3558157177023732, 0.0016595143495252737, 0.19581787526764688, 0.046516599214443274, 0.0005537797012253181, 0.10198090180678669, 0.021243490421255083]
,"population":[[1.1065850695264694, 1.0266858465791147]
,[0.270350226310757, -0.9413593791850728]
,[0.033126235968312594, -0.006694177516282101]
,[0.15290276819503443, 0.36579021155678626]
,[-0.01253988447877331, 0.6016507314783722]
,[0.05030178479185346, 0.1756796954627824]
,[-2, 0.6998444544831255]
,[0.3982541108283756, -0.7371629492466851]
,[-0.05008995199724713, 0.22934301413641245]
,[-0.5943183726111076, 0.10554540508614253]
,[-0.1421061500115437, -0.010600934707795771]
,[0.044721599248554324, -0.26193538477536116]
,[-0.10291837623837556, -0.12196960705499783]
,[0.2113122705967751, 0.04400614434586034]
,[0.7977362392098246, 0.05519837315916204]
,[0.7849921702118635, 0.26938887116037114]
,[-0.20655001683353205, -0.2578821152368087]
,[-0.026479967324514204, 0.06647284057138445]
,[-0.00498366200583009, -0.32985895828021156]
,[-0.01692174917658687, -0.008629786828108926]
,[0.5982256118577051, -2]
,[0.26490311315640136, 0.34963147902248015]
,[-0.21707782210701007, 1.866916880103437]
,[0.0018944987330500214, 2]
,[-0.40849803305116505, -0.1483324325064716]
,[-0.09665936633473941, -0.015324219358779725]
,[-0.6831761231306775, 0.03606424921568642]
,[-2, -2]
,[-2, -0.1910764777085027]
,[0.3752187651879033, -0.1274737245222106]
,[0.26967408200767307, -0.2946258131771085]
,[-0.1301898210462502, -0.7889193021103604]
,[0.11730283100542704, 0.005684922565296164]
,[1.2596970953440676, 0.3920190051555211]
,[-0.03686426366628242, 0.01733610146105761]
,[0.2604259518819746, -0.3577655640975167]
,[-0.21764749801385183, 0.23307146389354638]
,[0.0030539196072914034, -0.028348667669648168]
,[-0.024841061554324743, 0.3183768576194585]
,[-0.18108545284253885, -0.22762500787828516]
],"den":[[0.07676924721817614, 0.25580653481911453]
,[0.07676917715253775, 0.25580900575902504]
,[0.07676959345700271, 0.255807974873597]
,[0.07676915132204541, 0.2558074418971096]
,[0.07676903391135967, 0.2558090623238926]
,[0.07676871400220246, 0.25580741723264167]
,[0.07676913764836432, 0.25580819071632804]
,[0.07676761802714345, 0.255809053823929]
,[0.07676706259938966, 0.25580741138345464]
,[0.07676820393840215, 0.25580867520768935]
,[0.07676855632094017, 0.25580860230725366]
,[0.07676884479076308, 0.2558065669706973]
,[0.07676709224814263, 0.2558071987607702]
,[0.0767672357225865, 0.2558065435909108]
,[0.0767677128295977, 0.2558084629447484]
,[0.07676915900842045, 0.2558065267895254]
,[0.0767682838479301, 0.25580737844800516]
,[0.07676732386005695, 0.2558085766802842]
,[0.07676934142278885, 0.25580870256309357]
,[0.07676826816183759, 0.2558076179116291]
,[0.07676768650696057, 0.25580806439753134]
,[0.07676900085137461, 0.2558077062072769]
,[0.07676900019483875, 0.2558073772169378]
,[0.0767683003772638, 0.2558067981649623]
,[0.076767497570081, 0.2558073396725767]
,[0.07676858575195762, 0.25580873421122696]
,[0.0767673356406091, 0.25580891329622535]
,[0.07676806079257883, 0.255806539455307]
,[0.07676945566876596, 0.25580762300723353]
,[0.0767672975399857, 0.25580764790988375]
,[0.076769299742492, 0.25580772588582107]
,[0.0767674277528457, 0.25580687406844066]
,[0.07676832490722246, 0.25580852405164584]
,[0.07676723220479681, 0.2558074429444889]
,[0.07676725506990262, 0.2558075569478062]
,[0.07676904572503418, 0.25580741613119823]
,[0.0767695789319178, 0.2558088536171288]
,[0.07676732967932778, 0.2558066328667392]
,[0.07676759173019071, 0.2558084221706987]
,[0.07676737006664076, 0.2558067094936604]
],"vol":[[0.7907748298205156, 0.7239553978594319]
,[0.7907762441958344, 0.7239555631162464]
,[0.7907738234502324, 0.7239532500197248]
,[0.7907753413851386, 0.7239538947339148]
,[0.7907746941646413, 0.7239550650682245]
,[0.790776406826543, 0.723953820362355]
,[0.7907751327490955, 0.7239530251463504]
,[0.7907747324054372, 0.7239543382297978]
,[0.7907764758289552, 0.7239538785510711]
,[0.7907746258923543, 0.7239553030533151]
,[0.790776240008952, 0.7239553792452845]
,[0.7907757662915597, 0.7239544610100994]
,[0.7907759279269019, 0.7239549821948543]
,[0.7907739433755936, 0.7239543828158411]
,[0.7907756359313337, 0.7239545973185907]
,[0.7907741036258548, 0.7239539077469856]
,[0.7907741384305811, 0.72395370071263]
,[0.7907756666477369, 0.7239546168933603]
,[0.790775850380711, 0.7239554400287114]
,[0.7907759886128405, 0.7239540491520561]
,[0.7907764932584744, 0.7239533353449945]
,[0.7907754761891022, 0.7239540499275877]
,[0.7907756735436, 0.7239542357600098]
,[0.7907745389783088, 0.7239548732564569]
,[0.7907764579879356, 0.7239547663630422]
,[0.79077627059328, 0.7239531526385748]
,[0.790775022735529, 0.7239530328505633]
,[0.7907761492931061, 0.7239543625757259]
,[0.7907757315495767, 0.7239544616100523]
,[0.7907755280566665, 0.7239556263555533]
,[0.7907749161657913, 0.7239531000326414]
,[0.7907762812064119, 0.7239541667381133]
,[0.790773860325837, 0.7239550079076849]
,[0.7907764233365314, 0.7239541391444758]
,[0.7907740953432789, 0.7239545578635407]
,[0.790776146726842, 0.7239544183492296]
,[0.7907747556870081, 0.7239540119411229]
,[0.7907764877736504, 0.7239534273503566]
,[0.7907760151181504, 0.7239557275072371]
,[0.7907751096271196, 0.723953058302595]
]}