{
"parameters":[1, 2, 3, 4, 40, 40]
,"current_iter":17,"domain":[[-2, -2]
,[2, 2]
],"result":[0.28215892000748677, 0.07612990107165792, 0.0004995946760934116, 0.013053156237704321, 0.0003566544267914194, 0.0033800221125910353, 1.3236677743015837, 0.09548561978250203, 0.0017633904847072848, 0.2989943685921762, 0.009949811854145394, 0.01035192911939441, 0.008600293502275305, 0.0072888160451100295, 0.327897971140247, 0.02865642122822652, 0.015930576903231325, 0.0010525011462776887, 0.0036609326680518595, 4.22873914563882E-05, 1.5058201605952437, 0.12330166024731017, 0.011314226676204343, 0.740605862449864, 0.007495708254757721, 0.00026250902651278184, 0.12525616636683284, 0.17987843700043643, 0.2833255070377911, 0.14265503027009746, 0.008994723415561947, 0.0028547541178083505, 0.012591865186321964, 0.3558157177023732, 1.547340869379394E-05, 0.03524867779633155, 0.03534899452406977, 1.5230934104433042E-05, 0.0005181975362218697, 0.011763017195107903]
,"population":[[0.6706780570029239, 0.2419092502677457]
,[-0.36672384991696344, 0.02357038981624093]
,[0.033466850536272366, 0.010627037783579492]
,[-0.10260795858888896, -0.2808281690988962]
,[-0.011501201723370496, 0.02459435273778458]
,[-0.07232282258604747, -0.06374042512953662]
,[-0.638844771088287, 1.218809836592043]
,[0.23767203817662436, -0.1974781558843186]
,[0.015784492279265618, -0.07375313448181588]
,[-0.7874202116820626, 0.4208043720843406]
,[-0.12218916118434875, -0.06974530873765719]
,[-0.16742470668625695, 0.12673094931118817]
,[-0.09265928012863202, -0.003814617715971416]
,[0.08224345339231456, 0.02290917761981455]
,[1.2926442701261494, 0.18318904731665545]
,[0.002960124738829187, 0.16925619306175207]
,[-0.08037387014784138, -0.2736867708662949]
,[-0.01986123818303765, -0.02565214151127223]
,[0.002084541114884682, 0.15723535588162074]
,[-0.019931798393469556, 0.005683307097069109]
,[-0.4375819856285737, 1.6315097642941083]
,[0.29224055403934285, 0.23663721494397877]
,[0.028378666118151073, -0.20819910069929018]
,[0.9693470941497097, 1.436927407132679]
,[-0.09668143302005212, -0.11758780626165698]
,[-0.0345151971982679, 0.006290333391964908]
,[-0.4289824741040363, 0.13355000266634]
,[0.8258578903869569, 0.0971297443108332]
,[1.3319625292896022, 0.11794358640861856]
,[0.6100436271030368, -0.5663454852673963]
,[0.13655719948441067, -0.09936012809458361]
,[0.05086159803227749, 0.016366183532252627]
,[0.13818182272660873, 0.14549907967318124]
,[1.4632163196208985, 0.17207865236291026]
,[-0.00386473554882119, -0.0007329582740318257]
,[-0.3066923956109113, 0.006135254760854164]
,[-0.06870371434651905, 0.45865363701786366]
,[-0.003901575313217806, -9.297408091732406E-05]
,[-0.005805444994262081, 0.022011232238120314]
,[0.057732566780826056, 0.09962970644478092]
],"den":[[0.07676797282056677, 0.2558073646706105]
,[0.07676797272990596, 0.25580736786786124]
,[0.07676797326857943, 0.2558073665339562]
,[0.07676797269648282, 0.25580736584431596]
,[0.0767679725445603, 0.25580736794105285]
,[0.0767679721306167, 0.2558073658124016]
,[0.07676797267878989, 0.255807366813244]
,[0.0767679707124895, 0.25580736793005443]
,[0.0767679699937987, 0.25580736580483315]
,[0.07676797147062418, 0.25580736744014726]
,[0.07676797192658642, 0.2558073673458184]
,[0.0767679722998494, 0.2558073647122127]
,[0.07676797003216244, 0.2558073655297119]
,[0.07676797021780993, 0.2558073646819607]
,[0.07676797083515831, 0.2558073671654915]
,[0.07676797270642854, 0.2558073646602207]
,[0.0767679715740224, 0.2558073657622166]
,[0.07676797033185462, 0.25580736731265863]
,[0.07676797294246199, 0.25580736747554356]
,[0.07676797155372551, 0.2558073660720684]
,[0.07676797080109836, 0.2558073666497949]
,[0.07676797250178263, 0.25580736618631783]
,[0.07676797250093312, 0.2558073657606237]
,[0.07676797159541039, 0.25580736501136453]
,[0.07676797055662517, 0.2558073657120435]
,[0.07676797196466843, 0.25580736751649436]
,[0.07676797034709797, 0.25580736774821977]
,[0.07676797128540191, 0.2558073646766094]
,[0.07676797309028956, 0.25580736607866184]
,[0.076767970297798, 0.2558073661108844]
,[0.07676797288853014, 0.25580736621178063]
,[0.07676797046628576, 0.25580736510957913]
,[0.07676797162715071, 0.25580736724456027]
,[0.07676797021325811, 0.25580736584567126]
,[0.07676797024284421, 0.2558073659931848]
,[0.0767679725598465, 0.2558073658109764]
,[0.07676797324978482, 0.25580736767099854]
,[0.07676797033938441, 0.25580736479747834]
,[0.0767679706784628, 0.25580736711273233]
,[0.07676797039164322, 0.25580736489662903]
],"vol":[[0.790776000545472, 0.7239539243974735]
,[0.7907760023755904, 0.7239539246113063]
,[0.7907759992432882, 0.7239539216182954]
,[0.7907760012074065, 0.7239539224525177]
,[0.7907760003699413, 0.7239539239668613]
,[0.790776002586025, 0.7239539223562853]
,[0.7907760009374438, 0.7239539213273226]
,[0.7907760004194228, 0.7239539230263753]
,[0.79077600267531, 0.7239539224315781]
,[0.790776000281601, 0.7239539242748]
,[0.7907760023701729, 0.7239539243733879]
,[0.7907760017572104, 0.7239539231852458]
,[0.790776001966357, 0.7239539238596281]
,[0.7907759993984645, 0.723953923084067]
,[0.790776001588532, 0.7239539233616209]
,[0.7907759996058189, 0.7239539224693559]
,[0.7907759996508542, 0.7239539222014656]
,[0.7907760016282772, 0.7239539233869494]
,[0.7907760018660168, 0.7239539244520381]
,[0.7907760020448811, 0.7239539226523257]
,[0.7907760026978627, 0.7239539217287013]
,[0.7907760013818349, 0.7239539226533291]
,[0.7907760016372, 0.7239539228937854]
,[0.7907760001691393, 0.7239539237186682]
,[0.7907760026522248, 0.7239539235803545]
,[0.7907760024097472, 0.72395392149229]
,[0.7907760007950927, 0.7239539213372913]
,[0.7907760022527919, 0.7239539230578774]
,[0.7907760017122563, 0.723953923186022]
,[0.7907760014489486, 0.723953924693134]
,[0.7907760006571977, 0.723953921424221]
,[0.7907760024234799, 0.7239539228044751]
,[0.790775999291003, 0.723953923892899]
,[0.790776002607388, 0.7239539227687706]
,[0.7907759995951017, 0.7239539233105684]
,[0.7907760022494712, 0.723953923130045]
,[0.7907760004495477, 0.7239539226041769]
,[0.7907760026907658, 0.7239539218477509]
,[0.7907760020791773, 0.7239539248240184]
,[0.7907760009075253, 0.7239539213702249]
]}