{
"parameters":[1, 2, 3, 4, 40, 40]
,"current_iter":11,"domain":[[-2, -2]
,[2, 2]
],"result":[0.28215892000748677, 0.14583855940659288, 0.0023561007340211788, 0.10685066752584413, 0.6064413286014265, 0.07889530222729668, 1.3236677743015837, 1.4226036028601747, 0.12601333275811702, 0.2989943685921762, 0.009949811854145394, 0.029778049059876962, 0.011928488871672848, 0.010275655386520253, 0.327897971140247, 0.5650016370022665, 0.039267083162092806, 0.0024717541730065766, 0.13495442679463754, 0.00036081881589392073, 1.5601282993122993, 0.12330166024731017, 0.7365642897194598, 0.740605862449864, 0.23950962969955242, 0.028718419061823635, 0.12525616636683284, 2.057338934314543, 1.3272355145353392, 0.2190745795887815, 0.07677658469655053, 0.062115428865430714, 0.012591865186321964, 0.3558157177023732, 0.03225594663570729, 0.35676504065709674, 0.046516599214443274, 0.0005537797012253181, 0.22395171664108499, 0.021243490421255083]
,"population":[[1.384177063192971, 0.26767804355934705]
,[0.17310048722811752, -0.8374115727120444]
,[0.04962505082403493, 0.019001621148940558]
,[0.3765027859559144, 0.18174228067525672]
,[0.3817943439009838, 1.9649592740208504]
,[-0.13374375731320753, -0.2469977927169442]
,[-1.2311851763416914, 1.331627070629161]
,[2, -2]
,[-0.029452351229110094, 0.7085619087468389]
,[-0.09003577299891481, 1.2239282257046253]
,[-0.0645782229827215, -0.32018019981624285]
,[0.4092748366398868, -0.02541099292817078]
,[-0.4522179747309706, -0.03357169181395413]
,[-0.09792231601485316, -0.026208308087465042]
,[0.9510772895482085, 0.4805710324290127]
,[0.5981788268649889, 2]
,[-0.21979309781060938, -0.25108023482924663]
,[-0.005181417498780927, -0.04944600171611354]
,[0.04544736293406629, -1.2196213124877737]
,[-0.01692174917658687, -0.008629786828108926]
,[1.5573979769944524, -2]
,[0.15390026601543866, 0.5702594040348057]
,[-0.4612069270292495, 1.3876069684189885]
,[0.9768331460419738, 1.8449471298320923]
,[0.4882311608123048, 0.033763342716943645]
,[-0.3076010010920218, -0.03985460071973595]
,[-0.07310080233141705, 0.3756303268697455]
,[-1.4141653278865562, -0.7890422674234787]
,[-2, -0.21387455591841242]
,[0.23664261773288564, -0.5573230455018348]
,[0.31424242129439767, -0.17661594270355718]
,[-0.0815825168730813, -0.6091756407804299]
,[0.05489949598556401, 0.15886599885755948]
,[1.0395277065985482, 0.595114895161049]
,[-0.5199954842798539, 0.07976843468884132]
,[-0.5723718171017969, 0.17074994478676697]
,[-0.15623622986329375, 0.18916468991826513]
,[-0.023433457326633822, -0.002157030121753001]
,[-0.7743056642178424, 0.6983816966444565]
,[-0.16618763776441625, -0.15705354171262628]
],"den":[[0.07677008337533948, 0.2558056098104823]
,[0.07676995347056505, 0.25581019104172636]
,[0.07677072531734846, 0.2558082797348136]
,[0.07676990557969644, 0.25580729157297033]
,[0.0767696878951224, 0.2558102959154781]
,[0.07676909476947817, 0.2558072458439623]
,[0.07676988022809045, 0.2558086799167278]
,[0.0767670627835275, 0.25581028015617174]
,[0.07676603299604919, 0.2558072349993124]
,[0.07676814908876431, 0.2558095781850153]
,[0.07676880242148446, 0.25580944302440206]
,[0.07676933725722049, 0.25580566942093047]
,[0.07676608796614089, 0.25580684078750615]
,[0.07676635397406853, 0.25580562607377827]
,[0.07676723855144625, 0.25580918464018937]
,[0.07676991983057374, 0.255805594923271]
,[0.07676829724454284, 0.2558071739355408]
,[0.07676651738481428, 0.25580939551087384]
,[0.07677025803483373, 0.2558096289031376]
,[0.07676826816183759, 0.2558076179116291]
,[0.07676718974811958, 0.2558084457161244]
,[0.07676962660045643, 0.2558077816156426]
,[0.07676962538321006, 0.25580717165308786]
,[0.07676832789065434, 0.2558060980652637]
,[0.0767668394508371, 0.25580710204419144]
,[0.07676885698788492, 0.2558096875801685]
,[0.07676653922647596, 0.2558100196116301]
,[0.07676788369011361, 0.255805618406187]
,[0.07677046985189882, 0.2558076273591038]
,[0.07676646858624483, 0.2558076735297123]
,[0.07677018075773064, 0.25580781810052877]
,[0.07676671000661289, 0.2558062387936501]
,[0.0767683733702763, 0.2558092979350642]
,[0.0767663474519318, 0.25580729351485776]
,[0.07676638984484337, 0.2558075048820208]
,[0.0767697097981944, 0.2558072438018377]
,[0.07677069838720234, 0.25580990896396094]
,[0.07676652817399827, 0.25580579159508976]
,[0.07676701402782082, 0.25580910904330834]
,[0.07676660305385241, 0.25580593366477095]
],"vol":[[0.7907738401609167, 0.723956549714835]
,[0.7907764624749495, 0.7239568561082358]
,[0.7907719743061604, 0.723952567525575]
,[0.7907747886242218, 0.7239537628540321]
,[0.7907735886489609, 0.7239559327053033]
,[0.7907767639994344, 0.7239536249658902]
,[0.790774401803824, 0.7239521506004511]
,[0.7907736595490779, 0.7239545851149004]
,[0.7907768919329405, 0.7239537328503283]
,[0.7907734620691386, 0.7239563739401258]
,[0.7907764547122853, 0.7239565152033872]
,[0.7907755764194101, 0.7239548127549783]
,[0.7907758760984419, 0.7239557790544309]
,[0.7907721966530534, 0.7239546677793852]
,[0.7907753347258191, 0.7239550654769147]
,[0.790772493764084, 0.7239537869808378]
,[0.790772558293577, 0.7239534031300389]
,[0.7907753916753814, 0.7239551017693984]
,[0.7907757323243941, 0.7239566278985334]
,[0.7907759886128405, 0.7239540491520561]
,[0.7907769242480357, 0.723952725722377]
,[0.7907750385566977, 0.7239540505899259]
,[0.7907754044606148, 0.7239543951314078]
,[0.7907733009266769, 0.7239555770778521]
,[0.7907768588549059, 0.723955378892761]
,[0.7907765114169745, 0.7239523869766412]
,[0.7907741978338343, 0.7239521648844006]
,[0.7907762865211182, 0.7239546302533214]
,[0.790775512006246, 0.7239548138673173]
,[0.7907751347214427, 0.7239569733566914]
,[0.7907740002488547, 0.7239522894429273]
,[0.7907765310941876, 0.7239542671617765]
,[0.7907720426751528, 0.7239558267271494]
,[0.7907767946096788, 0.7239542160019594]
,[0.7907724784078242, 0.7239549923255171]
,[0.7907762817631517, 0.7239547336598497]
,[0.790773702714134, 0.7239539801613496]
,[0.7907769140789307, 0.723952896304364]
,[0.7907760377548506, 0.723957160896361]
,[0.790774358934664, 0.7239522120735866]
]}