{
"parameters":[1, 2, 3, 4, 40, 40]
,"current_iter":30,"domain":[[-2, -2]
,[2, 2]
],"result":[3.047344288510105E-05, 2.75677496925242E-08, 7.66459125036305E-08, 4.1687377674592146E-06, 5.440376174689452E-07, 2.7233753808041143E-06, 0.0026936658682505804, 4.775478615330122E-08, 7.791767275872387E-08, 1.3409380708895412E-05, 5.833280261835628E-05, 4.5471468295144836E-07, 1.7329789772140061E-07, 1.2112303255877456E-07, 9.755954281930333E-07, 0.003546484359162707, 1.79341067359198E-05, 1.1608155269049596E-07, 1.208887076709931E-06, 1.899166857621493E-08, 3.1628488377647718E-09, 6.96519583342437E-05, 3.289510484127562E-08, 0.0009629012482025493, 5.150500511214113E-05, 1.7225787537900347E-07, 1.195926155650025E-05, 0.0005922794958986456, 1.571946152181544E-06, 8.358824487088294E-07, 6.3175809756629545E-06, 6.491753420978788E-08, 1.831068850295561E-05, 1.553041566475045E-05, 4.187425484018052E-08, 9.278169703317799E-07, 1.6646744828916139E-06, 5.031499862944947E-08, 1.2809430455484102E-07, 2.2972716275174464E-05]
,"population":[[0.0005209950078288808, 0.0054956352760093564]
,[-4.3588073150106256E-05, -0.00016021182719008352]
,[0.0002507991917242474, -0.00011724196319618115]
,[-0.0020223193235871487, -0.0002810023503553524]
,[-0.0003139534982686437, -0.0006674360032196539]
,[0.001250101482970078, 0.0010773215226106486]
,[-0.0062628256277245985, 0.05152128573131009]
,[-0.00016339301600576934, -0.00014511205488807477]
,[0.0002759293204030372, -4.219813859214517E-05]
,[0.0012763814822403254, -0.0034322341150756896]
,[-0.007634472412039277, -0.0002182512500937245]
,[0.0003059092076961359, -0.0006657277205594339]
,[0.00017885524276409678, -0.0005355809431732264]
,[-9.245006056905262E-05, 0.00033552349971284137]
,[0.0003160821022556621, -0.001254963799963033]
,[-2.1289180162260374E-05, -0.05955236272335057]
,[0.004230288919692452, -0.00019688166965734844]
,[0.00033671871971101774, 5.1981309012654104E-05]
,[0.001097527760638183, -6.572588027912918E-05]
,[4.1230476030382386E-05, -0.00013149797117264963]
,[-4.762745915924117E-05, -2.9907757719354122E-05]
,[0.0003067300958557749, 0.008340136388725307]
,[-0.00013077286883120888, -0.00012567243778542316]
,[0.029410076188768463, 0.009896901877526294]
,[0.00717668250880075, -1.5273506948221927E-05]
,[0.000125167856990176, -0.00039571565922451226]
,[-0.001514566847042343, 0.0031089144121928584]
,[-0.02554442005572931, -0.00016339844783642315]
,[0.0011557400035593617, -0.0005522419836520544]
,[0.0001476007780457215, -0.000902272940428298]
,[0.002017711487616383, -0.0014988066347610808]
,[0.0003216659705972536, -0.0001355842430098932]
,[-0.0042674501418575456, -0.00031552779547232507]
,[0.00039441823015424625, 0.003921077648360517]
,[0.00015146998888738333, -0.00013759032417519953]
,[0.00016117788469727657, -0.0009496518624297492]
,[0.00027065013154350725, 0.0012615161470179825]
,[0.00014162883869464637, -0.00017394329731109303]
,[0.00034124386946676744, 0.00010792092524709382]
,[0.00020394203338914196, -0.004788645311796601]
],"den":[[0.07676797034303255, 0.25580736480773153]
,[0.07676797034303255, 0.2558073648077317]
,[0.07676797034303258, 0.2558073648077316]
,[0.07676797034303255, 0.2558073648077316]
,[0.07676797034303254, 0.2558073648077317]
,[0.07676797034303251, 0.2558073648077316]
,[0.07676797034303255, 0.25580736480773164]
,[0.07676797034303243, 0.2558073648077317]
,[0.07676797034303239, 0.2558073648077316]
,[0.07676797034303248, 0.25580736480773164]
,[0.0767679703430325, 0.25580736480773164]
,[0.07676797034303252, 0.25580736480773153]
,[0.07676797034303239, 0.25580736480773153]
,[0.0767679703430324, 0.25580736480773153]
,[0.07676797034303244, 0.25580736480773164]
,[0.07676797034303255, 0.25580736480773153]
,[0.07676797034303248, 0.2558073648077316]
,[0.07676797034303241, 0.25580736480773164]
,[0.07676797034303257, 0.25580736480773164]
,[0.07676797034303248, 0.2558073648077316]
,[0.07676797034303243, 0.25580736480773164]
,[0.07676797034303254, 0.2558073648077316]
,[0.07676797034303254, 0.2558073648077316]
,[0.07676797034303248, 0.25580736480773153]
,[0.07676797034303243, 0.2558073648077316]
,[0.07676797034303251, 0.25580736480773164]
,[0.07676797034303241, 0.2558073648077317]
,[0.07676797034303247, 0.25580736480773153]
,[0.07676797034303257, 0.2558073648077316]
,[0.0767679703430324, 0.2558073648077316]
,[0.07676797034303257, 0.2558073648077316]
,[0.07676797034303241, 0.25580736480773153]
,[0.07676797034303248, 0.25580736480773164]
,[0.0767679703430324, 0.2558073648077316]
,[0.0767679703430324, 0.2558073648077316]
,[0.07676797034303254, 0.2558073648077316]
,[0.07676797034303258, 0.2558073648077317]
,[0.07676797034303241, 0.25580736480773153]
,[0.07676797034303243, 0.25580736480773164]
,[0.07676797034303241, 0.25580736480773153]
],"vol":[[0.7907760025642857, 0.7239539218940039]
,[0.7907760025642858, 0.7239539218940039]
,[0.7907760025642857, 0.7239539218940036]
,[0.7907760025642858, 0.7239539218940038]
,[0.7907760025642857, 0.7239539218940039]
,[0.7907760025642858, 0.7239539218940038]
,[0.7907760025642858, 0.7239539218940036]
,[0.7907760025642857, 0.7239539218940038]
,[0.7907760025642858, 0.7239539218940038]
,[0.7907760025642857, 0.7239539218940039]
,[0.7907760025642858, 0.7239539218940039]
,[0.7907760025642858, 0.7239539218940038]
,[0.7907760025642858, 0.7239539218940039]
,[0.7907760025642857, 0.7239539218940038]
,[0.7907760025642858, 0.7239539218940038]
,[0.7907760025642857, 0.7239539218940038]
,[0.7907760025642857, 0.7239539218940038]
,[0.7907760025642858, 0.7239539218940038]
,[0.7907760025642858, 0.7239539218940039]
,[0.7907760025642858, 0.7239539218940038]
,[0.7907760025642858, 0.7239539218940038]
,[0.7907760025642858, 0.7239539218940038]
,[0.7907760025642858, 0.7239539218940038]
,[0.7907760025642857, 0.7239539218940039]
,[0.7907760025642858, 0.7239539218940039]
,[0.7907760025642858, 0.7239539218940036]
,[0.7907760025642857, 0.7239539218940036]
,[0.7907760025642858, 0.7239539218940038]
,[0.7907760025642858, 0.7239539218940038]
,[0.7907760025642858, 0.7239539218940039]
,[0.7907760025642857, 0.7239539218940036]
,[0.7907760025642858, 0.7239539218940038]
,[0.7907760025642857, 0.7239539218940039]
,[0.7907760025642858, 0.7239539218940038]
,[0.7907760025642857, 0.7239539218940038]
,[0.7907760025642858, 0.7239539218940038]
,[0.7907760025642857, 0.7239539218940038]
,[0.7907760025642858, 0.7239539218940038]
,[0.7907760025642858, 0.7239539218940039]
,[0.7907760025642858, 0.7239539218940036]
]}