{
"parameters":[1, 2, 3, 4, 40, 40]
,"current_iter":0,"domain":[[-2, -2]
,[2, 2]
],"result":[3.9387365914898806, 3.239004521995195, 3.1637587977533754, 0.33601776619359985, 2.452947699172327, 0.575234590844472, 2.1231500612128684, 1.4226036028601747, 2.1869977449940476, 1.1470235639044761, 0.6665148312068916, 6.968690192264114, 0.034038600165918934, 3.6426198714602798, 4.702036845759569, 3.358958375849135, 3.822390103911321, 0.0680469667482619, 1.2555283560829866, 3.3740524166746453, 2.690384495005363, 1.4123432423149438, 3.9556194192087606, 3.472686873140271, 1.8624811522432432, 1.3704217433893469, 2.0853885101025558, 4.311230765571084, 3.143708809392221, 6.290794486973468, 0.8837444880011813, 2.370989711258716, 2.4878610009821864, 3.0799307126855453, 4.608106903821183, 1.2762792619945438, 1.849504930662764, 0.11117662211857084, 2.823047837996577, 2.917193313940593]
,"population":[[0.9667366387741574, 1.733250375087663]
,[-2, -2]
,[-1.799982965479529, 0.07068405233504102]
,[-0.5384971576322564, -0.21456602111140688]
,[0.9658456169338381, -1.3155225011749083]
,[-0.35776685733627256, 1.591810347430147]
,[2, 0.8553895495200946]
,[-0.7147615422595623, 0.954840060202182]
,[1.8323651639539766, 0.12929707015239744]
,[1.0071184342651813, 0.3643295531077951]
,[0.75384466773711, 0.31342151829639553]
,[-1.7756384015583948, 2]
,[-2, 1.6455726898955636]
,[1.7353450492014384, 1.3047411467110521]
,[2, 2]
,[-1.7418109346403514, -0.9466310481554834]
,[-1.196419344233657, 1.617816848515587]
,[-0.049045096465104354, -0.2562060601566452]
,[-0.47481806575337426, 2]
,[-1.983512529118669, -1.1888604285035922]
,[-2, -1.468432462956393]
,[-0.4842533992993092, -1.8621468635764966]
,[1.7198091449440567, -2]
,[-1.4310695986811302, -2]
,[1.3329667633301208, 0.2927127603991069]
,[-1.795632629645222, 2]
,[0.32596435055586626, -1.4068175973697685]
,[-2, 1.1107369240232767]
,[-1.1172020261449236, 1.3767964418060856]
,[1.71207532504676, -2]
,[-0.4853424335208538, -1.5706062392949873]
,[-0.8402517644464008, 2]
,[-1.1104904440027838, -1.2842026109079088]
,[2, -0.0527554000478242]
,[-1.436790152943533, -2]
,[1.1297252780370064, 0.00024116125812403966]
,[-0.2850147992430252, 1.3946751761715885]
,[-0.3056483140216807, -0.2560416073177917]
,[0.4744928681934449, -1.611801587054106]
,[1.2643326098807808, 1.7193438933922414]
],"den":[[0.22009740848368875, 0.20758250013411952]
,[0.2154129865251564, 0.3727836663681027]
,[0.24324611303275712, 0.30386111821629014]
,[0.21368602123462122, 0.2682275777462097]
,[0.20583622200239993, 0.3765654588976679]
,[0.1844478565326384, 0.2665785700764324]
,[0.2127718314344541, 0.31829184991419773]
,[0.11117357044194981, 0.37599717154273593]
,[0.07403899169453153, 0.2661875073433184]
,[0.1503462038340645, 0.35068379015458756]
,[0.173905662319932, 0.34580984039118967]
,[0.19319206866545957, 0.20973207849714376]
,[0.076021236810624, 0.25197206030156205]
,[0.08561359692782015, 0.2081689615713508]
,[0.11751183708220772, 0.33649239470871883]
,[0.21419991399082794, 0.20704566089953913]
,[0.1556887648385663, 0.2639855215128148]
,[0.09150625860228036, 0.34409648215740457]
,[0.22639570485995497, 0.35251270742739227]
,[0.15464002999648968, 0.2799954899373691]
,[0.1157519681620095, 0.30984647556986894]
,[0.20362591002223984, 0.2858987269741359]
,[0.20358201559540368, 0.26390321527831145]
,[0.1567938767812201, 0.22518917724930543]
,[0.10312009770753088, 0.26139308857887256]
,[0.17587335015616157, 0.35462862636152653]
,[0.09229387830282157, 0.3666018234692562]
,[0.14077581450472987, 0.20789246493577054]
,[0.23403391919999528, 0.28033616993214444]
,[0.08974656122997504, 0.2820011019060531]
,[0.22360905933273112, 0.28721438763838664]
,[0.09845228338848562, 0.2302639033040705]
,[0.1584338914817896, 0.34057785655401734]
,[0.08537840587598139, 0.2682976030409957]
,[0.08690711247444971, 0.2759195937181125]
,[0.20662605618583196, 0.2665049301863822]
,[0.24227500039729077, 0.3626118209994122]
,[0.09189532121073793, 0.214137731152676]
,[0.10941541871903576, 0.3337663387114162]
,[0.0945955209107131, 0.2192608248741481]
],"vol":[[0.7180290340915483, 0.7531388613298744]
,[0.8125908043654017, 0.7641875389524573]
,[0.6507455102234266, 0.6095394063210126]
,[0.75223102822897, 0.652643463861924]
,[0.7089594049454018, 0.7308892326219676]
,[0.8234639067911398, 0.647671158240631]
,[0.7382821185494951, 0.5945049072891071]
,[0.7115160936172682, 0.6822945439179775]
,[0.8280772439683564, 0.6515615174105895]
,[0.7043948821880324, 0.7468003498242597]
,[0.8123108793628618, 0.7518943636995363]
,[0.7806392610644045, 0.6905033428972407]
,[0.7914458156587284, 0.7253485161687359]
,[0.6587634346832395, 0.685275460746483]
,[0.7719236863690584, 0.6996166044630482]
,[0.6694773860510159, 0.6535134868345243]
,[0.6718043472809903, 0.6396716621685259]
,[0.7739773120425413, 0.7009253270139295]
,[0.7862612617498964, 0.7559581990743099]
,[0.7955031331970273, 0.6629674935660388]
,[0.8292425401799106, 0.6152440509429926]
,[0.7612437006544113, 0.6630193437695376]
,[0.7744383530511063, 0.6754436575790155]
,[0.6985840158143203, 0.7180651539919496]
,[0.8268844358305218, 0.7109185144897169]
,[0.8143556748066186, 0.6030287342244498]
,[0.730926873118683, 0.5950199926406895]
,[0.8062458336381534, 0.6839222547685988]
,[0.7783164947020015, 0.6905434543194751]
,[0.7647114426584944, 0.7684155686207033]
,[0.7238018738950796, 0.5995116266107471]
,[0.8150652435599846, 0.6708290177142038]
,[0.6532109254559499, 0.7270676148734206]
,[0.8245677253497528, 0.6689841727406365]
,[0.668923632724309, 0.6969787336484643]
,[0.8060742593233379, 0.6876511385937447]
,[0.7130726440824263, 0.6604796590609255]
,[0.8288758378844578, 0.6213953106568508]
,[0.7972752151892644, 0.7751783296482719]
,[0.7367362382252429, 0.5967216549577009]
]}