{
"parameters":[1, 2, 3, 4, 40, 40]
,"current_iter":32,"domain":[[-2, -2]
,[2, 2]
],"result":[8.397147346250872E-09, 1.157533298930438E-09, 1.4668316467906214E-09, 2.0910776867120535E-08, 2.9261984259953216E-08, 9.492669042325076E-09, 2.7286574780373514E-05, 1.962288887429512E-09, 1.3215341450413018E-08, 4.5171768639072576E-07, 5.2053381149492E-07, 8.006273550451667E-10, 1.0462268109734237E-07, 2.7174066636210965E-09, 7.765663262790222E-09, 0.0010380105705646194, 1.3773923919373902E-06, 1.5127149139599515E-08, 2.432703321064412E-08, 2.626699846874571E-10, 8.964576615716986E-10, 2.4070155698821004E-08, 4.24792781958553E-10, 1.7839515526243097E-05, 8.537354563420678E-06, 6.318303428666506E-10, 5.22171585498199E-08, 9.781407325943326E-06, 1.1735394467301928E-08, 4.423014414830436E-08, 4.2794833945935076E-07, 7.371787151751986E-10, 7.428639088036349E-09, 1.1923220380259856E-06, 7.918329811761735E-11, 7.867017180988011E-08, 1.4358410852939325E-07, 1.7334165618430537E-09, 3.6898290280539417E-09, 3.6880605194864722E-09]
,"population":[[8.975639355180535E-05, 1.8464483822308915E-05]
,[-3.1321441695075935E-06, -3.387806033160484E-05]
,[3.8074766194311585E-05, 4.140510359741789E-06]
,[-0.00014429529228332806, 9.468130332302184E-06]
,[-0.00015719206911221672, -6.747323668072623E-05]
,[6.418901536262715E-07, 9.742821469859618E-05]
,[-0.0008581102925595185, 0.005152690705464178]
,[-4.329310677064195E-05, -9.380607313778145E-06]
,[-0.0001090278570826017, 3.644540890686778E-05]
,[0.0003705872106589819, -0.0005606984980243135]
,[-0.0007157113975102607, -9.105496674443231E-05]
,[-2.6354393753790195E-05, 1.029918855616068E-05]
,[-7.961213858083258E-05, 0.0003135037296236341]
,[-2.3533067263693598E-05, 4.651452900743561E-05]
,[-2.8559780884067514E-05, 8.336667306930434E-05]
,[-4.9772696430473244E-06, -0.0322181710497571]
,[0.0011730355518149971, -3.7148164362123755E-05]
,[-0.00012159945138921249, -1.8458671713914412E-05]
,[0.00015530348748516728, 1.4417350158354737E-05]
,[1.4754384136795582E-05, 6.706573896657815E-06]
,[-1.7961176186486624E-05, 2.395524601354961E-05]
,[2.5106603741055765E-05, 0.0001531006667111891]
,[-1.9822282846649925E-05, 5.645341859087111E-06]
,[0.004077900097641935, 0.0011001119578911021]
,[0.0029218658248649733, 7.393571992469575E-06]
,[-3.113526721680234E-06, 2.4942660127180376E-05]
,[-4.771185860523944E-05, 0.0002234742425834654]
,[0.003127429191407423, 2.437167774361524E-05]
,[-5.630405340827001E-05, 9.254862525775629E-05]
,[4.316137511592822E-06, -0.00021026534451802889]
,[0.0006515584069376046, -5.8480610532736416E-05]
,[-2.5093103012627808E-05, 1.0368939018667622E-05]
,[-4.45011001781884E-05, -7.381254074320426E-05]
,[-1.9603052301474212E-05, 0.0010917590202816972]
,[-8.891723640397938E-06, 3.472014118718442E-07]
,[0.00010035251091239435, -0.00026191514916754603]
,[3.4872333448253785E-05, 0.0003773168812672805]
,[3.9339409178431207E-05, 1.3631854141495802E-05]
,[4.7471465842560944E-05, 3.78984031169192E-05]
,[1.2357318898814498E-05, -5.945886972621893E-05]
],"den":[[0.07676797034303245, 0.25580736480773164]
,[0.07676797034303245, 0.25580736480773164]
,[0.07676797034303245, 0.25580736480773164]
,[0.07676797034303245, 0.25580736480773164]
,[0.07676797034303245, 0.25580736480773164]
,[0.07676797034303244, 0.25580736480773164]
,[0.07676797034303245, 0.25580736480773164]
,[0.07676797034303243, 0.25580736480773164]
,[0.07676797034303243, 0.25580736480773164]
,[0.07676797034303244, 0.25580736480773164]
,[0.07676797034303244, 0.25580736480773164]
,[0.07676797034303245, 0.25580736480773164]
,[0.07676797034303243, 0.25580736480773164]
,[0.07676797034303243, 0.25580736480773164]
,[0.07676797034303243, 0.25580736480773164]
,[0.07676797034303245, 0.25580736480773164]
,[0.07676797034303244, 0.25580736480773164]
,[0.07676797034303243, 0.25580736480773164]
,[0.07676797034303245, 0.25580736480773164]
,[0.07676797034303244, 0.25580736480773164]
,[0.07676797034303243, 0.25580736480773164]
,[0.07676797034303245, 0.25580736480773164]
,[0.07676797034303245, 0.25580736480773164]
,[0.07676797034303244, 0.25580736480773164]
,[0.07676797034303243, 0.25580736480773164]
,[0.07676797034303244, 0.25580736480773164]
,[0.07676797034303243, 0.25580736480773164]
,[0.07676797034303244, 0.25580736480773164]
,[0.07676797034303245, 0.25580736480773164]
,[0.07676797034303243, 0.25580736480773164]
,[0.07676797034303245, 0.25580736480773164]
,[0.07676797034303243, 0.25580736480773164]
,[0.07676797034303244, 0.25580736480773164]
,[0.07676797034303243, 0.25580736480773164]
,[0.07676797034303243, 0.25580736480773164]
,[0.07676797034303245, 0.25580736480773164]
,[0.07676797034303245, 0.25580736480773164]
,[0.07676797034303243, 0.25580736480773164]
,[0.07676797034303243, 0.25580736480773164]
,[0.07676797034303243, 0.25580736480773164]
],"vol":[[0.7907760025642858, 0.7239539218940038]
,[0.7907760025642858, 0.7239539218940038]
,[0.7907760025642858, 0.7239539218940038]
,[0.7907760025642858, 0.7239539218940038]
,[0.7907760025642858, 0.7239539218940038]
,[0.7907760025642858, 0.7239539218940038]
,[0.7907760025642858, 0.7239539218940038]
,[0.7907760025642858, 0.7239539218940038]
,[0.7907760025642858, 0.7239539218940038]
,[0.7907760025642858, 0.7239539218940038]
,[0.7907760025642858, 0.7239539218940038]
,[0.7907760025642858, 0.7239539218940038]
,[0.7907760025642858, 0.7239539218940038]
,[0.7907760025642858, 0.7239539218940038]
,[0.7907760025642858, 0.7239539218940038]
,[0.7907760025642858, 0.7239539218940038]
,[0.7907760025642858, 0.7239539218940038]
,[0.7907760025642858, 0.7239539218940038]
,[0.7907760025642858, 0.7239539218940038]
,[0.7907760025642858, 0.7239539218940038]
,[0.7907760025642858, 0.7239539218940038]
,[0.7907760025642858, 0.7239539218940038]
,[0.7907760025642858, 0.7239539218940038]
,[0.7907760025642858, 0.7239539218940038]
,[0.7907760025642858, 0.7239539218940038]
,[0.7907760025642858, 0.7239539218940038]
,[0.7907760025642858, 0.7239539218940038]
,[0.7907760025642858, 0.7239539218940038]
,[0.7907760025642858, 0.7239539218940038]
,[0.7907760025642858, 0.7239539218940038]
,[0.7907760025642858, 0.7239539218940038]
,[0.7907760025642858, 0.7239539218940038]
,[0.7907760025642858, 0.7239539218940038]
,[0.7907760025642858, 0.7239539218940038]
,[0.7907760025642858, 0.7239539218940038]
,[0.7907760025642858, 0.7239539218940038]
,[0.7907760025642858, 0.7239539218940038]
,[0.7907760025642858, 0.7239539218940038]
,[0.7907760025642858, 0.7239539218940038]
,[0.7907760025642858, 0.7239539218940038]
]}