{
"parameters":[1, 2, 3, 4, 40, 40]
,"current_iter":34,"domain":[[-2, -2]
,[2, 2]
],"result":[1.1845222670922245E-10, 6.266904853480146E-12, 3.273731847492294E-11, 3.3909451857821473E-12, 1.1089841448093214E-09, 1.340369507924091E-10, 1.405849821818286E-06, 2.5515398023212225E-11, 9.496588740074744E-11, 1.4215628957987509E-08, 1.1235295405967204E-08, 4.17259441251685E-12, 2.844728003610048E-10, 4.881425638076295E-11, 5.899318612014523E-11, 5.211371765649314E-08, 1.9234788772566074E-08, 1.4843576790550618E-09, 5.172376418655232E-12, 4.41492715813681E-11, 3.8174598698193156E-13, 3.8672260807646755E-11, 4.482071183176685E-12, 1.911850412088942E-08, 2.1520665196713725E-07, 3.070785119033015E-11, 3.924096777716716E-10, 1.2263425129539652E-08, 1.8395864440084492E-10, 1.1291893714098251E-09, 3.5868879653795524E-10, 4.210131452603531E-12, 6.377453696185343E-11, 3.45722005462295E-08, 4.84981604452232E-12, 3.263408852700565E-11, 1.3707158352092017E-08, 1.6610345538451003E-11, 7.36109880347917E-12, 1.7500530221224616E-10]
,"population":[[9.296529960559932E-06, 5.65921879782307E-06]
,[1.7462913106017684E-06, -1.7937032954189786E-06]
,[-5.3171217988703255E-06, -2.113181073855466E-06]
,[-1.8190303076634568E-06, -2.8648547185492174E-07]
,[-3.328371564170244E-05, -1.0855495804493746E-06]
,[3.377696478219845E-06, 1.1073758047448498E-05]
,[-0.00018658404810534976, 0.0011709125564323352]
,[-4.573595002811395E-06, -2.1442077262874652E-06]
,[-9.523636021065218E-06, 2.0654888862001887E-06]
,[0.00010596570324562722, -5.465252687339512E-05]
,[-0.00010570458924052026, -7.863537337616817E-06]
,[1.9051164528485268E-06, -7.369706327952949E-07]
,[-2.1371552549129445E-06, 1.6730372613226604E-05]
,[-1.782009187293384E-06, 6.755642059579898E-06]
,[-2.1286967312728214E-06, 7.379826308688683E-06]
,[-5.712331766087211E-07, -0.000228283576608461]
,[0.0001386572515927018, -2.992549636058129E-06]
,[-3.8519257766643745E-05, -7.90227917703023E-07]
,[2.174234238647712E-06, 6.671445826410015E-07]
,[-5.512882812128651E-06, -3.7090962081219465E-06]
,[-6.171542805825384E-07, -2.9437746866583586E-08]
,[6.130540057874588E-06, 1.043426761417304E-06]
,[-2.0632675446415286E-06, -4.743397752725383E-07]
,[0.00012985251450173393, 4.7506090119756244E-05]
,[0.00046390242775123236, 1.0906391015774042E-06]
,[2.8655661594905073E-06, 4.7430350806116725E-06]
,[-6.981208503526572E-06, 1.8538403534338114E-05]
,[0.00011059159648011871, 5.73793669521068E-06]
,[-1.356035612290591E-05, 2.745655127890905E-07]
,[-5.623075971401385E-07, -3.35987080343281E-05]
,[1.589366862971098E-05, -1.0299519116293553E-05]
,[-2.0439404496358076E-07, 2.04165485011227E-06]
,[-7.939302611774248E-06, -8.614006039747275E-07]
,[-2.1051240539523592E-06, 0.00018592409472402164]
,[-2.0159191523423394E-06, -8.865021239352243E-07]
,[5.5760656106146235E-06, -1.2416041370447396E-06]
,[6.909241779261293E-06, 0.00011687352450460167]
,[4.0692095407930365E-06, 2.2777017269591557E-07]
,[-1.0200479711654281E-08, 2.7131153225937195E-06]
,[-9.938613251151488E-07, -1.3191570864710788E-05]
],"den":[[0.07676797034303244, 0.25580736480773164]
,[0.07676797034303244, 0.25580736480773164]
,[0.07676797034303244, 0.25580736480773164]
,[0.07676797034303244, 0.25580736480773164]
,[0.07676797034303244, 0.25580736480773164]
,[0.07676797034303244, 0.25580736480773164]
,[0.07676797034303244, 0.25580736480773164]
,[0.07676797034303243, 0.25580736480773164]
,[0.07676797034303243, 0.25580736480773164]
,[0.07676797034303244, 0.25580736480773164]
,[0.07676797034303244, 0.25580736480773164]
,[0.07676797034303244, 0.25580736480773164]
,[0.07676797034303243, 0.25580736480773164]
,[0.07676797034303243, 0.25580736480773164]
,[0.07676797034303243, 0.25580736480773164]
,[0.07676797034303244, 0.25580736480773164]
,[0.07676797034303244, 0.25580736480773164]
,[0.07676797034303243, 0.25580736480773164]
,[0.07676797034303244, 0.25580736480773164]
,[0.07676797034303244, 0.25580736480773164]
,[0.07676797034303243, 0.25580736480773164]
,[0.07676797034303244, 0.25580736480773164]
,[0.07676797034303244, 0.25580736480773164]
,[0.07676797034303244, 0.25580736480773164]
,[0.07676797034303243, 0.25580736480773164]
,[0.07676797034303244, 0.25580736480773164]
,[0.07676797034303243, 0.25580736480773164]
,[0.07676797034303244, 0.25580736480773164]
,[0.07676797034303244, 0.25580736480773164]
,[0.07676797034303243, 0.25580736480773164]
,[0.07676797034303244, 0.25580736480773164]
,[0.07676797034303243, 0.25580736480773164]
,[0.07676797034303244, 0.25580736480773164]
,[0.07676797034303243, 0.25580736480773164]
,[0.07676797034303243, 0.25580736480773164]
,[0.07676797034303244, 0.25580736480773164]
,[0.07676797034303244, 0.25580736480773164]
,[0.07676797034303243, 0.25580736480773164]
,[0.07676797034303243, 0.25580736480773164]
,[0.07676797034303243, 0.25580736480773164]
],"vol":[[0.7907760025642858, 0.7239539218940038]
,[0.7907760025642858, 0.7239539218940038]
,[0.7907760025642858, 0.7239539218940038]
,[0.7907760025642858, 0.7239539218940038]
,[0.7907760025642858, 0.7239539218940038]
,[0.7907760025642858, 0.7239539218940038]
,[0.7907760025642858, 0.7239539218940038]
,[0.7907760025642858, 0.7239539218940038]
,[0.7907760025642858, 0.7239539218940038]
,[0.7907760025642858, 0.7239539218940038]
,[0.7907760025642858, 0.7239539218940038]
,[0.7907760025642858, 0.7239539218940038]
,[0.7907760025642858, 0.7239539218940038]
,[0.7907760025642858, 0.7239539218940038]
,[0.7907760025642858, 0.7239539218940038]
,[0.7907760025642858, 0.7239539218940038]
,[0.7907760025642858, 0.7239539218940038]
,[0.7907760025642858, 0.7239539218940038]
,[0.7907760025642858, 0.7239539218940038]
,[0.7907760025642858, 0.7239539218940038]
,[0.7907760025642858, 0.7239539218940038]
,[0.7907760025642858, 0.7239539218940038]
,[0.7907760025642858, 0.7239539218940038]
,[0.7907760025642858, 0.7239539218940038]
,[0.7907760025642858, 0.7239539218940038]
,[0.7907760025642858, 0.7239539218940038]
,[0.7907760025642858, 0.7239539218940038]
,[0.7907760025642858, 0.7239539218940038]
,[0.7907760025642858, 0.7239539218940038]
,[0.7907760025642858, 0.7239539218940038]
,[0.7907760025642858, 0.7239539218940038]
,[0.7907760025642858, 0.7239539218940038]
,[0.7907760025642858, 0.7239539218940038]
,[0.7907760025642858, 0.7239539218940038]
,[0.7907760025642858, 0.7239539218940038]
,[0.7907760025642858, 0.7239539218940038]
,[0.7907760025642858, 0.7239539218940038]
,[0.7907760025642858, 0.7239539218940038]
,[0.7907760025642858, 0.7239539218940038]
,[0.7907760025642858, 0.7239539218940038]
]}