{
"parameters":[1, 2, 3, 4, 40, 40]
,"current_iter":29,"domain":[[-2, -2]
,[2, 2]
],"result":[0.0014902716291421844, 1.6601892604964163E-07, 1.1358917694588608E-07, 2.0391655067415485E-05, 3.420793207047986E-06, 1.956102451231296E-05, 0.05949982336157349, 1.0801492010479456E-07, 1.5052746639401421E-07, 8.685972612765769E-05, 8.783636763490776E-05, 4.5471468295144836E-07, 1.7329789772140061E-07, 3.825507820105969E-07, 9.755954281930333E-07, 0.023770749175996485, 2.1341433184307734E-05, 1.923033940131327E-07, 3.4596856951121933E-06, 1.899166857621493E-08, 1.7397886951200136E-06, 7.112806516098551E-05, 7.335066206485603E-07, 0.014574174005101205, 0.0002949878669183185, 6.316024117040571E-07, 0.00012472112313459483, 0.0005922794958986456, 1.571946152181544E-06, 1.4733639243820783E-05, 8.057665179609057E-05, 6.491753420978788E-08, 5.610972002370668E-05, 9.89274658558752E-05, 8.393159102435586E-08, 3.6428965783637473E-06, 7.998784890780637E-06, 8.309594111581057E-08, 4.941913636576616E-07, 4.7007793770546294E-05]
,"population":[[-0.03786446100781355, -0.007520254100092075]
,[0.0003984782509952443, -8.505298074384417E-05]
,[-0.0002916760852384677, -0.00016886159494049617]
,[0.004503140206563243, 0.00033672443844935993]
,[-0.0019512988570806085, -0.0004805299887223481]
,[-0.003050125200095939, -0.003202773918972844]
,[0.21697176902086698, -0.11145884805401961]
,[-0.0003860594051673145, 5.785873410849763E-06]
,[-0.0002749128818170611, -0.0002737706591383613]
,[-0.0013083683448935385, 0.00922756188826378]
,[0.009371853844756807, 6.872515860165347E-05]
,[-0.0005149231427683489, 0.00043539503900827224]
,[-0.0003783892875562373, -0.00026531278063955617]
,[-0.0008030472010753718, 0.000433087848274208]
,[-0.0002422353459230674, 0.0009575580741545471]
,[-0.0005388728630120753, -0.1661333468315456]
,[-0.004619569561753318, 3.178440545285732E-05]
,[-0.00028857037998200196, -0.00033019771321160854]
,[-0.0017906819829513242, -0.000503133909655975]
,[4.1230476030382386E-05, -0.00013149797117264963]
,[0.0010725745211345214, -0.0007677060581583722]
,[-0.000858904443843572, -0.008389895608249919]
,[-0.0008715832423123784, 0.00012872025258395592]
,[0.13661232696633074, 0.01962519076120401]
,[0.01710002214139162, 0.0017144472478358573]
,[-0.00017926323111835406, 0.0007742526110211478]
,[0.005500053118380726, -0.009719595610393742]
,[0.02433679198307959, -7.202149578503356E-06]
,[-0.0012189944868034749, 0.000293255167600295]
,[-0.002405935933333724, 0.0029908379308338263]
,[-0.00865107966904316, 0.0023948846226819883]
,[-0.00023822327474870157, -9.037259306776879E-05]
,[0.007488053347784599, 0.0001969189793761609]
,[-0.005032289339069798, -0.008579249959277306]
,[-0.00027779702586972594, -8.222167258266325E-05]
,[-0.00022720693200348194, -0.002120132286808081]
,[-0.0002886891474397664, -0.002813439792661492]
,[-0.00028819886826511793, -6.111746601076802E-06]
,[-0.00029910488715844644, -0.0006361820731013996]
,[-0.0001284443523887549, 0.006855019753354889]
],"den":[[0.07676797034303269, 0.25580736480773136]
,[0.07676797034303268, 0.25580736480773186]
,[0.07676797034303276, 0.25580736480773164]
,[0.07676797034303266, 0.25580736480773153]
,[0.07676797034303265, 0.2558073648077319]
,[0.07676797034303258, 0.25580736480773153]
,[0.07676797034303266, 0.2558073648077317]
,[0.07676797034303233, 0.2558073648077319]
,[0.07676797034303222, 0.25580736480773153]
,[0.07676797034303247, 0.2558073648077318]
,[0.07676797034303254, 0.2558073648077318]
,[0.07676797034303261, 0.25580736480773136]
,[0.07676797034303222, 0.2558073648077315]
,[0.07676797034303225, 0.25580736480773136]
,[0.07676797034303236, 0.2558073648077318]
,[0.07676797034303266, 0.25580736480773136]
,[0.07676797034303248, 0.25580736480773153]
,[0.07676797034303227, 0.2558073648077318]
,[0.0767679703430327, 0.2558073648077318]
,[0.07676797034303248, 0.2558073648077316]
,[0.07676797034303234, 0.2558073648077317]
,[0.07676797034303263, 0.2558073648077316]
,[0.07676797034303263, 0.25580736480773153]
,[0.07676797034303248, 0.2558073648077314]
,[0.07676797034303232, 0.25580736480773153]
,[0.07676797034303255, 0.2558073648077318]
,[0.07676797034303227, 0.25580736480773186]
,[0.07676797034303243, 0.25580736480773136]
,[0.07676797034303273, 0.2558073648077316]
,[0.07676797034303226, 0.2558073648077316]
,[0.0767679703430327, 0.2558073648077316]
,[0.0767679703430323, 0.2558073648077314]
,[0.07676797034303248, 0.2558073648077318]
,[0.07676797034303225, 0.25580736480773153]
,[0.07676797034303226, 0.2558073648077316]
,[0.07676797034303265, 0.25580736480773153]
,[0.07676797034303276, 0.25580736480773186]
,[0.07676797034303227, 0.25580736480773136]
,[0.07676797034303233, 0.25580736480773175]
,[0.07676797034303229, 0.2558073648077314]
],"vol":[[0.7907760025642856, 0.7239539218940041]
,[0.7907760025642859, 0.7239539218940041]
,[0.7907760025642854, 0.7239539218940035]
,[0.7907760025642857, 0.7239539218940038]
,[0.7907760025642856, 0.723953921894004]
,[0.7907760025642859, 0.7239539218940038]
,[0.7907760025642857, 0.7239539218940035]
,[0.7907760025642856, 0.7239539218940039]
,[0.7907760025642859, 0.7239539218940038]
,[0.7907760025642856, 0.7239539218940041]
,[0.7907760025642859, 0.7239539218940041]
,[0.7907760025642858, 0.7239539218940039]
,[0.7907760025642858, 0.723953921894004]
,[0.7907760025642855, 0.7239539218940039]
,[0.7907760025642857, 0.7239539218940039]
,[0.7907760025642855, 0.7239539218940038]
,[0.7907760025642855, 0.7239539218940038]
,[0.7907760025642858, 0.7239539218940039]
,[0.7907760025642858, 0.7239539218940041]
,[0.7907760025642858, 0.7239539218940038]
,[0.7907760025642859, 0.7239539218940036]
,[0.7907760025642857, 0.7239539218940038]
,[0.7907760025642858, 0.7239539218940039]
,[0.7907760025642856, 0.723953921894004]
,[0.7907760025642859, 0.723953921894004]
,[0.7907760025642859, 0.7239539218940035]
,[0.7907760025642856, 0.7239539218940035]
,[0.7907760025642858, 0.7239539218940039]
,[0.7907760025642858, 0.7239539218940039]
,[0.7907760025642857, 0.7239539218940041]
,[0.7907760025642856, 0.7239539218940035]
,[0.7907760025642859, 0.7239539218940039]
,[0.7907760025642854, 0.723953921894004]
,[0.7907760025642859, 0.7239539218940039]
,[0.7907760025642855, 0.7239539218940039]
,[0.7907760025642858, 0.7239539218940039]
,[0.7907760025642856, 0.7239539218940038]
,[0.7907760025642859, 0.7239539218940036]
,[0.7907760025642858, 0.7239539218940041]
,[0.7907760025642857, 0.7239539218940035]
]}