{
"parameters":[1, 2, 3, 4, 40, 40]
,"current_iter":36,"domain":[[-2, -2]
,[2, 2]
],"result":[2.874485177096561E-12, 1.0583020011750323E-13, 2.6026751750551603E-15, 3.3192914725719186E-14, 1.4697669043271762E-12, 7.57167863618038E-15, 2.865457541045724E-09, 8.917464602777565E-14, 1.712939607981585E-14, 3.135524712127272E-10, 5.343207625517216E-13, 1.9285697597034586E-13, 3.1685415323330344E-14, 9.818849951777191E-15, 6.182291384792413E-14, 2.2260353917342105E-10, 5.576443823825406E-12, 3.3057881018784573E-14, 2.2899597742992073E-13, 1.498632475792158E-15, 2.425866218474436E-14, 1.2261066128955524E-13, 2.9772143169786526E-15, 9.96123058525835E-12, 2.1652145104807854E-10, 3.845632802040384E-13, 1.0516456261724944E-12, 1.3048639881001353E-12, 1.923463189944547E-13, 6.5057200989180485E-12, 3.93189716653627E-13, 1.0912897390442109E-13, 8.981318538665824E-15, 9.157717110045121E-12, 2.092199268984785E-15, 2.1604379311927827E-13, 3.985226072743924E-12, 4.580774341175708E-13, 1.5745167943136995E-13, 1.2235878965850912E-14]
,"population":[[1.690506332872747E-06, 1.2912596800682045E-07]
,[3.248335646281513E-07, 1.770184760051564E-08]
,[2.920241362209267E-08, 4.183173691946555E-08]
,[1.7307029021490573E-07, 5.6917390757548745E-08]
,[-1.2092782071219434E-06, -8.609948958683955E-08]
,[5.555747901124973E-08, 6.697047978098205E-08]
,[-5.231038489627992E-06, 5.3273762560624105E-05]
,[-1.2920877370983314E-07, -2.692206136687471E-07]
,[-6.539808312538266E-08, 1.1336880877622993E-07]
,[1.7379073785366652E-05, -3.39415167243728E-06]
,[-7.298439965710593E-07, -4.060176376594038E-08]
,[4.382865653455054E-07, 2.7601858777732797E-08]
,[6.621268029685157E-08, 1.6523103912775368E-07]
,[3.1732654467310683E-08, 9.387166021880863E-08]
,[1.420292333838614E-07, 2.0408481254693293E-07]
,[1.3684140787001387E-07, -1.4919276577720288E-05]
,[2.357527521655299E-06, -1.3604340654081385E-07]
,[-1.7877243696156303E-07, -3.314056127479655E-08]
,[4.729622994466375E-07, 7.281923325653688E-08]
,[-1.637492072372941E-08, 3.507840428360069E-08]
,[1.418861148045779E-07, 6.424167347140407E-08]
,[3.256111052051792E-07, 1.2879467945772044E-07]
,[3.1602433209562704E-08, 4.4480338715142235E-08]
,[4.963257542245739E-07, 3.1168720427620635E-06]
,[1.4713881530435809E-05, 1.5212283319245565E-07]
,[5.752212318200803E-07, 2.316976794606019E-07]
,[-9.929685267948867E-07, 2.562403773164697E-07]
,[1.083167262019564E-06, 3.6278460632884715E-07]
,[-4.331362325312611E-07, 6.884274154244591E-08]
,[1.628650453427157E-07, -2.5454263053413202E-06]
,[6.269819187087982E-07, -9.131827082298892E-09]
,[3.2353284101608947E-07, 6.67493422325559E-08]
,[3.317981358077345E-08, -8.877172133855999E-08]
,[2.1151557392612342E-07, 3.018770987013063E-06]
,[2.1727721040814602E-08, 4.025053300712088E-08]
,[4.6411065176346237E-07, 2.5398740893446496E-08]
,[4.6937280560551647E-07, 1.940338950313045E-06]
,[6.727261488884528E-07, 7.427625945941313E-08]
,[8.100612830786298E-08, 3.8844521699712043E-07]
,[6.428056540761396E-08, -9.002159672394384E-08]
],"den":[[0.07676797034303244, 0.25580736480773164]
,[0.07676797034303244, 0.25580736480773164]
,[0.07676797034303244, 0.25580736480773164]
,[0.07676797034303244, 0.25580736480773164]
,[0.07676797034303244, 0.25580736480773164]
,[0.07676797034303244, 0.25580736480773164]
,[0.07676797034303244, 0.25580736480773164]
,[0.07676797034303244, 0.25580736480773164]
,[0.07676797034303244, 0.25580736480773164]
,[0.07676797034303244, 0.25580736480773164]
,[0.07676797034303244, 0.25580736480773164]
,[0.07676797034303244, 0.25580736480773164]
,[0.07676797034303244, 0.25580736480773164]
,[0.07676797034303244, 0.25580736480773164]
,[0.07676797034303244, 0.25580736480773164]
,[0.07676797034303244, 0.25580736480773164]
,[0.07676797034303244, 0.25580736480773164]
,[0.07676797034303244, 0.25580736480773164]
,[0.07676797034303244, 0.25580736480773164]
,[0.07676797034303244, 0.25580736480773164]
,[0.07676797034303244, 0.25580736480773164]
,[0.07676797034303244, 0.25580736480773164]
,[0.07676797034303244, 0.25580736480773164]
,[0.07676797034303244, 0.25580736480773164]
,[0.07676797034303244, 0.25580736480773164]
,[0.07676797034303244, 0.25580736480773164]
,[0.07676797034303244, 0.25580736480773164]
,[0.07676797034303244, 0.25580736480773164]
,[0.07676797034303244, 0.25580736480773164]
,[0.07676797034303244, 0.25580736480773164]
,[0.07676797034303244, 0.25580736480773164]
,[0.07676797034303244, 0.25580736480773164]
,[0.07676797034303244, 0.25580736480773164]
,[0.07676797034303244, 0.25580736480773164]
,[0.07676797034303244, 0.25580736480773164]
,[0.07676797034303244, 0.25580736480773164]
,[0.07676797034303244, 0.25580736480773164]
,[0.07676797034303244, 0.25580736480773164]
,[0.07676797034303244, 0.25580736480773164]
,[0.07676797034303244, 0.25580736480773164]
],"vol":[[0.7907760025642858, 0.7239539218940038]
,[0.7907760025642858, 0.7239539218940038]
,[0.7907760025642858, 0.7239539218940038]
,[0.7907760025642858, 0.7239539218940038]
,[0.7907760025642858, 0.7239539218940038]
,[0.7907760025642858, 0.7239539218940038]
,[0.7907760025642858, 0.7239539218940038]
,[0.7907760025642858, 0.7239539218940038]
,[0.7907760025642858, 0.7239539218940038]
,[0.7907760025642858, 0.7239539218940038]
,[0.7907760025642858, 0.7239539218940038]
,[0.7907760025642858, 0.7239539218940038]
,[0.7907760025642858, 0.7239539218940038]
,[0.7907760025642858, 0.7239539218940038]
,[0.7907760025642858, 0.7239539218940038]
,[0.7907760025642858, 0.7239539218940038]
,[0.7907760025642858, 0.7239539218940038]
,[0.7907760025642858, 0.7239539218940038]
,[0.7907760025642858, 0.7239539218940038]
,[0.7907760025642858, 0.7239539218940038]
,[0.7907760025642858, 0.7239539218940038]
,[0.7907760025642858, 0.7239539218940038]
,[0.7907760025642858, 0.7239539218940038]
,[0.7907760025642858, 0.7239539218940038]
,[0.7907760025642858, 0.7239539218940038]
,[0.7907760025642858, 0.7239539218940038]
,[0.7907760025642858, 0.7239539218940038]
,[0.7907760025642858, 0.7239539218940038]
,[0.7907760025642858, 0.7239539218940038]
,[0.7907760025642858, 0.7239539218940038]
,[0.7907760025642858, 0.7239539218940038]
,[0.7907760025642858, 0.7239539218940038]
,[0.7907760025642858, 0.7239539218940038]
,[0.7907760025642858, 0.7239539218940038]
,[0.7907760025642858, 0.7239539218940038]
,[0.7907760025642858, 0.7239539218940038]
,[0.7907760025642858, 0.7239539218940038]
,[0.7907760025642858, 0.7239539218940038]
,[0.7907760025642858, 0.7239539218940038]
,[0.7907760025642858, 0.7239539218940038]
]}