{
"parameters":[1, 2, 3, 4, 40, 40]
,"current_iter":13,"domain":[[-2, -2]
,[2, 2]
],"result":[0.28215892000748677, 0.14583855940659288, 0.0011421595220478238, 0.013053156237704321, 0.36214085139120133, 0.033393624951141905, 1.3236677743015837, 0.7020155505337708, 0.02323764863873154, 0.2989943685921762, 0.009949811854145394, 0.029778049059876962, 0.011928488871672848, 0.010275655386520253, 0.327897971140247, 0.5650016370022665, 0.027811607557209392, 0.0024717541730065766, 0.1088317692446947, 0.00036081881589392073, 1.5601282993122993, 0.12330166024731017, 0.7365642897194598, 0.740605862449864, 0.007495708254757721, 0.00026250902651278184, 0.12525616636683284, 1.843958889789236, 1.3272355145353392, 0.15703867219269935, 0.07677658469655053, 0.062115428865430714, 0.012591865186321964, 0.3558157177023732, 0.00011339733161072668, 0.19581787526764688, 0.046516599214443274, 8.118301275959979E-05, 0.06985219488975569, 0.021243490421255083]
,"population":[[0.7825174853691694, 0.6759463161528066]
,[0.36007898950821526, -0.8481875417771961]
,[-0.06810773846811696, -0.008830088701883244]
,[0.04538808770043802, 0.10484787900859831]
,[-0.025127044030715848, -0.6994417901659168]
,[-0.058669999703344924, -0.5689914379011727]
,[-1.5463068319946387, 2]
,[-1.1030861592752708, 0.2715139159166274]
,[0.04342250232045713, -0.14612369736275302]
,[-0.5793056944915201, 0.0766665386759275]
,[-0.07894262508592997, -0.07479119635499483]
,[0.2394540003340153, -0.01876121919548289]
,[-0.10386376185234793, -0.13952444994718946]
,[0.18772503060999624, 0.03015899573343477]
,[1.1896395604607792, 0.4794589748099009]
,[0.08306824624852345, 1.13819366978333]
,[-0.04158816787474448, -0.16149932461168828]
,[-0.04296041194387057, 0.06623863893248942]
,[-0.02183024477992724, 0.4405172918176248]
,[-0.01692174917658687, -0.008629786828108926]
,[2, -0.8720873920184512]
,[0.1773240998195329, 0.7523939873119586]
,[-0.14889834488326803, 2]
,[1.267759774512381, 0.3640769589010442]
,[0.04150050402922158, 0.07598300086255007]
,[0.015443767793595471, -0.004898883837190379]
,[-0.9371543709843031, 0.018532611363235144]
,[-1.3442452579525361, -0.19225913830389352]
,[-2, -0.30131991140531156]
,[-1.0022201208818964, 0.04663898183840513]
,[0.06256406129182494, -0.43467923330891367]
,[-0.29453053991286104, -0.565174341431121]
,[0.03884057741819836, 0.12466724011010492]
,[0.8071694155648741, 0.014640919912169627]
,[0.0028319996768619293, -0.010265335330177023]
,[-0.7041087597680133, 0.5782861496440226]
,[-0.29226613359713416, 0.12153469875306704]
,[-0.0008818438082550777, -0.008966903827823848]
,[0.0019268219977097226, -0.2642886343502967]
,[-0.4493857785597407, -0.21767239413771114]
],"den":[[0.07676857424124107, 0.2558072793077125]
,[0.07676855233683377, 0.25580805179013677]
,[0.0767686824848317, 0.25580772950756275]
,[0.07676854426152557, 0.25580756288474554]
,[0.07676850755578021, 0.25580806947383916]
,[0.07676840754355399, 0.25580755517396797]
,[0.07676853998676426, 0.25580779698581885]
,[0.07676806491220677, 0.2558080668165214]
,[0.07676789127051847, 0.25580755334535443]
,[0.07676824808386043, 0.2558079484508787]
,[0.07676835824814085, 0.2558079256602373]
,[0.07676844843158366, 0.255807289359164]
,[0.07676790053951787, 0.2558074868737717]
,[0.07676794539349661, 0.2558072820500125]
,[0.07676809455000952, 0.2558078820917614]
,[0.0767685466644936, 0.2558072767974465]
,[0.07676827306573294, 0.2558075430488451]
,[0.07676797294764577, 0.25580791764855587]
,[0.07676860369214245, 0.2558079570029154]
,[0.07676826816183759, 0.2558076179116291]
,[0.07676808632084357, 0.2558077574951579]
,[0.0767684972203377, 0.2558076455152287]
,[0.07676849701508688, 0.25580754266398026]
,[0.07676827823324824, 0.25580736163672346]
,[0.07676802725408192, 0.2558075309266009]
,[0.07676836744907027, 0.25580796689697505]
,[0.07676797663056394, 0.2558080228837731]
,[0.07676820333261733, 0.2558072807571113]
,[0.07676863940851457, 0.2558076195046524]
,[0.07676796471928199, 0.25580762728989215]
,[0.07676859066175809, 0.25580765166727215]
,[0.07676800542733213, 0.2558073853661969]
,[0.07676828590197456, 0.2558079011954248]
,[0.07676794429374073, 0.25580756321218456]
,[0.07676795144198918, 0.25580759885269466]
,[0.07676851124905332, 0.2558075548296271]
,[0.07676867794389859, 0.25580800422647876]
,[0.07676797476690671, 0.25580730996004303]
,[0.07676805669107045, 0.25580786934469435]
,[0.07676798739306945, 0.2558073339156842]
],"vol":[[0.7907756263431226, 0.7239544707943384]
,[0.7907760685149741, 0.7239545224580733]
,[0.7907753117246438, 0.7239537993217474]
,[0.7907757862720138, 0.7239540008767825]
,[0.7907755839334395, 0.723954366754836]
,[0.7907761193577175, 0.7239539776262282]
,[0.7907757210467626, 0.7239537290202688]
,[0.7907755958885431, 0.7239541395255507]
,[0.7907761409297316, 0.7239539958175893]
,[0.7907755625896822, 0.7239544411553906]
,[0.7907760672060418, 0.7239544649750541]
,[0.7907759191092151, 0.7239541779099827]
,[0.7907759696407802, 0.7239543408463865]
,[0.7907753492165445, 0.7239541534643498]
,[0.7907758783550943, 0.7239542205236915]
,[0.7907753993150959, 0.7239540049450193]
,[0.7907754101959915, 0.7239539402204987]
,[0.79077588795787, 0.7239542266432921]
,[0.7907759453977505, 0.7239544839775919]
,[0.7907759886128405, 0.7239540491520561]
,[0.7907761463786692, 0.7239538259967268]
,[0.7907758284153666, 0.7239540493945081]
,[0.7907758901137028, 0.7239541074907327]
,[0.7907755354180086, 0.7239543067893068]
,[0.790776135352148, 0.7239542733715439]
,[0.7907760767675271, 0.7239537688777749]
,[0.7907756866535561, 0.7239537314288134]
,[0.7907760388458229, 0.7239541471367441]
,[0.7907759082479346, 0.7239541780975441]
,[0.7907758446305655, 0.7239545422283854]
,[0.7907756533369834, 0.723953752431742]
,[0.7907760800854783, 0.7239540859126273]
,[0.7907753232529517, 0.7239543488849105]
,[0.790776124519185, 0.7239540772861124]
,[0.7907753967257394, 0.7239542081889793]
,[0.7907760380435396, 0.7239541645730448]
,[0.7907756031669898, 0.7239540375189153]
,[0.7907761446639654, 0.7239538547600831]
,[0.7907759968991148, 0.7239545738511285]
,[0.7907757138182097, 0.7239537393858047]
]}