{
"parameters":[1, 2, 3, 4, 40, 40]
,"current_iter":1,"domain":[[-2, -2]
,[2, 2]
],"result":[3.728451520900026, 0.9155694130836265, 3.1637587977533754, 0.33601776619359985, 2.452947699172327, 0.575234590844472, 2.1231500612128684, 1.4226036028601747, 2.1869977449940476, 0.2989943685921762, 0.4498353403590399, 1.1590128631145027, 0.034038600165918934, 0.37203627171842313, 4.702036845759569, 0.8635507419330022, 1.2769159699394146, 0.0680469667482619, 1.2555283560829866, 0.9771602349483117, 2.690384495005363, 1.4123432423149438, 2.5757088713999816, 0.740605862449864, 1.8624811522432432, 1.3704217433893469, 2.0853885101025558, 2.057338934314543, 2.9852931149934667, 4.104338339039566, 0.8837444880011813, 2.370989711258716, 1.7729922907513536, 3.0799307126855453, 0.6694979677949034, 1.2762792619945438, 1.849504930662764, 0.11117662211857084, 2.823047837996577, 2.054239045995912]
,"population":[[1.556259057604407, 1.1430263630049258]
,[0.5357328353979198, -0.7928175970298161]
,[-1.8869047816404811, -0.15181323773800848]
,[2, 0.5516836529265721]
,[-2, 0.6731752224103331]
,[-1.7224491107906315, -2]
,[1.105764582355663, 1.0411761530107733]
,[-0.49484597630734956, 1.3980917030788622]
,[-2, 1.2939416166297275]
,[0.3595276098091812, -0.4119881871814693]
,[-0.5775038292308234, 0.3410640227036206]
,[0.7914436409828235, 0.7298149260342339]
,[-1.213487686016506, -2]
,[-0.25899876438643266, 0.5522281338040685]
,[2, 1.192214665660194]
,[0.5826373484410201, 0.7239367804819835]
,[-1.1128103130049714, 0.19639036944105048]
,[0.7322995130604651, 0.14215182870471543]
,[-0.5409177394122253, -2]
,[0.7132021970125746, -0.6844726883702142]
,[2, -2]
,[-0.8945953352991564, -1.9004432622601546]
,[-0.5144245727029308, -1.5202224279359218]
,[-0.43183672703148956, -0.744394319992163]
,[-2, -2]
,[2, 1.8763840497755693]
,[-2, -0.0005857121413039845]
,[0.9982795448769595, 1.0299402335061942]
,[-0.9984470679818725, -1.4101051618343465]
,[-2, 0.32301445639408444]
,[-0.9545435586776676, 0.4523258875799535]
,[-1.5943901608930535, -2]
,[-1.2349467369064575, -0.49789441426415537]
,[-0.5955105748826759, -2]
,[-0.20684955466574584, 0.7916509518275627]
,[0.19840429461089726, 2]
,[-1.6839820028839432, 1.6735818468335708]
,[-0.7129471967551091, -0.23311467144936532]
,[1.0159174961543695, 2]
,[-0.43948325807449207, -1.3642190116942885]
],"den":[[0.1294215305803147, 0.2355195440684982]
,[0.1276852996281594, 0.29674959137991946]
,[0.1380013506085222, 0.27120418525256806]
,[0.1270452183935337, 0.2579969941739881]
,[0.1241357741727023, 0.29815127237761463]
,[0.11620840501737445, 0.2573858070986235]
,[0.12670638371099538, 0.2765527817833566]
,[0.08905007371547016, 0.2979406427408984]
,[0.07528653883597854, 0.2572408638745764]
,[0.10356899177513422, 0.2885585083689587]
,[0.11230105336166066, 0.2867520309607807]
,[0.11944935382420925, 0.2363162623233873]
,[0.076021236810624, 0.25197206030156205]
,[0.07957654260654211, 0.23573690973465297]
,[0.09139928452979165, 0.28329861926300104]
,[0.12723568725336587, 0.2353205703416092]
,[0.10554915493334385, 0.25642472135176964]
,[0.08176059470098293, 0.2861169930363663]
,[0.13175592684331638, 0.2892363770165922]
,[0.10516045256845535, 0.2623586451032605]
,[0.09074700791636256, 0.273422594010145]
,[0.12331654565147918, 0.2645466168427567]
,[0.12330027665112551, 0.2563942154252829]
,[0.10595875286824748, 0.2420452708374778]
,[0.0860651400870278, 0.2554638637814778]
,[0.11303035583604998, 0.29002061976376914]
,[0.0820525175283269, 0.2944583573541739]
,[0.10002182921700854, 0.2356344292106714]
,[0.1345869493843621, 0.26248491450361455]
,[0.0811083816699476, 0.2631020037521755]
,[0.13072308645022612, 0.2650342524118891]
,[0.08433506457901799, 0.24392616383302523]
,[0.106566606795653, 0.28481285204827284]
,[0.07948937155587947, 0.258022948301374]
,[0.08005597032441916, 0.26084795771508523]
,[0.12442851777447098, 0.25735851326012005]
,[0.1376414180852245, 0.2929795055665588]
,[0.08190479660019484, 0.23794917041166225]
,[0.0883984335628685, 0.2822882357318581]
,[0.08290559677097326, 0.23984799036613091]
],"vol":[[0.7642346699308359, 0.7356487107000939]
,[0.7992829798169724, 0.7397437850205815]
,[0.7392967506434551, 0.6824251068689109]
,[0.7769112736553712, 0.6984011652873249]
,[0.760873108784657, 0.7274021235269916]
,[0.8033129790665353, 0.6965582333312187]
,[0.7717412593080917, 0.6768527304262213]
,[0.76182071812609, 0.7093910213280229]
,[0.8050228632039416, 0.6980001533942866]
,[0.7591813171904503, 0.7332994091290439]
,[0.7991792286054047, 0.7351874509491995]
,[0.7874404816519047, 0.7124335249696638]
,[0.7914458156587284, 0.7253485161687359]
,[0.7422685086837004, 0.7104958663034046]
,[0.7842101470053173, 0.7158112580060362]
,[0.7462395202939458, 0.6987236300070889]
,[0.7471019836133717, 0.6935933055759946]
,[0.784971301420954, 0.7162963220375727]
,[0.7895242161424346, 0.7366936681142211]
,[0.792949617057295, 0.7022276565987248]
,[0.8054547677951248, 0.6845394724515603]
,[0.7802517244015269, 0.7022468743227016]
,[0.7851421813451729, 0.7068518134990316]
,[0.7570275816503585, 0.7226490157908801]
,[0.8045807616112106, 0.7200001902116491]
,[0.7999371101907324, 0.6800119958141314]
,[0.7690151161701076, 0.6770436413087882]
,[0.796931284204432, 0.7099943149648953]
,[0.7865795731153277, 0.7124483918397783]
,[0.7815370059271614, 0.7413108590462826]
,[0.7663743113289531, 0.6787084174526968]
,[0.8002001042683757, 0.7051414465343857]
,[0.7402105304597302, 0.72598568173736]
,[0.8037220976224623, 0.7044576744546307]
,[0.7460342775395146, 0.7148335593707273]
,[0.7968676920176875, 0.711376385916556]
,[0.7623976369263439, 0.7013055673185843]
,[0.8053188535070381, 0.6868193711465304]
,[0.793606420315395, 0.7438174041701068]
,[0.7711682952815685, 0.6776743442666058]
]}