{
"parameters":[1, 2, 3, 4, 40, 40]
,"current_iter":19,"domain":[[-2, -2]
,[2, 2]
],"result":[0.2605076119253517, 0.0006526656839436274, 0.00024612113932460944, 0.005306242890623613, 6.0725040756529715E-05, 0.0033800221125910353, 1.3236677743015837, 0.019910701842418364, 0.00028513848561886125, 0.08754670659951161, 0.009011060851668059, 0.01035192911939441, 0.005051280845273307, 0.0002973493319376921, 0.31682681181769123, 0.02865642122822652, 0.01580057903051113, 0.0001298984059616911, 0.0036609326680518595, 4.22873914563882E-05, 1.5058201605952437, 0.12330166024731017, 0.0018416236365276378, 0.740605862449864, 0.005051978595249242, 6.693937004035027E-05, 0.10683783280132454, 0.09758989405602747, 0.10369787233647183, 0.03817782688376999, 0.0026977432188325153, 0.0013848501331718654, 0.012591865186321964, 0.03300567152186266, 1.547340869379394E-05, 0.003378981321342263, 0.02049059458802627, 1.5230934104433042E-05, 3.953450601064735E-05, 0.01149935878592807]
,"population":[[-0.47872044527398955, -0.2756175636980701]
,[0.0034736517266016707, -0.025310065737289278]
,[0.011799561983626177, 0.010338833411907423]
,[0.07259454478029302, 0.006022869645413567]
,[0.007247673299599424, -0.00286291328873288]
,[-0.08979180290069427, -0.07768642265279471]
,[-1.7712801241285063, 1.2824187668521942]
,[-0.14110524210161068, 0.00011177595536897403]
,[-0.03956149877223185, 0.02705673826466659]
,[0.5639501587227248, -0.23917671532150148]
,[0.12899784299632142, 0.10499113760098112]
,[-0.11405850626752007, 0.11760521607638566]
,[0.07073793846906602, 0.006886574360299664]
,[0.005813375349965657, 0.029450821434930847]
,[0.4601829446139537, 0.324127242459072]
,[-0.014447623301628122, -0.29175331323261844]
,[-0.012153021196034168, -0.12511148271169947]
,[-0.0024729588555429437, 0.011125775499284661]
,[0.004926222758178709, 0.07432824898048132]
,[-0.006039829637108966, 0.0047786119464664125]
,[-0.010375973829594192, 2]
,[0.11131144067421181, 0.7116881495033291]
,[-0.06258651860317564, 0.013819351954941446]
,[1.012941361928774, 0.6285598414174661]
,[-0.054586652946480844, -0.04552225736219257]
,[0.00784834320912816, -0.002311466831274499]
,[-0.0797962102162914, 0.31697065737453045]
,[0.18761387358696027, 0.2497817617315635]
,[0.3116025477903805, 0.08125099720628347]
,[0.05317808045917583, -0.18801574041140123]
,[0.030474341985064147, -0.04206016761033974]
,[-0.03697389848068012, -0.004216748073127648]
,[0.06540990901290505, 0.15888149690945194]
,[0.1328835960218627, 0.12388551743509431]
,[-0.003980881206948174, 0.0006192371641585604]
,[-0.05085024876347828, 0.028164401680750094]
,[0.20178995291789856, -0.022735407847804256]
,[-0.003901575313217806, -9.297408091732406E-05]
,[-0.004660269520894758, 0.004220947050516826]
,[-0.04198887436245743, -0.22771698281673103]
],"den":[[0.07676797047578282, 0.25580736479050403]
,[0.0767679704707989, 0.25580736496626694]
,[0.07676797050041148, 0.255807364892938]
,[0.07676797046896154, 0.2558073648550263]
,[0.07676797046060987, 0.25580736497029055]
,[0.07676797043785409, 0.2558073648532719]
,[0.0767679704679889, 0.2558073649082913]
,[0.07676797035989517, 0.2558073649696859]
,[0.07676797032038647, 0.2558073648528558]
,[0.07676797040157222, 0.2558073649427542]
,[0.07676797042663791, 0.2558073649375686]
,[0.07676797044715734, 0.25580736479279104]
,[0.07676797032249545, 0.25580736483773153]
,[0.07676797033270108, 0.255807364791128]
,[0.07676797036663867, 0.2558073649276555]
,[0.07676797046950828, 0.2558073647899329]
,[0.07676797040725636, 0.25580736485051303]
,[0.07676797033897048, 0.25580736493574574]
,[0.07676797048248378, 0.2558073649447]
,[0.07676797040614057, 0.25580736486754657]
,[0.07676797036476628, 0.255807364899306]
,[0.07676797045825826, 0.2558073648738272]
,[0.07676797045821156, 0.2558073648504255]
,[0.07676797040843213, 0.2558073648092363]
,[0.07676797035132682, 0.25580736484775485]
,[0.0767679704287314, 0.2558073649469512]
,[0.07676797033980845, 0.2558073649596899]
,[0.07676797039138998, 0.2558073647908338]
,[0.07676797049061033, 0.25580736486790906]
,[0.07676797033709828, 0.2558073648696804]
,[0.07676797047951898, 0.255807364875227]
,[0.07676797034636058, 0.2558073648146355]
,[0.07676797041017698, 0.2558073649320021]
,[0.07676797033245085, 0.2558073648551008]
,[0.0767679703340773, 0.2558073648632101]
,[0.0767679704614502, 0.2558073648531935]
,[0.0767679704993783, 0.2558073649554448]
,[0.07676797033938441, 0.25580736479747834]
,[0.07676797035802461, 0.25580736492475514]
,[0.07676797034225724, 0.255807364802929]
],"vol":[[0.7907760025728322, 0.7239539219879172]
,[0.7907760026734396, 0.7239539219996722]
,[0.790776002501247, 0.723953921835137]
,[0.7907760026092209, 0.7239539218809968]
,[0.7907760025631827, 0.723953921964245]
,[0.7907760026850078, 0.7239539218757066]
,[0.7907760025943802, 0.7239539218191413]
,[0.7907760025659029, 0.7239539219125436]
,[0.7907760026899161, 0.7239539218798456]
,[0.7907760025583264, 0.7239539219811734]
,[0.7907760026731417, 0.723953921986593]
,[0.7907760026394453, 0.7239539219212772]
,[0.7907760026509427, 0.7239539219583501]
,[0.7907760025097776, 0.7239539219157151]
,[0.7907760026301726, 0.7239539219309731]
,[0.7907760025211765, 0.7239539218819224]
,[0.7907760025236522, 0.7239539218671956]
,[0.7907760026323574, 0.7239539219323654]
,[0.7907760026454267, 0.7239539219909168]
,[0.7907760026552595, 0.7239539218919809]
,[0.7907760026911559, 0.7239539218412063]
,[0.7907760026188098, 0.723953921892036]
,[0.7907760026328479, 0.7239539219052546]
,[0.790776002552144, 0.723953921950601]
,[0.790776002688647, 0.7239539219429976]
,[0.7907760026753173, 0.7239539218282101]
,[0.7907760025865547, 0.7239539218196893]
,[0.7907760026666889, 0.7239539219142753]
,[0.790776002636974, 0.7239539219213199]
,[0.7907760026224991, 0.7239539220041705]
,[0.7907760025789741, 0.723953921824468]
,[0.7907760026760722, 0.723953921900345]
,[0.79077600250387, 0.7239539219601792]
,[0.7907760026861822, 0.7239539218983823]
,[0.7907760025205873, 0.7239539219281665]
,[0.7907760026665064, 0.7239539219182426]
,[0.790776002567559, 0.7239539218893339]
,[0.7907760026907658, 0.7239539218477509]
,[0.7907760026571449, 0.7239539220113657]
,[0.7907760025927354, 0.7239539218214998]
]}