{
"parameters":[1, 2, 3, 4, 40, 40]
,"current_iter":6,"domain":[[-2, -2]
,[2, 2]
],"result":[0.28215892000748677, 0.9155694130836265, 0.1744851257627523, 0.10685066752584413, 0.6064413286014265, 0.16812590860150758, 1.3236677743015837, 1.4226036028601747, 1.5046569448324574, 0.2989943685921762, 0.036881368858098125, 0.029778049059876962, 0.034038600165918934, 0.16365359013800487, 0.7590646174765626, 0.5650016370022665, 0.039267083162092806, 0.028816400591607966, 0.9495144926583335, 0.46900797725426147, 1.5601282993122993, 0.12330166024731017, 0.9558177826866249, 0.740605862449864, 0.26861470357439476, 1.3704217433893469, 0.12525616636683284, 2.057338934314543, 2.9852931149934667, 0.7165221222196227, 0.07677658469655053, 0.4451211559700962, 0.41341526218182273, 0.4494823301541944, 0.03225594663570729, 0.46152886417669087, 0.046516599214443274, 0.0626529741832823, 0.22395171664108499, 0.2898212269602101]
,"population":[[0.3123119210912406, 1.6201627347957062]
,[-1.957585029074581, 0.9002073391187972]
,[-0.6483312868412467, 0.3068502586010746]
,[0.2172165869478797, 1.1165085471816858]
,[0.05664368570010617, 1.1684086673803042]
,[-1.5016481812255786, -0.2611571701208276]
,[-1.8431446489225922, 1.389722731278217]
,[0.8862488194268027, -1.7570093742618533]
,[0.1245346699970965, -2]
,[-1.306137202034904, 2]
,[-0.2040499445017283, 0.696363347588879]
,[0.11413866799076033, 0.22834948832835983]
,[0.19034603574879008, 0.33313311379492483]
,[-1.7071568102399513, 0.18005105250218878]
,[-1.3950173192473112, -2]
,[0.643894855388264, 1.7859618787072444]
,[-0.9880583452929361, 0.28351607241569593]
,[-0.049045096465104354, 0.16251455043883478]
,[0.33305536757990317, -2]
,[-0.08929113509131409, 2]
,[1.1472385165476056, -2]
,[0.06150404742850103, 1.308617050705605]
,[-0.9127616834748743, 0.35026260415114]
,[0.6699454953316422, 1.907550002261803]
,[-0.39773448325689176, -0.3322980355084394]
,[1.5231806311548521, 0.5156999654344088]
,[-0.152904138700873, 1.165475293443163]
,[-0.6976389996696695, -2]
,[1.3370017462259225, 2]
,[0.3297559628708868, -1.0918445940721526]
,[0.5171857727573091, 0.16490527033268074]
,[0.04516156958309038, 2]
,[-0.087291677406205, -1.7452222344421102]
,[-1.2876003054716927, 0.619552528002067]
,[-0.2332184547186553, 1.048705946069587]
,[-1.528600211298398, 1.9419206567106626]
,[-0.11907394181240077, 0.7763359005021617]
,[-0.03846771204200319, 1.288916507700554]
,[-0.7937750566265706, 0.8043483239154126]
,[1.1618354714437975, 0.11899471760452363]
],"den":[[0.07729474940169946, 0.2556616173095837]
,[0.07727455289376256, 0.2563738688305965]
,[0.07739455317669942, 0.25607671481605593]
,[0.0772671072220221, 0.25592308367665506]
,[0.07723326344494563, 0.25639017372445855]
,[0.0771410492300881, 0.2559159741129169]
,[0.07726316576633804, 0.2561389317533541]
,[0.07682513304796323, 0.2563877235993042]
,[0.0766650303029405, 0.25591428807744376]
,[0.07699402270141815, 0.25627858699448053]
,[0.0770955974089298, 0.25625757335267974]
,[0.07717874919633919, 0.2556708850435441]
,[0.07667357659308568, 0.25585299932259914]
,[0.07671493328105178, 0.25566414579082997]
,[0.07685245997402569, 0.2562174019361541]
,[0.07726932282924565, 0.25565930277046706]
,[0.07701705672283767, 0.25590479439290886]
,[0.07674033901719836, 0.25625018634666835]
,[0.07732190399918838, 0.2562864722239802]
,[0.07701253518704324, 0.25597382008214403]
,[0.07684487244093637, 0.2561025202021563]
,[0.07722373386288717, 0.2559992714131133]
,[0.07722354461560163, 0.25590443953620867]
,[0.07702182132395997, 0.25573752707972125]
,[0.07679041114898826, 0.25589361732713856]
,[0.07710408093653545, 0.2562955948380242]
,[0.07674373477609328, 0.2563472163128949]
,[0.07695276073873415, 0.2556629536978579]
,[0.0773548355450457, 0.25597528889649923]
,[0.07673275222372396, 0.25598246711659195]
,[0.0773098896014663, 0.25600494377808874]
,[0.07677028624355123, 0.25575940635232947]
,[0.0770288921152358, 0.25623501607580995]
,[0.07671391927377677, 0.2559233855850729]
,[0.07672051016913643, 0.2559562471839143]
,[0.07723666875140515, 0.25591565662046273]
,[0.0773903663027962, 0.256330013738647]
,[0.07674201642929514, 0.2556898796600864]
,[0.07681755291843168, 0.2562056487653097]
,[0.0767536581227964, 0.25571196746599356]
],"vol":[[0.7903933869068573, 0.7244394527344199]
,[0.7908010823622987, 0.7244870882180019]
,[0.79010329941349, 0.7238203352513035]
,[0.7905408460495582, 0.7240061749232939]
,[0.7903542839313661, 0.7243435252524871]
,[0.7908479608675624, 0.7239847372281344]
,[0.790480706449081, 0.7237555152197792]
,[0.7903653068886297, 0.7241340131665159]
,[0.7908678508991905, 0.7240015101983213]
,[0.790334604359177, 0.7244121247526402]
,[0.7907998754881986, 0.724434087183133]
,[0.7906633258571019, 0.7241694047420838]
,[0.7907099174467508, 0.7243196368998122]
,[0.7901378680489425, 0.7241468651493046]
,[0.7906257493588557, 0.7242086958352377]
,[0.7901840603872395, 0.7240099259572585]
,[0.7901940928931424, 0.7239502480451911]
,[0.7906346034005242, 0.7242143382870962]
,[0.7906875646601966, 0.7244516080820032]
,[0.7907274102444941, 0.7240506861457469]
,[0.7908728749799403, 0.7238449303670734]
,[0.7905797034607359, 0.7240509096937227]
,[0.790636591141695, 0.7241044761219148]
,[0.7903095512768807, 0.7242882352704728]
,[0.7908627082029868, 0.7242574231099316]
,[0.790808691459043, 0.7237922650130038]
,[0.7904489949008823, 0.7237577359687817]
,[0.7907737265321052, 0.7241410309107338]
,[0.7906533114370327, 0.7241695776792497]
,[0.7905946543510547, 0.7245053170273423]
,[0.7904182760406592, 0.7237771012868357]
,[0.7908117507075663, 0.7240845804738539]
,[0.7901139288526721, 0.7243270486554014]
,[0.7908527198923635, 0.7240766265733555]
,[0.7901816729243771, 0.7241973228677051]
,[0.7907729868032675, 0.7241571076929787]
,[0.7903720178305778, 0.7240399600476769]
,[0.7908712939725319, 0.7238714510278365]
,[0.7907350504332598, 0.724534474126762]
,[0.790474041510586, 0.72376507254879]
]}