{
"parameters":[1, 2, 3, 4, 40, 40]
,"current_iter":18,"domain":[[-2, -2]
,[2, 2]
],"result":[0.2605076119253517, 0.021501255088463525, 0.0004995946760934116, 0.007808804617677516, 0.00029103499338450217, 0.0033800221125910353, 1.3236677743015837, 0.09548561978250203, 0.00028513848561886125, 0.08754670659951161, 0.009011060851668059, 0.01035192911939441, 0.008600293502275305, 0.0002973493319376921, 0.327897971140247, 0.02865642122822652, 0.015930576903231325, 0.0010525011462776887, 0.0036609326680518595, 4.22873914563882E-05, 1.5058201605952437, 0.12330166024731017, 0.0018416236365276378, 0.740605862449864, 0.007495708254757721, 0.0001728027652026151, 0.12525616636683284, 0.17987843700043643, 0.2833255070377911, 0.14265503027009746, 0.008994723415561947, 0.0028547541178083505, 0.012591865186321964, 0.3558157177023732, 1.547340869379394E-05, 0.03524867779633155, 0.02049059458802627, 1.5230934104433042E-05, 6.140776607522473E-05, 0.01149935878592807]
,"population":[[0.23943947946783867, 0.4507508708782737]
,[-0.1350804977064375, 0.057048349913425674]
,[0.03573570274450515, 0.008683852986867973]
,[-0.08735351500770833, -0.013347959899385071]
,[-0.012189608845335927, 0.011935176143744603]
,[-0.11756225469514256, -0.013506049917413094]
,[-2, 0.06959329504072424]
,[-0.27458612077141953, 0.2577870572950547]
,[0.011351370585060815, -0.01250139478056258]
,[-0.24585529056593752, 0.1646264945270051]
,[-0.07892513896904305, -0.05274356160125424]
,[-0.2078875322392468, 0.09638034431050113]
,[0.13273780378094888, 0.00446818497093249]
,[-0.008301543927077062, -0.015114023301705673]
,[1.347676247729156, 0.12655079896052268]
,[-0.011246376492834421, -0.20691740909499912]
,[-0.035838731659173416, -0.13382284913088274]
,[0.006894670070310798, 0.03563153184497477]
,[0.006283552967070546, 0.10783991824015679]
,[-0.009573053016904334, 0.0010408599758684283]
,[-0.38777096865163285, 2]
,[0.19309020232550952, 0.3323790101276941]
,[0.035705166670233, -0.023806820652462615]
,[0.05279789627021753, 1.437642704595681]
,[-0.04033226985631826, -0.10440576624657305]
,[-0.012831549360330173, 0.0028555395665312406]
,[-0.3056755898668778, 0.24853322513737441]
,[0.6101975055920486, 0.24372999859849298]
,[0.9879434705631784, 0.17174919381714934]
,[0.5061908283380075, -0.7195465078825118]
,[0.08631059238802147, -0.12443852117990432]
,[-0.10194057544630933, -0.039991713526137666]
,[0.12842553581300506, 0.18414197816617056]
,[0.6808648704369094, 0.3011960137641835]
,[-0.0039915230260941644, 0.00037804960160518324]
,[-0.26615360780181896, 0.07479229229522602]
,[-0.13855863853771466, 0.035945768521499236]
,[-0.003901575313217806, -9.297408091732406E-05]
,[-0.0003532440910264819, -0.007828344951992063]
,[0.0431386100911918, 0.09817545062452321]
],"den":[[0.07676797072079634, 0.255807364777976]
,[0.0767679707068598, 0.25580736526946324]
,[0.07676797078966567, 0.25580736506441293]
,[0.07676797070172194, 0.2558073649584002]
,[0.07676797067836812, 0.2558073652807144]
,[0.07676797061473595, 0.2558073649534942]
,[0.07676797069900214, 0.2558073651073456]
,[0.07676797039673881, 0.2558073652790237]
,[0.07676797028626034, 0.2558073649523308]
,[0.07676797051328067, 0.2558073652037143]
,[0.07676797058337204, 0.2558073651892139]
,[0.07676797064075071, 0.25580736478437116]
,[0.07676797029215769, 0.25580736491003864]
,[0.07676797032069577, 0.25580736477972077]
,[0.07676797041559569, 0.2558073651614937]
,[0.07676797070325081, 0.25580736477637883]
,[0.07676797052917525, 0.25580736494577966]
,[0.07676797033822692, 0.2558073651841165]
,[0.0767679707395343, 0.2558073652091555]
,[0.07676797052605516, 0.25580736499341067]
,[0.07676797041035993, 0.25580736508221985]
,[0.07676797067179225, 0.2558073650109733]
,[0.07676797067166168, 0.2558073649455348]
,[0.07676797053246305, 0.2558073648303573]
,[0.07676797037277906, 0.255807364938067]
,[0.07676797058922608, 0.2558073652154505]
,[0.07676797034057016, 0.2558073652510718]
,[0.07676797048480798, 0.25580736477889815]
,[0.07676797076225862, 0.25580736499442425]
,[0.07676797033299168, 0.25580736499937756]
,[0.07676797073124379, 0.2558073650148875]
,[0.07676797035889192, 0.2558073648454551]
,[0.07676797053734223, 0.25580736517364827]
,[0.07676797031999605, 0.2558073649586085]
,[0.07676797032454408, 0.25580736498128454]
,[0.07676797068071795, 0.2558073649532751]
,[0.07676797078677654, 0.25580736523920117]
,[0.07676797033938441, 0.25580736479747834]
,[0.07676797039150816, 0.2558073651533835]
,[0.07676797034741774, 0.25580736481272]
],"vol":[[0.7907760023609872, 0.7239539222396989]
,[0.7907760026423164, 0.7239539222725697]
,[0.7907760021608131, 0.7239539218124785]
,[0.790776002462741, 0.7239539219407167]
,[0.7907760023340044, 0.7239539221735044]
,[0.7907760026746649, 0.7239539219259237]
,[0.7907760024212419, 0.7239539217677496]
,[0.7907760023416107, 0.7239539220289312]
,[0.7907760026883899, 0.7239539219374979]
,[0.7907760023204246, 0.7239539222208413]
,[0.7907760026414836, 0.7239539222359964]
,[0.7907760025472579, 0.7239539220533531]
,[0.7907760025794083, 0.7239539221570204]
,[0.7907760021846671, 0.7239539220377996]
,[0.7907760025213284, 0.7239539220804657]
,[0.790776002216542, 0.7239539219433051]
,[0.7907760022234649, 0.7239539219021246]
,[0.7907760025274381, 0.7239539220843593]
,[0.7907760025639838, 0.7239539222480867]
,[0.7907760025914792, 0.7239539219714316]
,[0.7907760026918568, 0.7239539218294504]
,[0.7907760024895545, 0.7239539219715858]
,[0.7907760025288096, 0.7239539220085492]
,[0.7907760023031367, 0.7239539221353517]
,[0.7907760026848412, 0.7239539221140899]
,[0.7907760026475671, 0.7239539217931088]
,[0.7907760023993594, 0.7239539217692821]
,[0.7907760026234396, 0.7239539220337737]
,[0.7907760025403475, 0.7239539220534724]
,[0.7907760024998713, 0.7239539222851484]
,[0.7907760023781619, 0.7239539217826451]
,[0.7907760026496781, 0.7239539219948203]
,[0.7907760021681479, 0.7239539221621348]
,[0.7907760026779488, 0.7239539219893317]
,[0.7907760022148945, 0.7239539220726179]
,[0.7907760026229291, 0.7239539220448675]
,[0.7907760023462416, 0.7239539219640301]
,[0.7907760026907658, 0.7239539218477509]
,[0.7907760025967513, 0.7239539223052682]
,[0.7907760024166427, 0.7239539217743447]
]}