{
"parameters":[1, 2, 3, 4, 40, 40]
,"current_iter":16,"domain":[[-2, -2]
,[2, 2]
],"result":[0.28215892000748677, 0.07612990107165792, 0.0004995946760934116, 0.013053156237704321, 0.0003566544267914194, 0.0033800221125910353, 1.3236677743015837, 0.44790549201667773, 0.0017633904847072848, 0.2989943685921762, 0.009949811854145394, 0.01035192911939441, 0.011928488871672848, 0.010275655386520253, 0.327897971140247, 0.16401820304840373, 0.015930576903231325, 0.002354404237425031, 0.0036609326680518595, 4.22873914563882E-05, 1.5058201605952437, 0.12330166024731017, 0.011314226676204343, 0.740605862449864, 0.007495708254757721, 0.00026250902651278184, 0.12525616636683284, 0.17987843700043643, 0.2833255070377911, 0.14265503027009746, 0.008994723415561947, 0.00606623186096215, 0.012591865186321964, 0.3558157177023732, 3.962597897349308E-05, 0.03524867779633155, 0.03534899452406977, 1.5230934104433042E-05, 0.003533323631723079, 0.011763017195107903]
,"population":[[0.1433176232051566, 0.7768899268311336]
,[-0.4177162623257035, 0.07700915626060366]
,[0.0354264578277082, 0.015607993704224322]
,[-0.019056754772845824, -0.28786104998430606]
,[-0.0250267826853639, 0.00714781171140483]
,[-0.08861299214492982, -0.0020938227426147097]
,[-1.330313799070042, 1.9000109997428418]
,[0.056682292416483517, -0.8131860579964209]
,[0.0012485145249506498, -0.05582946640440435]
,[-0.36407463163296616, 0.9482036609891962]
,[-0.08369878675021156, -0.07493812723694616]
,[0.08837957456602327, -0.050408133460019544]
,[-0.2544227624335094, -0.018505459603376014]
,[0.14550631463532707, 0.0458039423763121]
,[0.6512646460770856, 0.36305451207255834]
,[-0.0068866185535927825, -0.4049330531499016]
,[-0.08466530739253197, -0.23297412708818105]
,[-0.0149363052110635, -0.051222483602405666]
,[-0.009341736843604237, -0.05978013567061141]
,[-0.029820349818301617, 0.0021939237417304613]
,[-0.45654968000599594, 2]
,[0.07588266107764069, 0.43531433061592273]
,[-0.037446092807514125, 0.09955911213774148]
,[0.07655180594623825, 1.358261424778332]
,[-0.11044449712217749, -0.09429790404889787]
,[-0.040561052565379965, 0.0022334141784151116]
,[-0.8931604350220983, 0.35600196799269157]
,[-0.34010166165038747, -0.25339553418140937]
,[0.6430088165789994, 0.04550708150945187]
,[0.5358961437770113, -0.756730273668514]
,[0.11078341852184787, -0.058236154754405585]
,[-0.06460018304907421, -0.04350917387159006]
,[0.124025037779221, 0.1830744058244467]
,[1.3132715534404733, 0.1609056718251373]
,[-0.003935814133516517, 0.004912773766407803]
,[-0.0820927186681123, 0.18152866633116127]
,[0.0550234311037827, -0.1797815801288804]
,[-0.003901575313217806, -9.297408091732406E-05]
,[0.004297847480282929, -0.05928618843170224]
,[0.16377816792232827, 0.11735721182925236]
],"den":[[0.07676797334046684, 0.2558073646440269]
,[0.07676797323080921, 0.25580736851122077]
,[0.07676797388235482, 0.2558073668978129]
,[0.07676797319038269, 0.25580736606366744]
,[0.07676797300662674, 0.25580736859974873]
,[0.07676797250594654, 0.2558073660250658]
,[0.07676797316898241, 0.2558073672356219]
,[0.07676797079066891, 0.2558073685864457]
,[0.07676796992138563, 0.2558073660159115]
,[0.07676797170766102, 0.25580736799388476]
,[0.07676797225916433, 0.25580736787979047]
,[0.07676797271063979, 0.2558073646943464]
,[0.07676796996778801, 0.25580736568314205]
,[0.07676797019233554, 0.25580736465775544]
,[0.07676797093904139, 0.25580736766167844]
,[0.0767679732024124, 0.2558073646314601]
,[0.07676797183272502, 0.25580736596436515]
,[0.07676797033027685, 0.2558073678396825]
,[0.07676797348790364, 0.2558073680366979]
,[0.07676797180817518, 0.2558073663391425]
,[0.07676797089784462, 0.25580736703792417]
,[0.07676797295488556, 0.2558073664773314]
,[0.07676797295385804, 0.25580736596243847]
,[0.07676797185859459, 0.2558073650561816]
,[0.07676797060214519, 0.2558073659036789]
,[0.07676797230522593, 0.25580736808622945]
,[0.07676797034871424, 0.25580736836650997]
,[0.0767679714836278, 0.2558073646512829]
,[0.07676797366670658, 0.2558073663471175]
,[0.0767679702890841, 0.25580736638609186]
,[0.07676797342267107, 0.25580736650812963]
,[0.07676797049287633, 0.2558073651749759]
,[0.07676797189698568, 0.255807367757315]
,[0.07676797018682996, 0.2558073660653067]
,[0.07676797022261544, 0.25580736624372985]
,[0.07676797302511597, 0.255807366023342]
,[0.07676797385962204, 0.255807368273108]
,[0.07676797033938441, 0.25580736479747834]
,[0.07676797074951235, 0.2558073675978642]
,[0.07676797040259338, 0.2558073649174048]
],"vol":[[0.7907760000959532, 0.7239539249317354]
,[0.7907760023095495, 0.7239539251903739]
,[0.7907759985209133, 0.723953921570216]
,[0.7907760008965875, 0.7239539225792389]
,[0.7907759998836422, 0.7239539244108939]
,[0.7907760025640779, 0.7239539224628422]
,[0.7907760005700576, 0.7239539212182735]
,[0.7907759999434918, 0.723953923273341]
,[0.7907760026720715, 0.7239539225539116]
,[0.7907759997767914, 0.7239539247833572]
,[0.7907760023029967, 0.7239539249026029]
,[0.7907760015615958, 0.7239539234655007]
,[0.7907760018145664, 0.7239539242811913]
,[0.7907759987086048, 0.7239539233431213]
,[0.790776001357573, 0.723953923678833]
,[0.7907759989594076, 0.7239539225996052]
,[0.7907759990138795, 0.723953922275582]
,[0.7907760014056463, 0.7239539237094689]
,[0.7907760016932013, 0.7239539249977333]
,[0.7907760019095442, 0.7239539228209141]
,[0.7907760026993499, 0.723953921703756]
,[0.7907760011075652, 0.7239539228221278]
,[0.7907760014164388, 0.7239539231129686]
,[0.7907759996407647, 0.723953924110695]
,[0.790776002644149, 0.7239539239433994]
,[0.7907760023508633, 0.7239539214178077]
,[0.7907760003978787, 0.7239539212303311]
,[0.7907760021610201, 0.723953923311444]
,[0.7907760015072222, 0.7239539234664396]
,[0.7907760011887416, 0.7239539252893478]
,[0.7907760002310895, 0.7239539213354758]
,[0.7907760023674736, 0.7239539230049444]
,[0.7907759985786261, 0.7239539243214337]
,[0.7907760025899172, 0.7239539229617584]
,[0.7907759989464449, 0.7239539236170831]
,[0.7907760021570036, 0.7239539233987334]
,[0.790775999979929, 0.7239539227626763]
,[0.7907760026907658, 0.7239539218477509]
,[0.7907760019510268, 0.7239539254476572]
,[0.7907760005338701, 0.7239539212701653]
]}