{
"parameters":[1, 2, 3, 4, 40, 40]
,"current_iter":22,"domain":[[-2, -2]
,[2, 2]
],"result":[0.25070823856723995, 1.965306340848691E-05, 5.015250710842172E-05, 0.0017661088661571, 1.7428252457663783E-05, 0.0026759606637893965, 1.17069064500877, 8.055426659653322E-06, 0.00010477590727187785, 0.08754670659951161, 0.0084619583541478, 0.00810756237716361, 1.5818174521151628E-06, 1.380519289778202E-05, 0.06083688455644156, 0.02865642122822652, 0.00806610304219072, 7.464141908797317E-05, 0.0004410390444971285, 5.008561237763425E-06, 1.1379503937918698, 0.002513664511776825, 0.0018416236365276378, 0.32931904956452995, 0.0015863433252573753, 1.0405180409664238E-05, 0.054893106954429075, 0.0232567167651585, 4.196236053196339E-06, 0.03817782688376999, 0.001600819381132992, 0.00010190034441676638, 0.000781052694959684, 0.014263459081071267, 1.547340869379394E-05, 0.00034993096286434916, 0.004641648293521199, 1.5230934104433042E-05, 2.3990178199820757E-05, 0.005106061726801007]
,"population":[[-0.3555429509904189, -0.3525584328423652]
,[-0.0016595050715669732, 0.004110852262722464]
,[0.0034509525308074307, 0.015336239859805317]
,[0.08790984647636013, 0.016566865055419613]
,[0.0035660087017821765, -0.0021706760229194912]
,[0.0770455058134365, 0.0030250452892921567]
,[0.44261471750305087, -1.188199673535284]
,[0.00032852343371620645, 0.002819130896775216]
,[0.010312740911536777, 0.0023788626376782984]
,[0.18442680184805083, -0.24277791469986904]
,[-0.12700647914589414, -0.02139644417846312]
,[0.04781994741595552, -0.14861649580869318]
,[0.001251105355256384, 0.0001286578492123978]
,[0.0016564502233805468, 0.0033258631293612423]
,[0.22110222106900496, 0.10931922243958021]
,[0.0022200084271333494, -0.18407221857549805]
,[-0.00716340856739078, 0.15689735155663675]
,[0.014223294510846841, 0.003427115226708202]
,[0.0192748805424939, 0.00833774697203738]
,[0.0018240390026484654, -0.0012967046520239748]
,[0.43169495082397674, -1.1496966335812226]
,[-0.04286582147649784, -0.02600357400285279]
,[-0.016177296844407926, 0.05410704001184186]
,[0.5609747863111647, 0.12093940089016914]
,[-0.03166332896909234, -0.024161476028016445]
,[0.0024522295305293845, 0.0020956504334606646]
,[0.10502690146686011, -0.2094336575689293]
,[-0.14174007499477692, -0.05627137732127686]
,[0.0013297346956973755, 0.001558217472708783]
,[-0.05664774303454678, 0.28961238483721485]
,[-0.037914447103053486, 0.012779439815686407]
,[-0.009902119928507197, 0.00196172509241917]
,[-0.027717228077566526, -0.0035788214059717795]
,[0.13295269282881694, 0.09962013939538991]
,[0.006605222763011415, 0.0025840977785944294]
,[0.013814975755566627, -0.012612589255876664]
,[-0.06338805459156804, 0.02497204093816899]
,[0.010801967487260084, 0.003247162399145247]
,[0.009190774071593948, 0.0031825186223606774]
,[-0.060470461142884915, -0.038070790062301726]
],"den":[[0.07676797034502508, 0.2558073648070293]
,[0.07676797034495719, 0.2558073648094233]
,[0.07676797034536054, 0.25580736480842453]
,[0.07676797034493217, 0.2558073648079081]
,[0.07676797034481841, 0.25580736480947813]
,[0.07676797034450847, 0.25580736480788424]
,[0.07676797034491892, 0.25580736480863364]
,[0.07676797034344661, 0.25580736480946986]
,[0.07676797034290847, 0.2558073648078786]
,[0.07676797034401428, 0.25580736480910304]
,[0.07676797034435569, 0.25580736480903243]
,[0.07676797034463519, 0.25580736480706046]
,[0.0767679703429372, 0.2558073648076726]
,[0.07676797034307621, 0.2558073648070378]
,[0.07676797034353845, 0.2558073648088974]
,[0.07676797034493962, 0.2558073648070215]
,[0.0767679703440917, 0.25580736480784666]
,[0.0767679703431616, 0.2558073648090076]
,[0.07676797034511636, 0.2558073648091296]
,[0.07676797034407651, 0.2558073648080787]
,[0.07676797034351296, 0.25580736480851124]
,[0.07676797034478638, 0.25580736480816424]
,[0.07676797034478575, 0.2558073648078455]
,[0.07676797034410772, 0.25580736480728444]
,[0.0767679703433299, 0.2558073648078091]
,[0.0767679703443842, 0.2558073648091602]
,[0.07676797034317301, 0.25580736480933375]
,[0.07676797034387559, 0.2558073648070338]
,[0.07676797034522705, 0.2558073648080836]
,[0.0767679703431361, 0.25580736480810773]
,[0.07676797034507597, 0.2558073648081833]
,[0.07676797034326226, 0.255807364807358]
,[0.07676797034413148, 0.2558073648089566]
,[0.0767679703430728, 0.25580736480790917]
,[0.07676797034309495, 0.2558073648080196]
,[0.07676797034482986, 0.2558073648078832]
,[0.07676797034534646, 0.2558073648092759]
,[0.07676797034316724, 0.2558073648071243]
,[0.07676797034342113, 0.2558073648088579]
,[0.07676797034320637, 0.2558073648071985]
],"vol":[[0.7907760025634131, 0.7239539218945052]
,[0.7907760025647834, 0.7239539218946653]
,[0.790776002562438, 0.7239539218924242]
,[0.7907760025639087, 0.7239539218930489]
,[0.7907760025632816, 0.7239539218941827]
,[0.790776002564941, 0.7239539218929768]
,[0.7907760025637065, 0.7239539218922063]
,[0.7907760025633186, 0.7239539218934785]
,[0.7907760025650078, 0.7239539218930332]
,[0.7907760025632155, 0.7239539218944133]
,[0.7907760025647793, 0.7239539218944872]
,[0.7907760025643203, 0.7239539218935975]
,[0.790776002564477, 0.7239539218941025]
,[0.7907760025625542, 0.7239539218935217]
,[0.790776002564194, 0.7239539218937295]
,[0.7907760025627094, 0.7239539218930615]
,[0.7907760025627432, 0.7239539218928609]
,[0.7907760025642238, 0.7239539218937485]
,[0.7907760025644018, 0.7239539218945461]
,[0.7907760025645357, 0.7239539218931985]
,[0.7907760025650247, 0.7239539218925068]
,[0.7907760025640392, 0.7239539218931992]
,[0.7907760025642305, 0.7239539218933793]
,[0.7907760025631313, 0.7239539218939969]
,[0.7907760025649905, 0.7239539218938934]
,[0.790776002564809, 0.7239539218923299]
,[0.7907760025635999, 0.7239539218922139]
,[0.7907760025646914, 0.7239539218935022]
,[0.7907760025642867, 0.7239539218935981]
,[0.7907760025640895, 0.7239539218947266]
,[0.7907760025634967, 0.7239539218922789]
,[0.7907760025648193, 0.7239539218933124]
,[0.7907760025624737, 0.7239539218941274]
,[0.790776002564957, 0.7239539218932857]
,[0.7907760025627014, 0.7239539218936913]
,[0.7907760025646889, 0.7239539218935562]
,[0.7907760025633412, 0.7239539218931624]
,[0.7907760025650193, 0.723953921892596]
,[0.7907760025645614, 0.7239539218948245]
,[0.7907760025636841, 0.7239539218922385]
]}