{
"parameters":[1, 2, 3, 4, 40, 40]
,"current_iter":5,"domain":[[-2, -2]
,[2, 2]
],"result":[0.28215892000748677, 0.9155694130836265, 0.1744851257627523, 0.10685066752584413, 0.6064413286014265, 0.16812590860150758, 1.3236677743015837, 1.4226036028601747, 1.5046569448324574, 0.2989943685921762, 0.036881368858098125, 0.029778049059876962, 0.034038600165918934, 0.16365359013800487, 0.7590646174765626, 0.5650016370022665, 0.039267083162092806, 0.028816400591607966, 0.9495144926583335, 0.46900797725426147, 1.5601282993122993, 0.12330166024731017, 2.387004662710062, 0.740605862449864, 1.8624811522432432, 1.3704217433893469, 0.12525616636683284, 2.057338934314543, 2.9852931149934667, 0.7165221222196227, 0.07677658469655053, 0.4451211559700962, 0.41341526218182273, 0.4494823301541944, 0.03225594663570729, 0.46152886417669087, 0.046516599214443274, 0.0626529741832823, 0.22395171664108499, 0.2898212269602101]
,"population":[[0.8358349857322773, 0.3744373704047854]
,[-0.27882349823632735, 1.6607034430522705]
,[-1.373473988710111, 0.3677010613967282]
,[0.3776551489542662, 0.9391699843226685]
,[0.13994543356123149, 2]
,[-0.4434379364934455, -0.2609127149884507]
,[0.8381921274499659, -0.7881000772633409]
,[0.5716368722871966, -2]
,[0.07833269695340539, -2]
,[-0.11414685574449257, 1.6684259133520387]
,[0.08212722099170816, -0.17359864178696]
,[0.2329095176866584, 0.4003849006911317]
,[0.20771111335820497, 0.5570118667937581]
,[-1.583756312464364, 0.3291713959703889]
,[-0.6938832471763622, -1.931938156496145]
,[0.23942563867475058, 2]
,[0.17231522868755236, 0.09784960462081252]
,[-0.049045096465104354, 0.16251455043883478]
,[0.5500825759699258, -2]
,[-0.08500818182858004, 2]
,[1.9069364477529676, -1.533433674427288]
,[0.04035732526684414, 0.45466536540893654]
,[-2, 2]
,[1.0049654513604098, 1.2955439261659143]
,[-2, -0.20926227251982787]
,[2, 0.3623366885914193]
,[-0.5377577797081143, 0.8984260615810108]
,[-2, -2]
,[2, 2]
,[1.276057515036296, -0.9483275493359125]
,[-0.23036360174837023, 0.15397790648683599]
,[0.006780935407242852, 1.1377260707735186]
,[-0.04004450256842601, 0.6417255643932771]
,[0.6689278483116208, 0.04492064010429618]
,[0.15721141459923624, -0.08683615465584796]
,[-1.237861271547861, 0.9124277146241191]
,[0.1950764761414738, -0.09198786697531514]
,[0.540127769290756, 0.7906521166697329]
,[-1.0256232185336, 0.5254879642114637]
,[1.6701128968925147, 0.13203339865328076]
],"den":[[0.07743285166744647, 0.25551500620733486]
,[0.07740762425896326, 0.25640467783371257]
,[0.07755751631778882, 0.25603350348363885]
,[0.07739832388867077, 0.2558416032045651]
,[0.07735604970980826, 0.2564250442366085]
,[0.0772408651604081, 0.25583272266595314]
,[0.07739340062605178, 0.25611121850728047]
,[0.07684625503286434, 0.25642198379129305]
,[0.07664627108709561, 0.25583061664318274]
,[0.07705721468438459, 0.2562856615261293]
,[0.07718409140217976, 0.25625941343774267]
,[0.07728795609570198, 0.25552658251107324]
,[0.07665694623713551, 0.2557540610099652]
,[0.07670860477454668, 0.25551816452705234]
,[0.07688038902912359, 0.2562092354199781]
,[0.07740109139821456, 0.25551211512220623]
,[0.07708598642399306, 0.2558187581051364]
,[0.07674033901719836, 0.25625018634666835]
,[0.07746677040850757, 0.2562955109469397]
,[0.07708033858473223, 0.25590497792410766]
,[0.07687091146016849, 0.25606573692806667]
,[0.07734414633225338, 0.25593676911914043]
,[0.0773439099439336, 0.25581831485450335]
,[0.07709193787555822, 0.25560982491486134]
,[0.07680288399409413, 0.2558047968597215]
,[0.07719468815568561, 0.2563069059817468]
,[0.07674458065129769, 0.25637138623928135]
,[0.07700567446809074, 0.2555166754866474]
,[0.07750790512159368, 0.2559068126165129]
,[0.07673086237209445, 0.2559157789136087]
,[0.07745176325380727, 0.2559438544563061]
,[0.07677774602411773, 0.25563715426056444]
,[0.07710076998358263, 0.25623123719858093]
,[0.07670733818054877, 0.2558419803176286]
,[0.07671557085176241, 0.25588302766006893]
,[0.0773603032697471, 0.2558323260869081]
,[0.07755228650387475, 0.25634989854601914]
,[0.07674243426853054, 0.255550308639966]
,[0.07683678671167507, 0.2561945545631294]
,[0.07675697587930355, 0.25557789846410084]
],"vol":[[0.7903333004704517, 0.7244955281906106]
,[0.7908425518629845, 0.7245550295562116]
,[0.7899709528946277, 0.7237221900623328]
,[0.7905174913235992, 0.7239543219403948]
,[0.7902844570397602, 0.7243757054084226]
,[0.7909011076888264, 0.7239275441679989]
,[0.7904423710962809, 0.7236412235200838]
,[0.7902982257886177, 0.724114004376171]
,[0.7909259522785048, 0.723948495243883]
,[0.7902598753344505, 0.7244613928756576]
,[0.7908410443595089, 0.72448882609367]
,[0.790670480550524, 0.7241582119063293]
,[0.7907286779907761, 0.7243458665257402]
,[0.7900141324923082, 0.7241300577563218]
,[0.790623543838812, 0.7242072903143315]
,[0.7900718312286766, 0.7239590073477116]
,[0.7900843628071709, 0.7238844638142525]
,[0.7906346034005242, 0.7242143382870962]
,[0.7907007571799655, 0.7245107114054364]
,[0.7907505282014938, 0.7240099207990893]
,[0.7909322278454356, 0.723752911761062]
,[0.7905660280205096, 0.7240102000323171]
,[0.790637086283141, 0.7240771097262707]
,[0.7902285815908576, 0.7243066428276209]
,[0.7909195285493016, 0.7242681554335302]
,[0.790852056367048, 0.7236871275965827]
,[0.7904027602792751, 0.723643997452211]
,[0.7908083817626461, 0.7241227702232456]
,[0.7906579715630002, 0.7241584279217188]
,[0.7905847031409036, 0.7245777991172085]
,[0.7903643894263828, 0.7236681866234519]
,[0.7908558776668683, 0.7240522581211201]
,[0.7899842301010156, 0.7243551245314515]
,[0.7909070521750226, 0.7240423229235337]
,[0.7900688490546762, 0.7241930843685063]
,[0.7908074577691708, 0.7241428516924804]
,[0.7903066084097302, 0.7239965228563219]
,[0.7909302530129629, 0.723786038653315]
,[0.7907600715425249, 0.7246142191785153]
,[0.7904340459379687, 0.7236531615562886]
]}