{
"parameters":[1, 2, 3, 4, 40, 40]
,"current_iter":39,"domain":[[-2, -2]
,[2, 2]
],"result":[1.9550774781907314E-16, 1.8730042309893853E-16, 1.927791482604211E-16, 1.8840097261560538E-16, 1.8941969941426475E-16, 2.0169512998876375E-16, 4.086359382357525E-16, 1.9683557035726341E-16, 1.9319030233267213E-16, 6.935473223589611E-16, 1.1335267222577175E-16, 1.907575394007683E-16, 1.8628530614304407E-16, 1.8767172530217375E-16, 1.9789319778059463E-16, 2.9098302723942316E-16, 5.078670627657136E-16, 1.9054187985735486E-16, 1.932956259190777E-16, 1.8890153548619617E-16, 1.8489938939663448E-16, 2.4161404278420924E-16, 1.919073647928315E-16, 1.8469913454118919E-16, 1.0781941572911634E-15, 2.0462058767684102E-16, 1.7552291344003272E-16, 1.906651784823116E-16, 1.901343889657119E-16, 2.049398325283384E-16, 1.948556287773731E-16, 2.0966292723722312E-16, 1.9488805786455227E-16, 2.0280336068268585E-16, 1.9117597552172294E-16, 2.0338614022810223E-16, 1.9270204810798701E-16, 2.0228484395200482E-16, 1.832162033102999E-16, 1.9139187625358924E-16]
,"population":[[-1.3136218659560418E-08, 4.79035563891553E-09]
,[-1.2955969601640758E-08, 4.40945288899872E-09]
,[-1.2949539971791671E-08, 5.008848448435116E-09]
,[-1.286135770284939E-08, 4.79441869833685E-09]
,[-1.2834351632026166E-08, 4.96982068084675E-09]
,[-1.2946703034762291E-08, 5.8376374089558375E-09]
,[-1.2670461968058563E-08, -1.5751042243348026E-08]
,[-1.2927319143472737E-08, 5.451604362026533E-09]
,[-1.2845543983193907E-08, 5.308700604526776E-09]
,[-2.578265469982829E-08, 5.3667531141634605E-09]
,[-9.849039221885204E-09, 4.043401863720528E-09]
,[-1.3002678619011048E-08, 4.657025674342074E-09]
,[-1.2871330773377799E-08, 4.540280857539734E-09]
,[-1.2946481718536595E-08, 4.478876691065684E-09]
,[-1.2941204708097927E-08, 5.5152895194811545E-09]
,[-1.2959808824247518E-08, 1.1091725856618498E-08]
,[-2.2105699589072077E-08, 4.3823633399585055E-09]
,[-1.2647834984979855E-08, 5.5293896634325284E-09]
,[-1.3027630335936172E-08, 4.855561115800446E-09]
,[-1.2884226797849834E-08, 4.785210058896514E-09]
,[-1.2891533845784066E-08, 4.32524502191938E-09]
,[-1.4591503300291765E-08, 5.357431681485428E-09]
,[-1.292960452338048E-08, 4.973197327857655E-09]
,[-1.326812394052457E-08, 2.9421117653936836E-09]
,[-3.231943702173776E-08, 5.800702361705014E-09]
,[-1.3081432823765065E-08, 5.78763362300716E-09]
,[-1.2465741650557776E-08, 4.486446092575036E-09]
,[-1.301185387938003E-08, 4.621345810905572E-09]
,[-1.2641206524364943E-08, 5.507657085736648E-09]
,[-1.2934633507084352E-08, 6.134744376561192E-09]
,[-1.2973637838021558E-08, 5.15173272067063E-09]
,[-1.3514958383270309E-08, 5.197001744823135E-09]
,[-1.3011356578797309E-08, 5.058918643736058E-09]
,[-1.2940642038263431E-08, 5.945010035333424E-09]
,[-1.2926718452994112E-08, 4.906722486420487E-09]
,[-1.3115543080386742E-08, 5.600774047809973E-09]
,[-1.2931077966894204E-08, 5.04869000059325E-09]
,[-1.3573938057983706E-08, 4.2465338277266005E-09]
,[-1.294810198903982E-08, 3.944978858209886E-09]
,[-1.283548088391621E-08, 5.161618615532417E-09]
],"den":[[0.07676797034303244, 0.25580736480773164]
,[0.07676797034303244, 0.25580736480773164]
,[0.07676797034303244, 0.25580736480773164]
,[0.07676797034303244, 0.25580736480773164]
,[0.07676797034303244, 0.25580736480773164]
,[0.07676797034303244, 0.25580736480773164]
,[0.07676797034303244, 0.25580736480773164]
,[0.07676797034303244, 0.25580736480773164]
,[0.07676797034303244, 0.25580736480773164]
,[0.07676797034303244, 0.25580736480773164]
,[0.07676797034303244, 0.25580736480773164]
,[0.07676797034303244, 0.25580736480773164]
,[0.07676797034303244, 0.25580736480773164]
,[0.07676797034303244, 0.25580736480773164]
,[0.07676797034303244, 0.25580736480773164]
,[0.07676797034303244, 0.25580736480773164]
,[0.07676797034303244, 0.25580736480773164]
,[0.07676797034303244, 0.25580736480773164]
,[0.07676797034303244, 0.25580736480773164]
,[0.07676797034303244, 0.25580736480773164]
,[0.07676797034303244, 0.25580736480773164]
,[0.07676797034303244, 0.25580736480773164]
,[0.07676797034303244, 0.25580736480773164]
,[0.07676797034303244, 0.25580736480773164]
,[0.07676797034303244, 0.25580736480773164]
,[0.07676797034303244, 0.25580736480773164]
,[0.07676797034303244, 0.25580736480773164]
,[0.07676797034303244, 0.25580736480773164]
,[0.07676797034303244, 0.25580736480773164]
,[0.07676797034303244, 0.25580736480773164]
,[0.07676797034303244, 0.25580736480773164]
,[0.07676797034303244, 0.25580736480773164]
,[0.07676797034303244, 0.25580736480773164]
,[0.07676797034303244, 0.25580736480773164]
,[0.07676797034303244, 0.25580736480773164]
,[0.07676797034303244, 0.25580736480773164]
,[0.07676797034303244, 0.25580736480773164]
,[0.07676797034303244, 0.25580736480773164]
,[0.07676797034303244, 0.25580736480773164]
,[0.07676797034303244, 0.25580736480773164]
],"vol":[[0.7907760025642858, 0.7239539218940038]
,[0.7907760025642858, 0.7239539218940038]
,[0.7907760025642858, 0.7239539218940038]
,[0.7907760025642858, 0.7239539218940038]
,[0.7907760025642858, 0.7239539218940038]
,[0.7907760025642858, 0.7239539218940038]
,[0.7907760025642858, 0.7239539218940038]
,[0.7907760025642858, 0.7239539218940038]
,[0.7907760025642858, 0.7239539218940038]
,[0.7907760025642858, 0.7239539218940038]
,[0.7907760025642858, 0.7239539218940038]
,[0.7907760025642858, 0.7239539218940038]
,[0.7907760025642858, 0.7239539218940038]
,[0.7907760025642858, 0.7239539218940038]
,[0.7907760025642858, 0.7239539218940038]
,[0.7907760025642858, 0.7239539218940038]
,[0.7907760025642858, 0.7239539218940038]
,[0.7907760025642858, 0.7239539218940038]
,[0.7907760025642858, 0.7239539218940038]
,[0.7907760025642858, 0.7239539218940038]
,[0.7907760025642858, 0.7239539218940038]
,[0.7907760025642858, 0.7239539218940038]
,[0.7907760025642858, 0.7239539218940038]
,[0.7907760025642858, 0.7239539218940038]
,[0.7907760025642858, 0.7239539218940038]
,[0.7907760025642858, 0.7239539218940038]
,[0.7907760025642858, 0.7239539218940038]
,[0.7907760025642858, 0.7239539218940038]
,[0.7907760025642858, 0.7239539218940038]
,[0.7907760025642858, 0.7239539218940038]
,[0.7907760025642858, 0.7239539218940038]
,[0.7907760025642858, 0.7239539218940038]
,[0.7907760025642858, 0.7239539218940038]
,[0.7907760025642858, 0.7239539218940038]
,[0.7907760025642858, 0.7239539218940038]
,[0.7907760025642858, 0.7239539218940038]
,[0.7907760025642858, 0.7239539218940038]
,[0.7907760025642858, 0.7239539218940038]
,[0.7907760025642858, 0.7239539218940038]
,[0.7907760025642858, 0.7239539218940038]
]}