{
"parameters":[1, 2, 3, 4, 40, 40]
,"current_iter":33,"domain":[[-2, -2]
,[2, 2]
],"result":[2.394091142502066E-09, 2.5289558165522975E-10, 1.4668316467906214E-09, 3.294865526742194E-11, 3.1401320657650213E-09, 9.65856498808473E-10, 3.6688815285756843E-06, 3.826886419061374E-11, 1.3769998042820978E-09, 7.32782481906212E-08, 6.784521993757572E-08, 7.534143618728674E-11, 2.2972613923787108E-08, 2.1703237008076985E-10, 8.533692433687365E-10, 0.00024723802960118955, 3.348213869129493E-07, 3.832892945111504E-09, 3.1971948088931596E-10, 2.626699846874571E-10, 3.557751526767677E-11, 7.911452561998E-09, 4.482071183176685E-12, 1.2887488912636823E-06, 4.387982624815702E-06, 2.4635842138276553E-10, 2.1696963663955566E-09, 1.9156790645369723E-07, 6.305234256802499E-10, 8.902145939198507E-09, 2.4308219374175258E-08, 7.784902321708202E-11, 6.812154781306258E-11, 2.34522286395134E-07, 7.918329811761735E-11, 3.670013112062091E-09, 4.4039421003826E-08, 1.688602648209809E-10, 1.9968540187979687E-09, 1.1130568868023593E-09]
,"population":[[-4.733535719695381E-05, -1.2387699606418404E-05]
,[-1.2211383905049236E-05, 1.0187133295423902E-05]
,[-4.148942638645807E-05, -5.101850636289445E-07]
,[-3.935746591677049E-06, -4.178343455668099E-06]
,[5.597149077287954E-05, 2.7063418901687175E-06]
,[-1.1636309725005385E-05, -2.881757787865278E-05]
,[0.00034576104009254174, -0.0018839667809517789]
,[5.557308719731888E-06, 2.717569499425114E-06]
,[3.6060780218649586E-05, -8.75328134497849E-06]
,[-0.00020928797354803435, 0.0001716880669085026]
,[0.00026020970448299637, 1.1667460325512783E-05]
,[-8.679640120019903E-06, 7.268819868196314E-08]
,[-9.223354458072675E-07, -0.0001515643863878072]
,[-2.7308688771095544E-06, -1.4476695937153763E-05]
,[-1.928440498403939E-06, -2.9148762591452354E-05]
,[-9.344194919490522E-06, 0.015723801775881393]
,[-0.0005785734649524065, 8.610027056618138E-06]
,[6.179802760500214E-05, 3.7278317079635216E-06]
,[-1.727061939682678E-05, -4.630894788187975E-06]
,[-2.243650078244232E-05, -2.484317972266907E-06]
,[-5.834347670157063E-06, -1.2401219824717341E-06]
,[-2.3455233564458205E-05, -8.579804531826301E-05]
,[-2.0632675446415286E-06, -4.743397752725383E-07]
,[-0.0011276026894073892, -0.0001313813765527875]
,[-0.0020947466150146913, -4.386764205456503E-06]
,[-1.0192347891447847E-05, -1.1936266830230637E-05]
,[1.2143909612237905E-05, -4.496912080222775E-05]
,[-0.00043747602094470014, -1.3514346158416997E-05]
,[2.5052009412934262E-05, -1.7088739141619102E-06]
,[-1.1775873498748288E-05, 9.361343248989423E-05]
,[-0.0001537635445006796, 2.5787434086445638E-05]
,[-7.448517335141992E-06, -4.729546777987428E-06]
,[8.028825501404531E-06, 1.912984286673276E-06]
,[-1.9939849695254043E-06, -0.00048427090602169704]
,[-8.891723640397938E-06, 3.472014118718442E-07]
,[-6.0560645872158866E-05, 1.5560474314938645E-06]
,[-2.825616761231174E-05, -0.00020794472822288846]
,[-1.1975106319445372E-05, -5.045502299965821E-06]
,[-3.947347290837775E-05, -2.0945141569097513E-05]
,[-2.1264883817937596E-05, 2.570722861399056E-05]
],"den":[[0.07676797034303244, 0.25580736480773164]
,[0.07676797034303244, 0.25580736480773164]
,[0.07676797034303244, 0.25580736480773164]
,[0.07676797034303244, 0.25580736480773164]
,[0.07676797034303244, 0.25580736480773164]
,[0.07676797034303244, 0.25580736480773164]
,[0.07676797034303244, 0.25580736480773164]
,[0.07676797034303243, 0.25580736480773164]
,[0.07676797034303243, 0.25580736480773164]
,[0.07676797034303244, 0.25580736480773164]
,[0.07676797034303244, 0.25580736480773164]
,[0.07676797034303244, 0.25580736480773164]
,[0.07676797034303243, 0.25580736480773164]
,[0.07676797034303243, 0.25580736480773164]
,[0.07676797034303243, 0.25580736480773164]
,[0.07676797034303244, 0.25580736480773164]
,[0.07676797034303244, 0.25580736480773164]
,[0.07676797034303243, 0.25580736480773164]
,[0.07676797034303244, 0.25580736480773164]
,[0.07676797034303244, 0.25580736480773164]
,[0.07676797034303243, 0.25580736480773164]
,[0.07676797034303244, 0.25580736480773164]
,[0.07676797034303244, 0.25580736480773164]
,[0.07676797034303244, 0.25580736480773164]
,[0.07676797034303243, 0.25580736480773164]
,[0.07676797034303244, 0.25580736480773164]
,[0.07676797034303243, 0.25580736480773164]
,[0.07676797034303244, 0.25580736480773164]
,[0.07676797034303244, 0.25580736480773164]
,[0.07676797034303243, 0.25580736480773164]
,[0.07676797034303244, 0.25580736480773164]
,[0.07676797034303243, 0.25580736480773164]
,[0.07676797034303244, 0.25580736480773164]
,[0.07676797034303243, 0.25580736480773164]
,[0.07676797034303243, 0.25580736480773164]
,[0.07676797034303244, 0.25580736480773164]
,[0.07676797034303244, 0.25580736480773164]
,[0.07676797034303243, 0.25580736480773164]
,[0.07676797034303243, 0.25580736480773164]
,[0.07676797034303243, 0.25580736480773164]
],"vol":[[0.7907760025642858, 0.7239539218940038]
,[0.7907760025642858, 0.7239539218940038]
,[0.7907760025642858, 0.7239539218940038]
,[0.7907760025642858, 0.7239539218940038]
,[0.7907760025642858, 0.7239539218940038]
,[0.7907760025642858, 0.7239539218940038]
,[0.7907760025642858, 0.7239539218940038]
,[0.7907760025642858, 0.7239539218940038]
,[0.7907760025642858, 0.7239539218940038]
,[0.7907760025642858, 0.7239539218940038]
,[0.7907760025642858, 0.7239539218940038]
,[0.7907760025642858, 0.7239539218940038]
,[0.7907760025642858, 0.7239539218940038]
,[0.7907760025642858, 0.7239539218940038]
,[0.7907760025642858, 0.7239539218940038]
,[0.7907760025642858, 0.7239539218940038]
,[0.7907760025642858, 0.7239539218940038]
,[0.7907760025642858, 0.7239539218940038]
,[0.7907760025642858, 0.7239539218940038]
,[0.7907760025642858, 0.7239539218940038]
,[0.7907760025642858, 0.7239539218940038]
,[0.7907760025642858, 0.7239539218940038]
,[0.7907760025642858, 0.7239539218940038]
,[0.7907760025642858, 0.7239539218940038]
,[0.7907760025642858, 0.7239539218940038]
,[0.7907760025642858, 0.7239539218940038]
,[0.7907760025642858, 0.7239539218940038]
,[0.7907760025642858, 0.7239539218940038]
,[0.7907760025642858, 0.7239539218940038]
,[0.7907760025642858, 0.7239539218940038]
,[0.7907760025642858, 0.7239539218940038]
,[0.7907760025642858, 0.7239539218940038]
,[0.7907760025642858, 0.7239539218940038]
,[0.7907760025642858, 0.7239539218940038]
,[0.7907760025642858, 0.7239539218940038]
,[0.7907760025642858, 0.7239539218940038]
,[0.7907760025642858, 0.7239539218940038]
,[0.7907760025642858, 0.7239539218940038]
,[0.7907760025642858, 0.7239539218940038]
,[0.7907760025642858, 0.7239539218940038]
]}