{
"parameters":[1, 2, 3, 4, 40, 40]
,"current_iter":2,"domain":[[-2, -2]
,[2, 2]
],"result":[0.5003848529791024, 0.9155694130836265, 3.1637587977533754, 0.10685066752584413, 0.6064413286014265, 0.16812590860150758, 2.1231500612128684, 1.4226036028601747, 2.1869977449940476, 0.2989943685921762, 0.4498353403590399, 1.1590128631145027, 0.034038600165918934, 0.37203627171842313, 4.0472300460362725, 0.8635507419330022, 1.2769159699394146, 0.0680469667482619, 1.2555283560829866, 0.9771602349483117, 1.5601282993122993, 0.12330166024731017, 2.5757088713999816, 0.740605862449864, 1.8624811522432432, 1.3704217433893469, 2.0853885101025558, 2.057338934314543, 2.9852931149934667, 4.104338339039566, 0.8837444880011813, 1.3377439000921567, 1.7729922907513536, 0.5833672385638656, 0.6694979677949034, 0.46152886417669087, 1.834705413594063, 0.11117662211857084, 2.823047837996577, 0.5268271008628403]
,"population":[[0.5695159684643172, -0.41956693702346626]
,[0.3379673810383095, -1.125274045955561]
,[2, 0.12616925875952295]
,[-0.2466010748359857, -0.21456602111140688]
,[-0.2969928582589163, -0.7198864985153047]
,[0.3145040381284064, 0.2630838622995213]
,[2, 0.7071788263601598]
,[1.6526345532317048, 0.5008939560231742]
,[0.8536397662443591, 1.2702949628556437]
,[1.6615597325306481, -0.6874514005241592]
,[0.27769319921600943, -1.0217546853253883]
,[-2, -2]
,[-0.4851141264689853, -0.12093679670231217]
,[-1.470180034274748, 0.31640090737184196]
,[0.21732474786888112, 2]
,[0.3473653859885544, -1.0589464447933499]
,[-1.206068046991352, 1.0621871573304889]
,[-2, -0.7361741949092713]
,[-2, -0.06895045317046478]
,[0.7582276694702706, -0.6382312273080536]
,[-0.7433753675532325, 1.0037536362212571]
,[-0.11437582646981115, -0.33199372067353594]
,[-2, -0.3055138255147496]
,[-1.99439935145209, -1.6567123812161966]
,[0.8268166005605971, -2]
,[-0.031072900337580034, 1.255648318880098]
,[0.6744121721622657, 2]
,[-1.403157070153901, -2]
,[2, -1.4101051618343465]
,[-1.8109686297072927, 1.4654673880471696]
,[2, -0.05392395493608715]
,[-0.08394604108256071, -1.1535583913607155]
,[-1.4301908001988575, -0.8533078570111047]
,[-0.7339205616464264, 0.21148959254880528]
,[-0.8278363278488273, 0.7289161599646437]
,[0.6116595682277928, -0.29563733994893304]
,[-0.43171546256497295, 1.283871945708128]
,[-0.5749816869072624, -2]
,[-2, 1.9880150257319205]
,[-0.6646823628094376, 0.29158953587689584]
],"den":[[0.0981500770828351, 0.24515421196972245]
,[0.09743059082716732, 0.27052766670497375]
,[0.1017055157062137, 0.25994176591725615]
,[0.09716534405786376, 0.25446876565469295]
,[0.09595968352870338, 0.2711085169722844]
,[0.09267461759678763, 0.25421549249433334]
,[0.09702493249756572, 0.262158200134281]
,[0.08142032791007546, 0.2710212330032562]
,[0.07571678129209511, 0.2541554286776938]
,[0.08743690190222052, 0.26713331894374753]
,[0.09105542873895917, 0.26638472287434506]
,[0.0940176521273873, 0.24548436841194043]
,[0.076021236810624, 0.25197206030156205]
,[0.0774945394560374, 0.2452442873188909]
,[0.0823938302488468, 0.2649536446824545]
,[0.09724427349211434, 0.24507175815702092]
,[0.08825747256106226, 0.2538172229066836]
,[0.07839960076810645, 0.26612156602998815]
,[0.0991174403385281, 0.26741422464613407]
,[0.08809639605869046, 0.2562762140772294]
,[0.0821235297697123, 0.26086106447517454]
,[0.09562019893390371, 0.25718289967248553]
,[0.09561345713372248, 0.2538045813886895]
,[0.08842720809316254, 0.24785844363469514]
,[0.08018338491174978, 0.2534190478743694]
,[0.09135764838657934, 0.26773921129436795]
,[0.07852057226773843, 0.2695781896852283]
,[0.08596697377772612, 0.24520181985315032]
,[0.1002906032781932, 0.25632853954576995]
,[0.07812932663722841, 0.2565842585400137]
,[0.09868943594993887, 0.2573849736473389]
,[0.07946644944430217, 0.24863787718701044]
,[0.0886791000120798, 0.26558113590159915]
,[0.07745841616681368, 0.2544795209277221]
,[0.07769321213444491, 0.25565019205461]
,[0.09608099515354554, 0.25420418205107503]
,[0.10155636129610537, 0.26896536019152645]
,[0.07845935738308638, 0.24616103814002246]
,[0.08115029117742988, 0.26453494631591057]
,[0.07887408444842936, 0.24694790054305243]
],"vol":[[0.7801696399127035, 0.7296168702070145]
,[0.7946935010477424, 0.7313138504882791]
,[0.76983547892453, 0.7075612494463628]
,[0.7854227671749654, 0.7141816558142629]
,[0.7787766241740656, 0.7261995217719761]
,[0.7963635145138729, 0.7134179531450394]
,[0.783280336607272, 0.7052520818457362]
,[0.7791693092002466, 0.7187358024634941]
,[0.7970720827686439, 0.7140154782990871]
,[0.7780755533873854, 0.7286433302590652]
,[0.7946505070148119, 0.7294257262519724]
,[0.7897860233576575, 0.7199966022149686]
,[0.7914458156587284, 0.7253485161687359]
,[0.7710669620186843, 0.7191936452253939]
,[0.7884473872870692, 0.7213963195117764]
,[0.7727125312738125, 0.714315283736009]
,[0.7730699321734879, 0.7121893004901128]
,[0.7887628062351139, 0.7215973278530781]
,[0.7906495135082829, 0.7300498958343306]
,[0.7920689841583912, 0.7157673365110427]
,[0.79725106207824, 0.7084374329830546]
,[0.7868070348592908, 0.7157753002489599]
,[0.7888336181030237, 0.7176835662209738]
,[0.777183055118353, 0.7242298554187786]
,[0.7968888778677153, 0.7231321940762295]
,[0.7949645697167756, 0.7065612671368903]
,[0.7821506352179911, 0.7053311944522094]
,[0.793718969019825, 0.7189858046186351]
,[0.7894292667529643, 0.7200027629787189]
,[0.7873396497117157, 0.7319632388785197]
,[0.7810562976330327, 0.7060210701584447]
,[0.795073553273342, 0.716974797884778]
,[0.7702141451484562, 0.7256125546992325]
,[0.796533051393493, 0.7166914458268145]
,[0.7726274796044448, 0.7209911656182713]
,[0.7936926167051898, 0.719558528571542]
,[0.779408381742355, 0.7153852268828644]
,[0.7971947398118354, 0.7093822126929828]
,[0.7923411604586087, 0.7330019398437132]
,[0.7830429029055149, 0.7055925549060104]
]}