{
"parameters":[1, 2, 3, 4, 40, 40]
,"current_iter":4,"domain":[[-2, -2]
,[2, 2]
],"result":[0.28215892000748677, 0.9155694130836265, 0.1744851257627523, 0.10685066752584413, 0.6064413286014265, 0.16812590860150758, 2.1231500612128684, 1.4226036028601747, 1.5046569448324574, 0.2989943685921762, 0.4498353403590399, 0.029778049059876962, 0.034038600165918934, 0.16365359013800487, 0.7590646174765626, 0.5650016370022665, 1.2769159699394146, 0.028816400591607966, 0.9495144926583335, 0.46900797725426147, 1.5601282993122993, 0.12330166024731017, 2.387004662710062, 0.740605862449864, 1.8624811522432432, 1.3704217433893469, 0.12525616636683284, 2.057338934314543, 2.9852931149934667, 0.7165221222196227, 0.21153461129274045, 0.4451211559700962, 1.1844245436411245, 0.5833672385638656, 0.3556901050151137, 0.46152886417669087, 0.7246415298135642, 0.0626529741832823, 0.22395171664108499, 0.2898212269602101]
,"population":[[1.645571730089065, 1.9531531056025426]
,[-1.5071311008965773, 0.9992642038224845]
,[-1.0925455852281405, 0.20440492388716747]
,[0.4427766293144953, 0.7473045476783008]
,[0.36224816443391455, 2]
,[-1.376803344218278, -0.10376278731128641]
,[1.436068880227143, -0.6470408811566507]
,[2, -2]
,[0.3176936599781, -2]
,[-1.3558083914162709, 1.888396462639808]
,[2, -0.4260938560414109]
,[-0.14751075562297505, 0.08954678126775913]
,[0.29633056246303036, 1.2115473978231643]
,[-2, 0.18791583784609042]
,[-0.6878455124438707, -1.078250752957611]
,[-0.2848225284290236, -0.6956132289581363]
,[2, 0.054451273411986245]
,[-0.049045096465104354, 0.16251455043883478]
,[0.44696271121132164, -1.670626923456223]
,[-0.06552704800641206, 0.7713811377218645]
,[1.6057132856075225, -2]
,[-0.04300835068835378, 0.7336363532049817]
,[-0.27789127849748996, 2]
,[0.9070819043171044, 0.289292876696627]
,[-2, -0.2845979190895847]
,[0.2773707702649704, 1.309291350899702]
,[-0.9618063630019547, 0.2207982396913425]
,[-2, -1.5132977841748783]
,[2, 2]
,[1.8753799986411164, -1.6471770778821924]
,[0.04082687968248282, 0.45811327986441575]
,[0.16031495131268642, 0.7178421357171587]
,[1.6470650775377333, 0.9568487422405783]
,[2, -0.052774475873897136]
,[0.543610457038993, -0.46247515606311473]
,[-1.356022772627217, 0.198277075125976]
,[0.4943866026543755, -1.7772931412763953]
,[0.665115467541754, 0.4913569285948642]
,[-1.1010394186751704, 0.2586372233670065]
,[1.048054559414856, 0.040804752701142866]
],"den":[[0.08008261112757571, 0.25270198823806006]
,[0.07996085614770594, 0.25699580823278645]
,[0.08068427982465999, 0.25520441037471936]
,[0.07991596979330699, 0.25427824252711095]
,[0.07971194202724291, 0.25709410255327786]
,[0.0791560271181526, 0.25423538240532517]
,[0.07989220866296863, 0.2555794862032716]
,[0.07725152122459322, 0.257079331933536]
,[0.07628633919618326, 0.2542252181127786]
,[0.07826967527483109, 0.25642140011854736]
,[0.07888202006765335, 0.25629471903375567]
,[0.07938330198400226, 0.2527578589244831]
,[0.07633786064671509, 0.2538557378473946]
,[0.07658718011949349, 0.25271723122878903]
,[0.07741626204726575, 0.2560525449893272]
,[0.07992932661785034, 0.25268803500097375]
,[0.07840853625134311, 0.25416798527960516]
,[0.07674033901719836, 0.25625018634666835]
,[0.0802463130646118, 0.25646893635411816]
,[0.07838127809853021, 0.2545841077810585]
,[0.07737052047939484, 0.2553599785687355]
,[0.07965449278525903, 0.2547375415479011]
,[0.07965335190488934, 0.2541658460201589]
,[0.078437259727478, 0.2531596115343194]
,[0.07704219968623886, 0.2541006041550011]
,[0.0789331631531847, 0.2565239321827416]
,[0.0767608104054792, 0.2568351330919964]
,[0.07802092685497182, 0.2527100446767241]
,[0.08044484142978581, 0.2545929625525272]
,[0.07669460190810816, 0.2546362365702742]
,[0.08017388407058121, 0.2547717374933367]
,[0.07692087636321583, 0.25329151108865333]
,[0.07847988610883766, 0.25615873211959356]
,[0.07658106715997882, 0.25428006258696734]
,[0.07662080048092448, 0.25447816927540723]
,[0.0797324709731738, 0.25423346839684985]
,[0.08065903918655583, 0.25673142709055236]
,[0.076750451323579, 0.25287236828233683]
,[0.07720582428919193, 0.25598169080581995]
,[0.07682063346409176, 0.2530055249830889]
],"vol":[[0.7891804258059408, 0.7255714444307877]
,[0.7916382245563657, 0.7258586157260796]
,[0.7874316285868498, 0.7218390845134518]
,[0.7900693856700545, 0.7229594220288714]
,[0.7889446928758397, 0.724993144030136]
,[0.7919208323954302, 0.7228301845314414]
,[0.7897068331006524, 0.7214483158885956]
,[0.7890111449547795, 0.7237300969781607]
,[0.7920407397778387, 0.7229313006577464]
,[0.7888260542516169, 0.7254066972437063]
,[0.7916309488960278, 0.7255390981167129]
,[0.7908077572018322, 0.7239434556728562]
,[0.7910886353654009, 0.7248491327036161]
,[0.787640026173541, 0.7238075753675247]
,[0.7905812266648781, 0.7241803226733774]
,[0.7879184974437761, 0.7229820351987465]
,[0.787978978570417, 0.7226222659255068]
,[0.7906346034005242, 0.7242143382870962]
,[0.7909538812244649, 0.7256447231433714]
,[0.7911940909839539, 0.7232277586646243]
,[0.7920710275311702, 0.7219873565728995]
,[0.7903036382116586, 0.7232291063272684]
,[0.7906465865308258, 0.7235520324195718]
,[0.7886750213334426, 0.724659827465303]
,[0.7920097369492942, 0.7244740758493227]
,[0.7916840961210849, 0.721669862620746]
,[0.7895156595114041, 0.7214617037104376]
,[0.7914733094846643, 0.7237724035644602]
,[0.7907473851059365, 0.7239444982274019]
,[0.7903937698995464, 0.7259685084026367]
,[0.7893304703579245, 0.7215784478484438]
,[0.7917025388510625, 0.7234320911784069]
,[0.7874957083355709, 0.7248938145939402]
,[0.7919495222546217, 0.7233841409585916]
,[0.7879041045846906, 0.7241117605517812]
,[0.7914688500172143, 0.7238693227103198]
,[0.7890516019785553, 0.7231630962062099]
,[0.7920614964020369, 0.7221472368119694]
,[0.7912401499874345, 0.7261442824554578]
,[0.789666653409449, 0.7215059324035371]
]}