{
"parameters":[1, 2, 3, 4, 40, 40]
,"current_iter":26,"domain":[[-2, -2]
,[2, 2]
],"result":[0.007661245992686527, 1.112713060683643E-05, 1.6278315808257015E-07, 2.242672935058246E-05, 3.420793207047986E-06, 0.0004308561398835576, 0.588533156514644, 2.762064209000601E-06, 2.4271527503022833E-07, 0.07623362882114776, 0.0016787375569345662, 2.799193873574196E-05, 1.5818174521151628E-06, 2.3121556407494244E-06, 0.0015155654599454255, 0.02504674361694296, 9.141592493235447E-05, 3.975720020392947E-06, 8.514049434753199E-05, 1.5299409417973681E-06, 0.00034754402286462684, 0.00025076550788384665, 1.5712240542504085E-05, 0.042422252515536364, 0.0015863433252573753, 4.4860422971747305E-06, 0.0017726449011127808, 0.001819992710109197, 2.348476422466954E-06, 0.0031129007050766187, 0.0002776973839734912, 4.44888657340753E-07, 0.0002080433738628727, 0.00011313353888391182, 8.934496321823764E-07, 8.89895454487103E-06, 0.00013151073010545176, 6.709033834213159E-07, 2.7955041422785986E-06, 0.00039861655436701976]
,"population":[[-0.08338895582134735, -0.05305536001492687]
,[-0.002910669198330719, 0.0016294586293383582]
,[-0.0004033412706519521, -9.948742203858994E-06]
,[0.004502932522851088, 0.0014663996880906634]
,[-0.002926306088314122, -5.035632893326999E-05]
,[0.01598056697577017, 0.013246796556771051]
,[0.955187422255398, -0.13792018853684515]
,[-0.0017093647553555404, 0.0007908754151644275]
,[0.0004924176293408617, -1.5496881768731726E-05]
,[-0.25510007476793434, 0.15922274510716222]
,[0.040902436843250026, 0.0023933694279214416]
,[-0.005149303988721328, 0.0012151572603908436]
,[-0.002888528272147243, -2.692454372766512E-05]
,[-0.0008290639370028864, 0.0012746798143497442]
,[-0.0025896118358547074, -0.0542644600705571]
,[-8.562800632033323E-05, 0.1640215722224185]
,[0.008502747703694717, -0.004372551477074763]
,[-0.00038765578539432243, 0.0019558739766261162]
,[-0.003926497154002749, -0.011392120774654693]
,[-0.0016659517678768829, -0.0008755814891955042]
,[-0.018349497601065974, 0.00329240955124069]
,[-0.0013291309554021619, -0.01577969957848496]
,[-0.00394693305747537, 0.0003660054402768031]
,[0.19105978030609125, 0.07693122165235977]
,[0.045894486895088106, 0.02463199813902662]
,[-0.00021070892715879135, 0.0021075208291237175]
,[0.035215981667469407, -0.02307551811572688]
,[-0.04230422322351466, -0.015164544313930241]
,[-0.001640915292436425, 0.0005119239601264227]
,[0.04377300806539713, -0.03459515096055077]
,[0.014425939560490009, -0.008342041223260679]
,[-0.0013797790704168397, -0.00042624984448439]
,[0.019820881884346588, 0.00019940915255284636]
,[0.005195326441626277, 0.009281278039626367]
,[-0.0004850867927448061, -0.0008112585504553612]
,[-0.002371822481784656, 0.0018092574885217154]
,[-0.0017654287505761766, 0.011331107246517915]
,[-0.00045208179104616017, -0.0006830266741685949]
,[0.0016454567940072146, 0.0002966076218408715]
,[-0.001422866089454679, -0.019914617908925587]
],"den":[[0.07676797034303605, 0.2558073648077279]
,[0.07676797034303581, 0.25580736480773597]
,[0.07676797034303717, 0.25580736480773264]
,[0.07676797034303573, 0.2558073648077309]
,[0.07676797034303535, 0.2558073648077362]
,[0.07676797034303431, 0.2558073648077308]
,[0.07676797034303569, 0.25580736480773336]
,[0.07676797034303073, 0.25580736480773614]
,[0.07676797034302893, 0.2558073648077308]
,[0.07676797034303265, 0.2558073648077349]
,[0.0767679703430338, 0.2558073648077347]
,[0.07676797034303473, 0.25580736480772803]
,[0.07676797034302903, 0.2558073648077301]
,[0.0767679703430295, 0.255807364807728]
,[0.07676797034303105, 0.25580736480773425]
,[0.07676797034303576, 0.2558073648077279]
,[0.07676797034303291, 0.2558073648077307]
,[0.07676797034302978, 0.2558073648077346]
,[0.07676797034303635, 0.255807364807735]
,[0.07676797034303286, 0.2558073648077315]
,[0.07676797034303096, 0.2558073648077329]
,[0.07676797034303524, 0.25580736480773175]
,[0.07676797034303524, 0.2558073648077307]
,[0.07676797034303297, 0.2558073648077288]
,[0.07676797034303035, 0.2558073648077306]
,[0.07676797034303388, 0.25580736480773514]
,[0.07676797034302982, 0.2558073648077357]
,[0.07676797034303218, 0.255807364807728]
,[0.07676797034303673, 0.2558073648077315]
,[0.07676797034302969, 0.2558073648077316]
,[0.07676797034303622, 0.2558073648077318]
,[0.07676797034303012, 0.25580736480772903]
,[0.07676797034303304, 0.2558073648077344]
,[0.07676797034302948, 0.2558073648077309]
,[0.07676797034302955, 0.25580736480773125]
,[0.07676797034303538, 0.2558073648077308]
,[0.07676797034303713, 0.2558073648077355]
,[0.0767679703430298, 0.25580736480772825]
,[0.07676797034303065, 0.2558073648077341]
,[0.07676797034302993, 0.25580736480772853]
],"vol":[[0.7907760025642878, 0.7239539218940083]
,[0.7907760025642924, 0.7239539218940089]
,[0.7907760025642845, 0.7239539218940013]
,[0.7907760025642895, 0.7239539218940034]
,[0.7907760025642874, 0.7239539218940072]
,[0.7907760025642929, 0.7239539218940032]
,[0.7907760025642888, 0.7239539218940005]
,[0.7907760025642875, 0.7239539218940049]
,[0.7907760025642931, 0.7239539218940033]
,[0.790776002564287, 0.723953921894008]
,[0.7907760025642924, 0.7239539218940082]
,[0.7907760025642908, 0.7239539218940053]
,[0.7907760025642914, 0.723953921894007]
,[0.7907760025642849, 0.723953921894005]
,[0.7907760025642904, 0.7239539218940058]
,[0.7907760025642854, 0.7239539218940034]
,[0.7907760025642855, 0.7239539218940028]
,[0.7907760025642905, 0.7239539218940058]
,[0.7907760025642911, 0.7239539218940084]
,[0.7907760025642916, 0.7239539218940039]
,[0.7907760025642931, 0.7239539218940015]
,[0.7907760025642899, 0.7239539218940039]
,[0.7907760025642905, 0.7239539218940045]
,[0.7907760025642868, 0.7239539218940066]
,[0.790776002564293, 0.7239539218940062]
,[0.7907760025642925, 0.723953921894001]
,[0.7907760025642884, 0.7239539218940007]
,[0.790776002564292, 0.723953921894005]
,[0.7907760025642907, 0.7239539218940053]
,[0.79077600256429, 0.7239539218940091]
,[0.790776002564288, 0.7239539218940009]
,[0.7907760025642925, 0.7239539218940043]
,[0.7907760025642846, 0.7239539218940071]
,[0.7907760025642929, 0.7239539218940042]
,[0.7907760025642854, 0.7239539218940055]
,[0.790776002564292, 0.7239539218940051]
,[0.7907760025642875, 0.7239539218940038]
,[0.7907760025642931, 0.7239539218940019]
,[0.7907760025642916, 0.7239539218940094]
,[0.7907760025642887, 0.7239539218940007]
]}