{
"parameters":[1, 2, 3, 4, 40, 40]
,"current_iter":27,"domain":[[-2, -2]
,[2, 2]
],"result":[0.006923855278749423, 5.495230421545294E-06, 1.6278315808257015E-07, 2.242672935058246E-05, 3.420793207047986E-06, 0.00040634806005572966, 0.5375148830248269, 2.5597667098614277E-06, 2.4271527503022833E-07, 0.01754035010568687, 0.0016787375569345662, 1.7201590089791612E-06, 7.412294125408547E-07, 3.825507820105969E-07, 0.0015155654599454255, 0.02504674361694296, 4.144355640545363E-05, 3.829032029706151E-06, 7.971310487174246E-06, 1.5299409417973681E-06, 3.258605505392927E-05, 0.00025076550788384665, 7.335066206485603E-07, 0.014574174005101205, 0.0005100171564916266, 4.4860422971747305E-06, 0.0017726449011127808, 0.001819992710109197, 2.348476422466954E-06, 0.0005058721496778931, 0.0002776973839734912, 4.44888657340753E-07, 0.0002080433738628727, 0.00011226305169798036, 1.2719858933617556E-07, 6.478092826308376E-06, 1.3864768130379628E-05, 2.7226611316730894E-07, 1.6826466136164835E-06, 0.00039861655436701976]
,"population":[[-0.07940010474744481, -0.02488932793074604]
,[0.0005011430787245045, -0.0022899969511315553]
,[-0.0004033412706519521, -9.948742203858994E-06]
,[-0.005864774231285177, -0.0013960210630812753]
,[-0.0020332392954341373, -0.00016223343980221991]
,[-0.0074110260237985415, -0.01874632639559843]
,[0.6740592357901976, -0.28837307376168414]
,[-0.001219944243435162, 0.0010351341713859311]
,[-0.0014473361317663427, -2.6184749221125477E-06]
,[-0.05295807349415929, 0.12139107280798737]
,[-0.058236365945905144, -0.002694691048464778]
,[0.0011806063870700204, -0.0005712508799018468]
,[-0.0008590067217064425, -5.7765600524925306E-05]
,[0.0001724958894860633, -0.0005939662870239427]
,[-0.0020206239798720234, -0.053529880616343416]
,[0.0009234117124768268, 0.1844552600369564]
,[-0.005794524785798862, 0.002804824221268826]
,[-0.0004194051696928434, -0.0019113166491560387]
,[-0.0028232178339130313, -2.7414402230532585E-05]
,[-0.0011705001982965087, -0.0008681224559382517]
,[0.004221540109331485, -0.003842480209348486]
,[-0.00031285346770002295, 0.016662138429436858]
,[0.0008448427141054764, -0.00014052547481311899]
,[-0.11948536095529486, -0.017245942203431626]
,[0.01998327151242614, 0.010520742186380414]
,[-0.000542429104422985, -0.002725055123702149]
,[-0.03449329703154277, 0.02817424538077237]
,[-0.0529592274107497, -0.01745781788195523]
,[-0.001778883628453222, 0.0013336739153784409]
,[-0.01050442508873635, 0.019887916010306848]
,[-0.018494213476859905, 0.004953302600435778]
,[-0.0005413553247721263, -0.00042874773162835907]
,[0.019164387490311463, 0.0004442966295742976]
,[-0.007235063439926234, -0.007740601315028641]
,[-0.00030048664043751463, 0.00019211030231289358]
,[-0.00011603035747796719, -0.002542563624071561]
,[-0.0003839278133022413, -0.003703696473059393]
,[-0.00039102675924045435, 0.00034549122525068086]
,[-0.0012757240781805703, -0.00023489293298611106]
,[0.0008317787732630065, 0.021152414207419652]
],"den":[[0.07676797034303645, 0.2558073648077296]
,[0.0767679703430363, 0.2558073648077348]
,[0.07676797034303717, 0.25580736480773264]
,[0.07676797034303624, 0.25580736480773153]
,[0.076767970343036, 0.2558073648077349]
,[0.07676797034303533, 0.2558073648077315]
,[0.07676797034303622, 0.2558073648077331]
,[0.07676797034303301, 0.2558073648077349]
,[0.07676797034303184, 0.2558073648077315]
,[0.07676797034303424, 0.25580736480773414]
,[0.076767970343035, 0.255807364807734]
,[0.07676797034303559, 0.25580736480772964]
,[0.0767679703430319, 0.255807364807731]
,[0.0767679703430322, 0.25580736480772964]
,[0.07676797034303322, 0.2558073648077337]
,[0.07676797034303626, 0.2558073648077296]
,[0.07676797034303441, 0.25580736480773136]
,[0.07676797034303239, 0.2558073648077339]
,[0.07676797034303665, 0.2558073648077342]
,[0.07676797034303438, 0.25580736480773186]
,[0.07676797034303315, 0.2558073648077328]
,[0.07676797034303592, 0.2558073648077321]
,[0.07676797034303592, 0.25580736480773136]
,[0.07676797034303445, 0.25580736480773014]
,[0.07676797034303276, 0.2558073648077313]
,[0.07676797034303505, 0.25580736480773425]
,[0.07676797034303241, 0.25580736480773464]
,[0.07676797034303394, 0.25580736480772964]
,[0.07676797034303688, 0.25580736480773186]
,[0.07676797034303233, 0.255807364807732]
,[0.07676797034303655, 0.2558073648077321]
,[0.07676797034303261, 0.2558073648077303]
,[0.0767679703430345, 0.2558073648077338]
,[0.0767679703430322, 0.25580736480773153]
,[0.07676797034303225, 0.25580736480773175]
,[0.07676797034303602, 0.2558073648077315]
,[0.07676797034303715, 0.2558073648077345]
,[0.0767679703430324, 0.2558073648077298]
,[0.07676797034303295, 0.2558073648077336]
,[0.07676797034303248, 0.25580736480773]
],"vol":[[0.7907760025642866, 0.7239539218940059]
,[0.7907760025642896, 0.7239539218940062]
,[0.7907760025642845, 0.7239539218940013]
,[0.7907760025642877, 0.7239539218940026]
,[0.7907760025642864, 0.7239539218940051]
,[0.7907760025642899, 0.7239539218940025]
,[0.7907760025642873, 0.7239539218940008]
,[0.7907760025642864, 0.7239539218940036]
,[0.79077600256429, 0.7239539218940026]
,[0.7907760025642862, 0.7239539218940056]
,[0.7907760025642896, 0.7239539218940058]
,[0.7907760025642886, 0.7239539218940039]
,[0.7907760025642889, 0.723953921894005]
,[0.7907760025642848, 0.7239539218940036]
,[0.7907760025642883, 0.7239539218940042]
,[0.790776002564285, 0.7239539218940026]
,[0.7907760025642852, 0.7239539218940022]
,[0.7907760025642884, 0.7239539218940042]
,[0.7907760025642888, 0.7239539218940059]
,[0.790776002564289, 0.723953921894003]
,[0.79077600256429, 0.7239539218940014]
,[0.790776002564288, 0.723953921894003]
,[0.7907760025642884, 0.7239539218940034]
,[0.790776002564286, 0.7239539218940048]
,[0.79077600256429, 0.7239539218940044]
,[0.7907760025642897, 0.7239539218940011]
,[0.790776002564287, 0.7239539218940009]
,[0.7907760025642894, 0.7239539218940036]
,[0.7907760025642885, 0.7239539218940039]
,[0.790776002564288, 0.7239539218940063]
,[0.7907760025642868, 0.723953921894001]
,[0.7907760025642897, 0.7239539218940032]
,[0.7907760025642846, 0.7239539218940051]
,[0.7907760025642899, 0.7239539218940032]
,[0.790776002564285, 0.7239539218940041]
,[0.7907760025642894, 0.7239539218940038]
,[0.7907760025642864, 0.7239539218940029]
,[0.79077600256429, 0.7239539218940017]
,[0.790776002564289, 0.7239539218940065]
,[0.7907760025642873, 0.7239539218940009]
]}