{
"parameters":[1, 2, 3, 4, 40, 40]
,"current_iter":9,"domain":[[-2, -2]
,[2, 2]
],"result":[0.28215892000748677, 0.14583855940659288, 0.1744851257627523, 0.10685066752584413, 0.6064413286014265, 0.16812590860150758, 1.3236677743015837, 1.4226036028601747, 0.22785955551862574, 0.2989943685921762, 0.03533484453167486, 0.029778049059876962, 0.015363395302370799, 0.16365359013800487, 0.327897971140247, 0.5650016370022665, 0.039267083162092806, 0.028816400591607966, 0.13495442679463754, 0.46900797725426147, 1.5601282993122993, 0.12330166024731017, 0.7365642897194598, 0.740605862449864, 0.26861470357439476, 0.028718419061823635, 0.12525616636683284, 2.057338934314543, 1.3272355145353392, 0.2190745795887815, 0.07677658469655053, 0.062115428865430714, 0.012591865186321964, 0.3558157177023732, 0.03225594663570729, 0.46152886417669087, 0.046516599214443274, 0.0005537797012253181, 0.22395171664108499, 0.021243490421255083]
,"population":[[0.7589807807617787, 1.200971845862194]
,[-0.17198077839093684, 0.3409709243771972]
,[-1.1650265220208822, -0.08974693735921786]
,[0.06286304256190836, 0.8094627416470619]
,[0.1466327796218062, 2]
,[-0.25562256610148376, -0.8464598306801974]
,[-2, 0.5070335606541789]
,[2, -2]
,[-0.04162349942654882, 0.4755281693171434]
,[-0.4650763331673829, 0.385718151873282]
,[0.3452308193764832, 0.1974493142970161]
,[0.25810991038893705, -0.26108401779039925]
,[0.12899698097613493, 0.2225956394900888]
,[-0.6920688467704229, -0.02921260954244757]
,[-0.5497898691861898, -0.16009082072523498]
,[0.6077947128099358, 0.7245962365327103]
,[-0.39963040951345086, -0.3422848169865235]
,[-0.02093160837250452, -0.364492235728878]
,[-0.04823227717513606, 0.36418137546164875]
,[-0.026871357479206864, 1.4865367497588735]
,[1.2965080827559072, -2]
,[0.04244208790139961, 1.0357568036457385]
,[-0.5834738129971718, 2]
,[0.25994571959536816, 2]
,[0.7335397471176865, 1.2557764133743077]
,[-0.1844823287271089, -0.03893109819763384]
,[-0.5901131184392552, 0.3440034713902874]
,[-2, -2]
,[1.1491938190114248, 0.0811731536979796]
,[0.8164566622640195, -0.7920006437290901]
,[0.5480630929161739, -0.4154109863039499]
,[-0.3537498463941327, -0.32253126938163024]
,[0.12264438044766632, 0.02989244547608219]
,[-0.5678860050859372, -0.18254096233423367]
,[-0.2798370653792909, 0.28544552360203185]
,[-0.6041838863664162, 0.8881342020301706]
,[-0.8658349388641271, 0.16780171197117005]
,[-0.023433457326633822, -0.002157030121753001]
,[-1.6379093210206297, 0.02620094277183088]
,[-0.2891520088990985, -0.03465573378243278]
],"den":[[0.07681669527778183, 0.2558032264499987]
,[0.07681486220401869, 0.25586787176294107]
,[0.07682575365965587, 0.25584090149514194]
,[0.0768141864205833, 0.2558269576385249]
,[0.07681111469452065, 0.2558693516263532]
,[0.0768027451556691, 0.25582631236089587]
,[0.07681382868651236, 0.2558465484235981]
,[0.07677407199758586, 0.255869129248299]
,[0.07675954076564098, 0.2558261593330854]
,[0.07678940074617849, 0.2558592238009056]
,[0.07679861986128095, 0.25585731656250704]
,[0.07680616687685089, 0.2558040676072928]
,[0.07676031644331191, 0.25582059664824736]
,[0.07676407005556397, 0.25580345593980197]
,[0.07677655224176218, 0.25585367052776226]
,[0.0768143875133407, 0.2558030163779931]
,[0.07679149135810287, 0.25582529766808415]
,[0.07676637592886193, 0.25585664610368564]
,[0.07681915988108656, 0.2558599394794455]
,[0.07679108097484949, 0.2558315625719138]
,[0.07677586358271891, 0.2558432436414355]
,[0.07681024977139138, 0.2558338725834852]
,[0.07681023259494509, 0.25582526546061]
,[0.07679192380243119, 0.2558101161662031]
,[0.07677092057149694, 0.2558242832161761]
,[0.07679938984250351, 0.2558607674653779]
,[0.07676668413444657, 0.25586545272935995]
,[0.07678565573137454, 0.2558033477431594]
,[0.07682214881129565, 0.25583169588431937]
,[0.07676568733694754, 0.2558323473933307]
,[0.07681806943132599, 0.2558343874182004]
,[0.07676909399651391, 0.2558121019709125]
,[0.07679256556099721, 0.2558552692208316]
,[0.07676397802232054, 0.2558269850403114]
,[0.07676457622461359, 0.25582996762199534]
,[0.07681142376666054, 0.25582628354467235]
,[0.07682537365095707, 0.2558638913907557]
,[0.07676652817399827, 0.25580579159508976]
,[0.0767733840105037, 0.2558526037874537]
,[0.07676758479640955, 0.255807796326681]
],"vol":[[0.7907335383178317, 0.7240044492277213]
,[0.7907705415386387, 0.7240087727154956]
,[0.7907072094210358, 0.7239482569385322]
,[0.7907469219922006, 0.7239651241032885]
,[0.7907299892568426, 0.7239957426656342]
,[0.7907747963216102, 0.7239631783769946]
,[0.7907414636068152, 0.7239423737482557]
,[0.7907309897215673, 0.7239767269472211]
,[0.7907766015789962, 0.723964700723911]
,[0.7907282031011585, 0.724001968887726]
,[0.7907704320004326, 0.7240039622400044]
,[0.7907580384942428, 0.723979939154441]
,[0.7907622672362032, 0.7239935745129679]
,[0.7907103469366338, 0.7239778934178075]
,[0.7907546279792537, 0.7239835052893496]
,[0.7907145394417765, 0.7239654645543193]
,[0.7907154500112376, 0.7239600480726587]
,[0.7907554315890426, 0.7239840174090929]
,[0.7907602384544606, 0.7240055524703614]
,[0.7907638549160481, 0.7239691640271357]
,[0.7907770575741928, 0.7239504892383714]
,[0.7907504487653021, 0.7239691843167784]
,[0.7907556120002404, 0.7239740461084511]
,[0.7907259292353999, 0.7239907244409138]
,[0.7907761348180338, 0.7239879278701774]
,[0.7907712321548406, 0.7239457092299127]
,[0.7907385854059316, 0.7239425753076908]
,[0.790768058671068, 0.7239773638911345]
,[0.7907571295662865, 0.7239799548505496]
,[0.790751805736758, 0.7240104271971634]
,[0.7907357973033108, 0.7239443329410673]
,[0.7907715098180991, 0.7239722403413068]
,[0.7907081741693053, 0.7239942472181085]
,[0.7907752282598209, 0.7239715184300554]
,[0.7907143227510719, 0.7239824730570221]
,[0.7907679915318612, 0.7239788230506993]
,[0.7907315988195187, 0.7239681905059203]
,[0.7907769140789307, 0.723952896304364]
,[0.7907645483542214, 0.7240130735513808]
,[0.7907408586842253, 0.7239432411897515]
]}