{
"parameters":[1, 2, 3, 4, 40, 40]
,"current_iter":8,"domain":[[-2, -2]
,[2, 2]
],"result":[0.28215892000748677, 0.9155694130836265, 0.1744851257627523, 0.10685066752584413, 0.6064413286014265, 0.16812590860150758, 1.3236677743015837, 1.4226036028601747, 1.292029365009457, 0.2989943685921762, 0.03533484453167486, 0.029778049059876962, 0.015363395302370799, 0.16365359013800487, 0.7590646174765626, 0.5650016370022665, 0.039267083162092806, 0.028816400591607966, 0.9455457055005224, 0.46900797725426147, 1.5601282993122993, 0.12330166024731017, 0.7365642897194598, 0.740605862449864, 0.26861470357439476, 0.028718419061823635, 0.12525616636683284, 2.057338934314543, 2.9852931149934667, 0.2190745795887815, 0.07677658469655053, 0.062115428865430714, 0.012591865186321964, 0.4494823301541944, 0.03225594663570729, 0.46152886417669087, 0.046516599214443274, 0.0005537797012253181, 0.22395171664108499, 0.021243490421255083]
,"population":[[1.0849112896979298, 0.6413979188681876]
,[-2, 0.737224674236237]
,[-1.9685375139258658, -0.4614843470510769]
,[0.37118064891896385, -0.03453453169853255]
,[0.4640405067899912, 2]
,[-1.429899509667774, -1.0457004901882538]
,[-2, 2]
,[2, -2]
,[-0.018560897669809256, -1.1365231445453048]
,[-1.0233026701304537, -0.05072270827176893]
,[-0.17645168649538057, -0.0648046824281301]
,[0.18335648105619975, -0.3731445324477034]
,[-0.07844984773570944, -0.0959636217147665]
,[-0.48543767201026145, -0.2862480125513489]
,[-0.534555656809611, -1.5435356221803274]
,[0.23922024599310857, 1.8198661719184823]
,[-0.9140811709027921, -0.10269571610938358]
,[-0.16701106035563218, -0.30679133127654257]
,[-0.010788089739821788, -0.9723318994151575]
,[-0.14833485044369304, 1.24490996531164]
,[1.9393383630814218, -0.1966881906034479]
,[-0.021110711296724004, 0.5847461547272481]
,[0.14428172310575335, -0.846018365106275]
,[0.4010279574639687, 2]
,[0.9850904212084114, 0.23344136971502902]
,[0.16804604757129335, 0.021884811113880978]
,[-0.47399850667565024, -0.06367156530308554]
,[-0.17167722680958009, -1.9945048251188295]
,[1.5162021902989324, 2]
,[-0.40209814740003136, 0.23956556398248088]
,[0.14291169437351914, -0.9840486973848996]
,[-0.6370908750049048, -0.43318522349429534]
,[-0.0815373858273872, -0.0770942274023014]
,[-2, -0.1826733628511933]
,[-0.363205274725356, -0.06578662115832574]
,[-1.342156431847638, 0.7884531547885393]
,[-1.1645049145150268, -0.049872491059185974]
,[-0.023433457326633822, -0.002157030121753001]
,[-1.1829889259707616, 0.043281794220817654]
,[-0.377808067903715, -0.3390123767215838]
],"den":[[0.07720362655195619, 0.25578344187437696]
,[0.07718765525785873, 0.256346686696155]
,[0.07728255086142302, 0.2561116988371996]
,[0.07718176725912688, 0.25599020812615364]
,[0.07715500377512531, 0.2563595805219546]
,[0.07708208125059496, 0.2559845859198929]
,[0.07717865037634207, 0.25616089966966715]
,[0.07683225636647996, 0.25635764297564523]
,[0.07670564794315461, 0.25598325261175453]
,[0.07696581343158124, 0.2562713383125875]
,[0.07704613818532581, 0.25625472083325357]
,[0.07711189418906636, 0.2557907707504956]
,[0.07671240630523272, 0.2559347857811743]
,[0.0767451109603378, 0.2557854413842789]
,[0.07685386635837989, 0.2562229534846779]
,[0.07718351934986863, 0.2557816115488054]
,[0.07698402861667598, 0.2559757450550893]
,[0.07676520168518129, 0.25624887922707706]
,[0.07722510026731078, 0.2562775739113236]
,[0.07698045300953783, 0.2560303302133998]
,[0.07684786617642653, 0.2561321056031611]
,[0.07714746783088398, 0.25605045699439344]
,[0.07714731817510866, 0.2559754644362448]
,[0.07698779643861924, 0.2558434709282869]
,[0.07680479846821933, 0.2559669062892432]
,[0.07705284691511204, 0.2562847880273624]
,[0.07676788703376554, 0.25632561002290144]
,[0.07693318368473967, 0.2557844986833175]
,[0.07725114236357883, 0.25603149174420087]
,[0.0767592020881116, 0.2560371682435519]
,[0.07721559934368463, 0.25605494267130025]
,[0.07678888379700871, 0.2558607729439896]
,[0.07699338798381708, 0.2562368826552848]
,[0.0767443090886253, 0.25599044687377015]
,[0.07674952113461284, 0.25601643365629956]
,[0.07715769667387429, 0.2559843348485011]
,[0.07727923990317884, 0.2563120063160921]
,[0.07676652817399827, 0.25580579159508976]
,[0.07682626203922183, 0.2562136591379166]
,[0.07677573436505279, 0.2558232585178476]
],"vol":[[0.7903989876413015, 0.7244020691183993]
,[0.790721391100424, 0.7244397390126275]
,[0.7901695879507689, 0.7239124742124569]
,[0.790515597569255, 0.7240594352646154]
,[0.790368065210374, 0.7243262101614567]
,[0.7907584623801103, 0.7240424824460769]
,[0.7904680394840095, 0.7238612148665285]
,[0.7903767821080095, 0.7241605290866653]
,[0.7907741913143268, 0.724055746424215]
,[0.7903525027063942, 0.7243804582916435]
,[0.790720436710623, 0.7243978260681716]
,[0.7906124539680638, 0.7241885165617146]
,[0.7906492983563648, 0.7243073193756204]
,[0.790196924649028, 0.7241706923682332]
,[0.7905827386674524, 0.7242195877551175]
,[0.7902334533114233, 0.7240624015628886]
,[0.7902413869652415, 0.7240152085784515]
,[0.7905897403978447, 0.724224049776886]
,[0.7906316218882807, 0.7244116815044472]
,[0.7906631315704143, 0.7240946345092895]
,[0.7907781643314183, 0.7239319239028958]
,[0.7905463258091925, 0.7240948112898734]
,[0.7905913122932897, 0.7241371713444471]
,[0.790332690858393, 0.7242824871294279]
,[0.7907701244967472, 0.7242581210321144]
,[0.7907274083348043, 0.7238902764130812]
,[0.7904429621555846, 0.7238629710233625]
,[0.7906997582512867, 0.7241660786825238]
,[0.7906045346164293, 0.7241886533195315]
,[0.7905581488959879, 0.7244541542608443]
,[0.7904186698396806, 0.7238782850167963]
,[0.7907298275727258, 0.7241214379687848]
,[0.7901779936563392, 0.7243131805536351]
,[0.7907622257923276, 0.7241151480653778]
,[0.7902315653181305, 0.7242105940711702]
,[0.7906991732775449, 0.7241787921188355]
,[0.7903820890862187, 0.7240861523663701]
,[0.7907769140789307, 0.723952896304364]
,[0.7906691733922044, 0.7244772115443764]
,[0.7904627688850931, 0.7238687727529164]
]}