{
"parameters":[1, 2, 3, 4, 40, 40]
,"current_iter":37,"domain":[[-2, -2]
,[2, 2]
],"result":[2.4072079136026125E-15, 2.5019046778734E-15, 1.910579600618719E-15, 3.614336320980796E-15, 1.8576972974040744E-15, 1.8447573487640594E-15, 1.1942273060527607E-11, 9.621004139800806E-15, 9.628111960169436E-16, 2.5213905996140494E-11, 2.0397888953942733E-14, 2.651792316757259E-15, 1.4048715530160322E-15, 1.2438496214625625E-15, 1.926678106637857E-15, 4.029253582800683E-12, 3.492947278293862E-13, 1.897242449421509E-15, 1.9705963632936576E-15, 1.498632475792158E-15, 1.146201223633644E-15, 1.3971102543344327E-14, 1.5258492058515774E-15, 2.711321976790407E-13, 7.938435818990521E-12, 1.7246821121947661E-15, 4.119467687468627E-14, 4.978237500939672E-15, 1.0229245343123092E-15, 8.346422078054519E-14, 3.4289600460302213E-14, 7.024124623945695E-15, 3.607583444929695E-15, 6.39366391518165E-14, 1.6242300609231021E-15, 1.2897164061807956E-14, 3.6874198475340665E-14, 2.1366833210393905E-14, 1.567442083898974E-15, 1.6196481438663477E-15]
,"population":[[-4.862467542840676E-08, 6.545903534632056E-09]
,[-3.4884800055833567E-08, 3.584627460333799E-08]
,[-2.7033057758779184E-08, 3.434812060112209E-08]
,[-5.2171966181037246E-08, 2.987343746182387E-08]
,[-9.775641503272109E-09, 4.197778139210764E-08]
,[-3.049288761507943E-08, 3.024799420884292E-08]
,[4.870700405364653E-07, -3.4212623161838107E-06]
,[-1.4723603048095736E-08, 9.697535590593577E-08]
,[-1.4464335583414005E-08, 2.7451670115811295E-08]
,[-4.945762927262485E-06, 8.679487677602325E-07]
,[1.383965179819323E-07, 3.5274534219737373E-08]
,[-3.554376272304146E-08, 3.726168606283655E-08]
,[-3.6381982832705665E-08, 9.012373615021883E-09]
,[-2.580196244264979E-08, 2.4043883953526564E-08]
,[-3.533447062639079E-08, 2.6041376541776423E-08]
,[-3.2296354988754715E-08, 2.0070402408160937E-06]
,[-5.896334235498268E-07, 4.033799278963652E-08]
,[-4.946769631919218E-09, 4.327553488554741E-08]
,[-3.4354420763660863E-08, 2.8113522320886884E-08]
,[-1.637492072372941E-08, 3.507840428360069E-08]
,[-1.6853920674281495E-08, 2.9362332699202744E-08]
,[-1.1760373673904907E-07, 1.1851736090411768E-08]
,[-1.924724631488919E-08, 3.399106816717536E-08]
,[-1.1653645272426544E-07, -5.074952737370918E-07]
,[-2.817512258825311E-06, 7.77755486096414E-09]
,[-4.1505595196145747E-08, -1.4027400359472172E-09]
,[2.0213619746939258E-07, 1.83203315281411E-08]
,[-6.462021847000032E-08, 2.8327810819565667E-08]
,[-5.0326933859447E-10, 3.197923160873538E-08]
,[-2.5854601136994878E-08, 2.8774252445648713E-07]
,[-1.8019917903772867E-07, 4.263632646500897E-08]
,[-7.9347584747899E-08, 2.6983057992390007E-08]
,[-2.846527194510939E-08, 5.288961843330563E-08]
,[-3.050313987661682E-08, -2.510103535902136E-07]
,[-2.2085208547911973E-08, 3.3711624468695335E-08]
,[-1.0722853814344208E-07, 3.7405944306063735E-08]
,[-1.7411593216058226E-08, -1.9123554820435237E-07]
,[-1.4401965212859447E-07, 2.5003459983621E-08]
,[-3.432795856394582E-08, -1.972392822768813E-08]
,[-1.729734710570185E-08, 3.6337995637778585E-08]
],"den":[[0.07676797034303244, 0.25580736480773164]
,[0.07676797034303244, 0.25580736480773164]
,[0.07676797034303244, 0.25580736480773164]
,[0.07676797034303244, 0.25580736480773164]
,[0.07676797034303244, 0.25580736480773164]
,[0.07676797034303244, 0.25580736480773164]
,[0.07676797034303244, 0.25580736480773164]
,[0.07676797034303244, 0.25580736480773164]
,[0.07676797034303244, 0.25580736480773164]
,[0.07676797034303244, 0.25580736480773164]
,[0.07676797034303244, 0.25580736480773164]
,[0.07676797034303244, 0.25580736480773164]
,[0.07676797034303244, 0.25580736480773164]
,[0.07676797034303244, 0.25580736480773164]
,[0.07676797034303244, 0.25580736480773164]
,[0.07676797034303244, 0.25580736480773164]
,[0.07676797034303244, 0.25580736480773164]
,[0.07676797034303244, 0.25580736480773164]
,[0.07676797034303244, 0.25580736480773164]
,[0.07676797034303244, 0.25580736480773164]
,[0.07676797034303244, 0.25580736480773164]
,[0.07676797034303244, 0.25580736480773164]
,[0.07676797034303244, 0.25580736480773164]
,[0.07676797034303244, 0.25580736480773164]
,[0.07676797034303244, 0.25580736480773164]
,[0.07676797034303244, 0.25580736480773164]
,[0.07676797034303244, 0.25580736480773164]
,[0.07676797034303244, 0.25580736480773164]
,[0.07676797034303244, 0.25580736480773164]
,[0.07676797034303244, 0.25580736480773164]
,[0.07676797034303244, 0.25580736480773164]
,[0.07676797034303244, 0.25580736480773164]
,[0.07676797034303244, 0.25580736480773164]
,[0.07676797034303244, 0.25580736480773164]
,[0.07676797034303244, 0.25580736480773164]
,[0.07676797034303244, 0.25580736480773164]
,[0.07676797034303244, 0.25580736480773164]
,[0.07676797034303244, 0.25580736480773164]
,[0.07676797034303244, 0.25580736480773164]
,[0.07676797034303244, 0.25580736480773164]
],"vol":[[0.7907760025642858, 0.7239539218940038]
,[0.7907760025642858, 0.7239539218940038]
,[0.7907760025642858, 0.7239539218940038]
,[0.7907760025642858, 0.7239539218940038]
,[0.7907760025642858, 0.7239539218940038]
,[0.7907760025642858, 0.7239539218940038]
,[0.7907760025642858, 0.7239539218940038]
,[0.7907760025642858, 0.7239539218940038]
,[0.7907760025642858, 0.7239539218940038]
,[0.7907760025642858, 0.7239539218940038]
,[0.7907760025642858, 0.7239539218940038]
,[0.7907760025642858, 0.7239539218940038]
,[0.7907760025642858, 0.7239539218940038]
,[0.7907760025642858, 0.7239539218940038]
,[0.7907760025642858, 0.7239539218940038]
,[0.7907760025642858, 0.7239539218940038]
,[0.7907760025642858, 0.7239539218940038]
,[0.7907760025642858, 0.7239539218940038]
,[0.7907760025642858, 0.7239539218940038]
,[0.7907760025642858, 0.7239539218940038]
,[0.7907760025642858, 0.7239539218940038]
,[0.7907760025642858, 0.7239539218940038]
,[0.7907760025642858, 0.7239539218940038]
,[0.7907760025642858, 0.7239539218940038]
,[0.7907760025642858, 0.7239539218940038]
,[0.7907760025642858, 0.7239539218940038]
,[0.7907760025642858, 0.7239539218940038]
,[0.7907760025642858, 0.7239539218940038]
,[0.7907760025642858, 0.7239539218940038]
,[0.7907760025642858, 0.7239539218940038]
,[0.7907760025642858, 0.7239539218940038]
,[0.7907760025642858, 0.7239539218940038]
,[0.7907760025642858, 0.7239539218940038]
,[0.7907760025642858, 0.7239539218940038]
,[0.7907760025642858, 0.7239539218940038]
,[0.7907760025642858, 0.7239539218940038]
,[0.7907760025642858, 0.7239539218940038]
,[0.7907760025642858, 0.7239539218940038]
,[0.7907760025642858, 0.7239539218940038]
,[0.7907760025642858, 0.7239539218940038]
]}