{
"parameters":[1, 2, 3, 4, 40, 40]
,"current_iter":24,"domain":[[-2, -2]
,[2, 2]
],"result":[0.007661245992686527, 1.5116195052767475E-05, 7.5997128917258536E-06, 0.00021610327229609614, 1.540328960728416E-05, 0.0026759606637893965, 0.8037152706713568, 2.762064209000601E-06, 1.3970313696716398E-05, 0.07623362882114776, 0.003738130442563275, 0.00030391700919290567, 1.5818174521151628E-06, 2.4298353855564222E-06, 0.0070300082192284764, 0.02504674361694296, 0.002325237381792108, 4.533577154757264E-05, 0.00015688768209061555, 1.5299409417973681E-06, 0.25230441356229366, 0.0005365199006590742, 0.0007201722098439694, 0.32931904956452995, 0.0015863433252573753, 5.932546405250309E-06, 0.054893106954429075, 0.011052208355059753, 2.348476422466954E-06, 0.00712804298715288, 0.001600819381132992, 0.00010190034441676638, 0.0002080433738628727, 0.0002149304349244999, 1.1922138280712213E-06, 0.0002781831327840389, 0.0018736836400515336, 1.1827937545544289E-05, 1.6026106039092656E-05, 0.004038588172555117]
,"population":[[0.07855671163153165, 0.038601671600164]
,[0.00048137094064311083, 0.0045383536382146115]
,[0.00040826451612838524, 0.002726358922921982]
,[-0.017927848986314006, -0.0015900109617108546]
,[0.003718586289929217, -0.002376595951207861]
,[0.07944170170857151, 0.014359791278018908]
,[0.548557591607442, -0.7090838027773584]
,[0.001027198681793373, -0.001306494193298446]
,[-0.0031915683963663205, 0.0036427787437684177]
,[0.2196476195017248, -0.1672977945711577]
,[0.041530248579250986, 0.04487057939796295]
,[-0.01048182688821165, 0.013930122550734036]
,[0.0005717908904279241, 0.0017343155717976537]
,[0.0007638969071381613, 0.0028543742848829855]
,[-0.07738181446462557, -0.032281000749523586]
,[-0.00282115696742017, -0.15823648343636854]
,[0.014949412245539383, -0.04584487381709132]
,[0.0031288911434835553, 0.005962030841903018]
,[-0.005775308461875506, -0.011114562261322068]
,[0.000800741955244392, 0.0009427371123005375]
,[-0.41923770292953183, 0.27666615623285634]
,[0.0023966278368970882, 0.02303857798716067]
,[0.027298054044544336, -0.001180665736675608]
,[-0.5841378806830086, -0.14602586260326322]
,[0.04025201878717168, 0.02658663296926158]
,[0.0011104511480600505, 0.0024124437868519905]
,[-0.14069917077921743, 0.20805766344633458]
,[-0.07176842683847207, -0.07682122925461839]
,[0.00016330820925529975, 0.0021049974894358464]
,[-0.07517448288879476, 0.03842967745838082]
,[0.05896487963483527, -0.01616500473726692]
,[0.011887477484583683, 0.0008116262569087379]
,[-0.014414461552734289, -0.0005164029508220301]
,[-0.004520176132008681, -0.019156027109933308]
,[-0.00024532930193689613, 0.0010639677446625797]
,[-0.01024325752842091, 0.013162781164726824]
,[0.04193788744246493, -0.010719012870347513]
,[-0.0033955281220161846, 0.0014382646367248442]
,[0.002272574532818091, 0.00329568066291006]
,[0.00010974726450833493, -0.09206241209004828]
],"den":[[0.07676797034320623, 0.2558073648076197]
,[0.07676797034319895, 0.2558073648078764]
,[0.0767679703432422, 0.2558073648077693]
,[0.07676797034319627, 0.25580736480771393]
,[0.07676797034318407, 0.25580736480788224]
,[0.07676797034315083, 0.2558073648077114]
,[0.07676797034319485, 0.2558073648077917]
,[0.07676797034303695, 0.2558073648078814]
,[0.07676797034297925, 0.25580736480771077]
,[0.07676797034309783, 0.25580736480784205]
,[0.07676797034313444, 0.25580736480783445]
,[0.07676797034316442, 0.255807364807623]
,[0.07676797034298233, 0.2558073648076887]
,[0.07676797034299723, 0.2558073648076206]
,[0.0767679703430468, 0.25580736480782]
,[0.07676797034319707, 0.25580736480761884]
,[0.07676797034310615, 0.2558073648077073]
,[0.07676797034300639, 0.25580736480783184]
,[0.07676797034321602, 0.2558073648078449]
,[0.07676797034310451, 0.2558073648077322]
,[0.07676797034304407, 0.2558073648077786]
,[0.07676797034318064, 0.2558073648077414]
,[0.07676797034318057, 0.25580736480770716]
,[0.07676797034310785, 0.25580736480764704]
,[0.07676797034302443, 0.2558073648077033]
,[0.07676797034313751, 0.25580736480784816]
,[0.07676797034300761, 0.2558073648078668]
,[0.07676797034308296, 0.2558073648076202]
,[0.07676797034322788, 0.2558073648077327]
,[0.07676797034300366, 0.2558073648077353]
,[0.07676797034321169, 0.2558073648077434]
,[0.07676797034301719, 0.2558073648076549]
,[0.0767679703431104, 0.25580736480782634]
,[0.07676797034299687, 0.25580736480771404]
,[0.07676797034299924, 0.25580736480772587]
,[0.0767679703431853, 0.2558073648077112]
,[0.07676797034324069, 0.2558073648078606]
,[0.07676797034300699, 0.2558073648076299]
,[0.07676797034303423, 0.2558073648078158]
,[0.0767679703430112, 0.2558073648076378]
],"vol":[[0.7907760025643653, 0.7239539218941099]
,[0.7907760025645122, 0.723953921894127]
,[0.7907760025642607, 0.7239539218938866]
,[0.7907760025644184, 0.7239539218939536]
,[0.7907760025643511, 0.7239539218940753]
,[0.7907760025645291, 0.7239539218939459]
,[0.7907760025643967, 0.7239539218938633]
,[0.7907760025643551, 0.7239539218939998]
,[0.7907760025645363, 0.723953921893952]
,[0.790776002564344, 0.7239539218941]
,[0.7907760025645117, 0.7239539218941079]
,[0.7907760025644626, 0.7239539218940125]
,[0.7907760025644793, 0.7239539218940666]
,[0.7907760025642732, 0.7239539218940044]
,[0.790776002564449, 0.7239539218940266]
,[0.7907760025642898, 0.723953921893955]
,[0.7907760025642935, 0.7239539218939335]
,[0.7907760025644521, 0.7239539218940287]
,[0.7907760025644713, 0.7239539218941142]
,[0.7907760025644857, 0.7239539218939697]
,[0.7907760025645381, 0.7239539218938955]
,[0.7907760025644324, 0.7239539218939698]
,[0.7907760025644529, 0.7239539218939891]
,[0.790776002564335, 0.7239539218940553]
,[0.7907760025645344, 0.7239539218940442]
,[0.790776002564515, 0.7239539218938765]
,[0.7907760025643853, 0.7239539218938641]
,[0.7907760025645023, 0.7239539218940023]
,[0.7907760025644589, 0.7239539218940125]
,[0.7907760025644377, 0.7239539218941337]
,[0.7907760025643742, 0.7239539218938711]
,[0.7907760025645161, 0.7239539218939819]
,[0.7907760025642645, 0.7239539218940694]
,[0.7907760025645308, 0.7239539218939791]
,[0.7907760025642889, 0.7239539218940225]
,[0.7907760025645021, 0.723953921894008]
,[0.7907760025643575, 0.7239539218939659]
,[0.7907760025645375, 0.7239539218939051]
,[0.7907760025644884, 0.7239539218941441]
,[0.7907760025643943, 0.7239539218938668]
]}