{
"parameters":[1, 2, 3, 4, 40, 40]
,"current_iter":28,"domain":[[-2, -2]
,[2, 2]
],"result":[0.001869363121778792, 1.2110437635400919E-06, 1.1883760720594055E-07, 2.210062909432877E-05, 3.420793207047986E-06, 0.0002087688050933437, 0.15992456565546997, 1.0801492010479456E-07, 1.868781004261871E-07, 0.0006450118255312506, 0.0007822247198215503, 1.7201590089791612E-06, 1.7329789772140061E-07, 3.825507820105969E-07, 6.0393893358773977E-05, 0.023770749175996485, 4.100729430184742E-05, 6.416921918431643E-07, 6.9890849199086205E-06, 3.7361894731393553E-07, 1.4427386095264446E-05, 0.0002058839335021424, 7.335066206485603E-07, 0.014574174005101205, 0.0002949878669183185, 9.421224863631424E-07, 0.00029149063713805487, 0.0013633456864701266, 2.348476422466954E-06, 0.00014490455225706027, 0.0002776973839734912, 1.456626190405926E-07, 0.0002080433738628727, 9.980459922626443E-05, 1.2719858933617556E-07, 3.6428965783637473E-06, 8.156556451777769E-06, 8.309594111581057E-08, 4.960989267048773E-07, 0.00039861655436701976]
,"population":[[0.04189380224641344, 0.010689829517686256]
,[-0.001058608895425502, 0.0003006509106357251]
,[-0.0002838223422404052, 0.0001956591046977136]
,[-0.004685540364733003, -0.00038254487944095004]
,[-0.002533758979525477, -0.00011370411776574367]
,[0.006457201808050226, 0.012925685664731934]
,[-0.27133434931163436, 0.2937724230405263]
,[0.00032691434741516823, -3.379244825266824E-05]
,[-0.0003351968699708888, 0.000272985638427933]
,[0.003045791442261956, -0.02521378551549716]
,[-0.027964802328119247, -0.0004410788713672762]
,[-0.002045710862079534, 0.0007735505653111213]
,[-0.0002082152510967213, 0.0003604778868836893]
,[-0.0005076453057965565, 0.0004315203843350499]
,[-0.00040727152175015606, -0.007760671573153015]
,[0.00021793148057540823, 0.15417750056952623]
,[0.006393197164421796, -0.0003665028221944914]
,[-0.00025216800199934713, 0.0007603311716685181]
,[0.0026014984778663145, 0.0004704153373008468]
,[-0.0005969885530125666, 0.00013123877051350892]
,[-0.0028553184826283734, 0.0025049036823848636]
,[0.0003561431783115006, 0.014344235620578901]
,[-0.0008244040288320734, 0.0002842236689367234]
,[0.12166218508675054, 0.012555710301253615]
,[-0.017101677895323738, -0.0015876019913422807]
,[-0.00038481243771853666, -0.0008910902727222757]
,[-0.005705798534102469, 0.016091441831802673]
,[-0.036923511028522246, -4.44935080371855E-06]
,[-0.0019084124365344195, 0.001378530630523559]
,[0.011223777916068852, -0.00435101844949265]
,[-0.014544083153785498, 0.009166297753130834]
,[-0.0003348035480687372, 0.00018321900349357152]
,[0.016542835838809385, 0.0006509692985639089]
,[0.00608880678843688, 0.007920292363249566]
,[-0.00030048664043751463, 0.00019211030231289358]
,[-0.0004116698386089051, 0.001863712564303698]
,[-0.00026460019897333567, 0.002843684790281975]
,[-0.00028819886826511793, -6.111746601076802E-06]
,[-0.00019955897817180063, 0.0006754814142046427]
,[0.000900351917603172, 0.02395538191945617]
],"den":[[0.07676797034303304, 0.25580736480773136]
,[0.07676797034303301, 0.2558073648077323]
,[0.07676797034303316, 0.2558073648077319]
,[0.076767970343033, 0.2558073648077317]
,[0.07676797034303295, 0.25580736480773236]
,[0.07676797034303283, 0.2558073648077317]
,[0.076767970343033, 0.255807364807732]
,[0.07676797034303239, 0.25580736480773236]
,[0.07676797034303218, 0.2558073648077317]
,[0.07676797034303262, 0.2558073648077322]
,[0.07676797034303276, 0.25580736480773214]
,[0.07676797034303287, 0.25580736480773136]
,[0.07676797034303218, 0.2558073648077316]
,[0.07676797034303223, 0.25580736480773136]
,[0.07676797034303243, 0.25580736480773214]
,[0.076767970343033, 0.25580736480773136]
,[0.07676797034303265, 0.2558073648077317]
,[0.07676797034303227, 0.25580736480773214]
,[0.07676797034303307, 0.2558073648077322]
,[0.07676797034303265, 0.25580736480773175]
,[0.07676797034303241, 0.255807364807732]
,[0.07676797034303294, 0.2558073648077318]
,[0.07676797034303294, 0.2558073648077317]
,[0.07676797034303266, 0.2558073648077315]
,[0.07676797034303234, 0.2558073648077317]
,[0.07676797034303277, 0.2558073648077322]
,[0.07676797034303227, 0.2558073648077323]
,[0.07676797034303257, 0.25580736480773136]
,[0.07676797034303312, 0.25580736480773175]
,[0.07676797034303226, 0.2558073648077318]
,[0.07676797034303305, 0.2558073648077318]
,[0.07676797034303232, 0.2558073648077315]
,[0.07676797034303266, 0.25580736480773214]
,[0.07676797034303223, 0.2558073648077317]
,[0.07676797034303225, 0.25580736480773175]
,[0.07676797034303295, 0.2558073648077317]
,[0.07676797034303316, 0.25580736480773225]
,[0.07676797034303227, 0.25580736480773136]
,[0.07676797034303239, 0.2558073648077321]
,[0.07676797034303229, 0.2558073648077314]
],"vol":[[0.7907760025642854, 0.7239539218940044]
,[0.7907760025642859, 0.7239539218940045]
,[0.7907760025642849, 0.7239539218940035]
,[0.7907760025642855, 0.7239539218940039]
,[0.7907760025642853, 0.7239539218940043]
,[0.7907760025642859, 0.7239539218940038]
,[0.7907760025642855, 0.7239539218940034]
,[0.7907760025642853, 0.723953921894004]
,[0.7907760025642859, 0.7239539218940039]
,[0.7907760025642853, 0.7239539218940044]
,[0.7907760025642859, 0.7239539218940044]
,[0.7907760025642857, 0.7239539218940041]
,[0.7907760025642858, 0.7239539218940042]
,[0.790776002564285, 0.723953921894004]
,[0.7907760025642856, 0.7239539218940041]
,[0.790776002564285, 0.7239539218940039]
,[0.790776002564285, 0.7239539218940038]
,[0.7907760025642857, 0.7239539218940041]
,[0.7907760025642857, 0.7239539218940044]
,[0.7907760025642858, 0.7239539218940039]
,[0.7907760025642859, 0.7239539218940036]
,[0.7907760025642856, 0.7239539218940039]
,[0.7907760025642857, 0.723953921894004]
,[0.7907760025642853, 0.7239539218940042]
,[0.7907760025642859, 0.7239539218940042]
,[0.7907760025642859, 0.7239539218940035]
,[0.7907760025642854, 0.7239539218940035]
,[0.7907760025642858, 0.723953921894004]
,[0.7907760025642857, 0.7239539218940041]
,[0.7907760025642856, 0.7239539218940045]
,[0.7907760025642854, 0.7239539218940035]
,[0.7907760025642859, 0.723953921894004]
,[0.7907760025642849, 0.7239539218940043]
,[0.7907760025642859, 0.723953921894004]
,[0.790776002564285, 0.7239539218940041]
,[0.7907760025642858, 0.723953921894004]
,[0.7907760025642853, 0.7239539218940039]
,[0.7907760025642859, 0.7239539218940036]
,[0.7907760025642858, 0.7239539218940045]
,[0.7907760025642855, 0.7239539218940035]
]}