{
"parameters":[1, 2, 3, 4, 40, 40]
,"current_iter":3,"domain":[[-2, -2]
,[2, 2]
],"result":[0.28215892000748677, 0.9155694130836265, 0.1744851257627523, 0.10685066752584413, 0.6064413286014265, 0.16812590860150758, 2.1231500612128684, 1.4226036028601747, 1.5046569448324574, 0.2989943685921762, 0.4498353403590399, 0.2168974588308183, 0.034038600165918934, 0.16365359013800487, 0.7590646174765626, 0.8635507419330022, 1.2769159699394146, 0.028816400591607966, 0.9495144926583335, 0.46900797725426147, 1.5601282993122993, 0.12330166024731017, 2.387004662710062, 0.740605862449864, 1.8624811522432432, 1.3704217433893469, 0.12525616636683284, 2.057338934314543, 2.9852931149934667, 0.7165221222196227, 0.8837444880011813, 0.4451211559700962, 1.1844245436411245, 0.5833672385638656, 0.3556901050151137, 0.46152886417669087, 0.7246415298135642, 0.0626529741832823, 0.22395171664108499, 0.2898212269602101]
,"population":[[-0.42967068068503944, -0.3123171883952941]
,[1.51122697586558, -0.2505721577938045]
,[0.4070863058026615, 0.09362620034314273]
,[-0.2755217469765348, 1.7435482776079918]
,[-1.0588509837173843, 0.2372137888404091]
,[0.37253052107217305, 0.6317002196862533]
,[1.7494652977118865, -0.7461996555931079]
,[-0.727523213301912, -2]
,[-0.13996157084409955, 1.2186335394692325]
,[1.2462206023553577, 2]
,[-0.5255798106146153, -0.989789553377179]
,[0.061359313978063046, 0.46166274857189826]
,[-0.914423711147242, -1.5364768590804168]
,[0.40212240617614237, 0.04417194346091724]
,[0.43123264813352374, 0.7570356799123217]
,[0.055494148004114896, -1.2236763736710352]
,[2, 0.8869032183423398]
,[-0.049045096465104354, 0.16251455043883478]
,[-0.1869259577229947, 0.9563331945444928]
,[-0.02247478875346809, -0.6844726883702142]
,[-1.0154003596544623, -0.7598581385111098]
,[1.4854532262811453, -0.3034983784493947]
,[0.8497297103250452, -1.290334872078166]
,[-0.23204603574415042, 1.8265513257996273]
,[-2, -2]
,[-0.7204324577003458, -1.3223826701038108]
,[0.32596435055586626, -0.13785285101703626]
,[0.7226032795590911, -1.516401410645365]
,[-1.0470375416184377, -1.4075837679941858]
,[-0.6204356835772673, 0.5758312988746199]
,[1.6139384033566193, 0.5130019219146009]
,[-0.1300666519417575, -0.6543728463366721]
,[-1.0718244004995554, -0.18872466223282275]
,[0.0009459027356785166, -0.9710282564144203]
,[-0.18892544248248028, 0.5656830227237801]
,[-0.8795122203468073, 0.22368395355374582]
,[-0.478389800104077, 0.7041198257185672]
,[-0.22520238867205417, -0.10925593036390913]
,[0.42770962233092197, -0.20252455556456628]
,[-0.5021432096165979, 0.19409642963267404]
],"den":[[0.08271192761873847, 0.2499106727817542]
,[0.08249438978041776, 0.25758237804415973]
,[0.08378692026289104, 0.2543817137425182]
,[0.08241419198878337, 0.25272694322137507]
,[0.08204965856900494, 0.25775799906616453]
,[0.08105641354737948, 0.25265036566985793]
,[0.0823717383254064, 0.2550518562289847]
,[0.07765366077622313, 0.2577316086163222]
,[0.0759291841899605, 0.2526322052773138]
,[0.07947278169762707, 0.25655609148389663]
,[0.08056684916558587, 0.2563297522460997]
,[0.08146248221967893, 0.2500104961184503]
,[0.076021236810624, 0.25197206030156205]
,[0.07646669225907861, 0.24993790720991696]
,[0.07794800078995963, 0.25589706342976803]
,[0.08243805643146242, 0.24988574273752456]
,[0.07972088256947508, 0.2525299482129799]
,[0.07674033901719836, 0.25625018634666835]
,[0.08300441147073231, 0.2566410237793891]
,[0.07967218082728864, 0.2532734281884157]
,[0.0778662750009473, 0.2546596651550512]
,[0.08194701485022068, 0.25354756605119594]
,[0.08194497645598275, 0.2525261260294762]
,[0.07977220238336791, 0.250728301619112]
,[0.07727966905106924, 0.2524095593450612]
,[0.0806582257670476, 0.2567392840204749]
,[0.07677691494664948, 0.25729530212466367]
,[0.07902834654105478, 0.24992506710265516]
,[0.08335911919152936, 0.2532892488788399]
,[0.07665862119462419, 0.2533665659322056]
,[0.08287500364848133, 0.2536086634457941]
,[0.07706290244771105, 0.250963964619968]
,[0.07984836231429092, 0.25608678641933547]
,[0.0764557703238938, 0.2527301950956491]
,[0.0765267612661704, 0.2530841494128046]
,[0.08208633733586594, 0.2526469459389632]
,[0.0837418231846698, 0.25711001213160417]
,[0.07675840652682164, 0.2502150883100932]
,[0.07757201473139022, 0.2557704692984016]
,[0.076883799928818, 0.2504529974360321]
],"vol":[[0.7880364456019815, 0.7266390599468276]
,[0.7924277586124769, 0.7271521446918817]
,[0.7849118952377233, 0.7199705071769898]
,[0.789624737164265, 0.7219721977982249]
,[0.7876152650302293, 0.7256058190954692]
,[0.7929326898971633, 0.721741291055429]
,[0.7889769698014045, 0.7192723266013313]
,[0.7877339939858742, 0.7233491514365535]
,[0.7931469266601748, 0.7219219537565297]
,[0.7874032951388757, 0.7263447085618951]
,[0.7924147592967697, 0.726581267261477]
,[0.7909439747599037, 0.7237303562897811]
,[0.7914458156587284, 0.7253485161687359]
,[0.7852842361519805, 0.7234875809394522]
,[0.7905392359691347, 0.7241535630885337]
,[0.7857817766897568, 0.7220126004174645]
,[0.7858898374324281, 0.7213698059290707]
,[0.7906346034005242, 0.7242143382870962]
,[0.7912050524098221, 0.7267699859487655]
,[0.7916342316670375, 0.7224516309330861]
,[0.7932010413452115, 0.7202354226928078]
,[0.7900432727475831, 0.7224540387821836]
,[0.7906560134838317, 0.7230310060991029]
,[0.7871334468372289, 0.7250102872735444]
,[0.7930915343607337, 0.7246784075832997]
,[0.7925097166649532, 0.719668160901091]
,[0.7886354027509763, 0.7192962464264295]
,[0.7921331072705542, 0.7234247399943287]
,[0.7908361088208671, 0.7237322190067101]
,[0.7902043097135312, 0.7273484883267054]
,[0.7883045280042391, 0.7195048314670223]
,[0.792542668020342, 0.7228167088411475]
,[0.7850263855857308, 0.725428348647404]
,[0.7929839496481559, 0.7227310368860719]
,[0.7857560611793436, 0.7240310641505957]
,[0.7921251396054108, 0.723597904011971]
,[0.787806277957392, 0.7223360994662087]
,[0.7931840122164596, 0.7205210783730491]
,[0.7917165246136019, 0.7276625412510661]
,[0.7889051813359296, 0.7193752691842578]
]}