{
"parameters":[1, 2, 3, 4, 40, 40]
,"current_iter":23,"domain":[[-2, -2]
,[2, 2]
],"result":[0.25070823856723995, 1.5116195052767475E-05, 5.015250710842172E-05, 0.00021610327229609614, 1.540328960728416E-05, 0.0026759606637893965, 1.17069064500877, 8.055426659653322E-06, 1.3970313696716398E-05, 0.08754670659951161, 0.0046975593213125005, 0.002091521028085665, 1.5818174521151628E-06, 2.4298353855564222E-06, 0.06083688455644156, 0.02865642122822652, 0.0034607323701639605, 7.464141908797317E-05, 0.0004410390444971285, 1.5299409417973681E-06, 0.28830916823546715, 0.002513664511776825, 0.0007201722098439694, 0.32931904956452995, 0.0015863433252573753, 5.932546405250309E-06, 0.054893106954429075, 0.012113384740038311, 2.348476422466954E-06, 0.03817782688376999, 0.001600819381132992, 0.00010190034441676638, 0.00037680968115475654, 0.0002149304349244999, 2.621387327922454E-06, 0.00034993096286434916, 0.004641648293521199, 1.1827937545544289E-05, 2.3990178199820757E-05, 0.004038588172555117]
,"population":[[0.5089715674433782, 0.17697907103619354]
,[0.0015045213399890794, -0.0035850537778790628]
,[0.0007275752703554458, 0.008912207625396991]
,[0.014055144352101466, 0.004307689582326746]
,[-0.002695109994154706, 0.002853010993089859]
,[0.06252492374728161, 0.008657020291738421]
,[0.4753834670850166, -1.6404091940663847]
,[0.0023489396473245364, -0.0023249871715690157]
,[0.003686396944139245, -0.0006170828687925434]
,[0.2613235188179423, -0.2263347961718355]
,[-0.05251630221368268, -0.044040859699983705]
,[0.02774668839833022, -0.036354398784901286]
,[0.001251105355256384, 0.0001286578492123978]
,[0.0008507184995622942, -0.0013061827667133344]
,[-0.4023954337526641, -0.1213740564805458]
,[-0.001240208546015999, -0.24873207964496416]
,[-0.012918299919915556, 0.05739207172896854]
,[0.009665082837589834, 0.003718381878996182]
,[-0.0314093549101178, -0.008480153033738674]
,[0.000800741955244392, 0.0009427371123005375]
,[0.30717302878576547, -0.4404019739079815]
,[0.0634123299352197, 0.012715328040373994]
,[-0.02530119447357943, 0.008945488698449236]
,[-0.7617277912965984, -0.10446893506585464]
,[0.012606853661539236, 0.0386894204954052]
,[-0.0008081303987843443, -0.002297710091332448]
,[-0.10509784853128645, 0.27538327273191043]
,[0.09452943812778376, 0.05636993939400515]
,[0.001194384546951388, -0.0009601676814341761]
,[-0.0766782123271892, 0.3579785132549]
,[0.07075684051740175, -0.011752907816283652]
,[0.019141692864154534, -0.0027266094315343994]
,[0.019291956499845025, 0.0021517656849303593]
,[0.007425582460316, 0.012640852821291263]
,[0.001474219145132375, 0.0006693767549352332]
,[-0.0023948760450235402, 0.020250924294004404]
,[0.11100223954931505, -0.04617611079268422]
,[0.003401222487782593, 0.0005095322699753939]
,[0.007662597270413373, 0.007437758264538722]
,[0.019950955365428832, 0.06033695014302416]
],"den":[[0.0767679703432438, 0.2558073648075781]
,[0.07676797034323384, 0.25580736480792965]
,[0.07676797034329307, 0.255807364807783]
,[0.07676797034323016, 0.25580736480770716]
,[0.07676797034321345, 0.2558073648079377]
,[0.07676797034316794, 0.25580736480770366]
,[0.07676797034322821, 0.2558073648078137]
,[0.076767970343012, 0.25580736480793653]
,[0.07676797034293298, 0.25580736480770283]
,[0.07676797034309536, 0.25580736480788263]
,[0.0767679703431455, 0.25580736480787225]
,[0.07676797034318655, 0.2558073648075827]
,[0.0767679703429372, 0.2558073648076726]
,[0.07676797034295761, 0.2558073648075794]
,[0.07676797034302549, 0.25580736480785243]
,[0.07676797034323125, 0.255807364807577]
,[0.07676797034310674, 0.25580736480769817]
,[0.07676797034297016, 0.25580736480786864]
,[0.0767679703432572, 0.2558073648078865]
,[0.07676797034310451, 0.2558073648077322]
,[0.07676797034302175, 0.25580736480779576]
,[0.07676797034320876, 0.2558073648077448]
,[0.07676797034320866, 0.25580736480769795]
,[0.07676797034310909, 0.25580736480761557]
,[0.07676797034299486, 0.2558073648076926]
,[0.0767679703431497, 0.255807364807891]
,[0.07676797034297182, 0.25580736480791655]
,[0.076767970343075, 0.25580736480757876]
,[0.07676797034327346, 0.2558073648077329]
,[0.07676797034296641, 0.25580736480773647]
,[0.07676797034325128, 0.2558073648077476]
,[0.07676797034298494, 0.2558073648076264]
,[0.07676797034311258, 0.25580736480786115]
,[0.07676797034295711, 0.2558073648077073]
,[0.07676797034296036, 0.25580736480772354]
,[0.07676797034321514, 0.2558073648077035]
,[0.076767970343291, 0.255807364807908]
,[0.07676797034297098, 0.2558073648075921]
,[0.07676797034300827, 0.25580736480784666]
,[0.07676797034297672, 0.25580736480760297]
],"vol":[[0.7907760025643208, 0.7239539218941616]
,[0.790776002564522, 0.7239539218941852]
,[0.7907760025641776, 0.723953921893856]
,[0.7907760025643935, 0.7239539218939477]
,[0.7907760025643015, 0.7239539218941142]
,[0.7907760025645452, 0.7239539218939371]
,[0.7907760025643639, 0.723953921893824]
,[0.7907760025643069, 0.7239539218940109]
,[0.7907760025645549, 0.7239539218939455]
,[0.7907760025642917, 0.7239539218941481]
,[0.7907760025645214, 0.723953921894159]
,[0.790776002564454, 0.7239539218940283]
,[0.790776002564477, 0.7239539218941025]
,[0.7907760025641947, 0.7239539218940172]
,[0.7907760025644355, 0.7239539218940477]
,[0.7907760025642174, 0.7239539218939496]
,[0.7907760025642224, 0.7239539218939202]
,[0.7907760025644398, 0.7239539218940505]
,[0.790776002564466, 0.7239539218941676]
,[0.7907760025644857, 0.7239539218939697]
,[0.7907760025645574, 0.7239539218938681]
,[0.7907760025644127, 0.7239539218939698]
,[0.7907760025644408, 0.7239539218939962]
,[0.7907760025642794, 0.7239539218940869]
,[0.7907760025645524, 0.7239539218940717]
,[0.7907760025645257, 0.7239539218938421]
,[0.7907760025643482, 0.7239539218938251]
,[0.7907760025645085, 0.7239539218940143]
,[0.790776002564449, 0.7239539218940284]
,[0.79077600256442, 0.7239539218941942]
,[0.790776002564333, 0.7239539218938347]
,[0.7907760025645273, 0.7239539218939864]
,[0.7907760025641828, 0.7239539218941061]
,[0.7907760025645475, 0.7239539218939826]
,[0.7907760025642162, 0.7239539218940421]
,[0.7907760025645081, 0.7239539218940222]
,[0.7907760025643102, 0.7239539218939645]
,[0.7907760025645566, 0.7239539218938812]
,[0.7907760025644894, 0.7239539218942085]
,[0.7907760025643605, 0.7239539218938288]
]}