{
"parameters":[1, 2, 3, 4, 40, 40]
,"current_iter":21,"domain":[[-2, -2]
,[2, 2]
],"result":[0.2605076119253517, 4.647480739157715E-05, 5.015250710842172E-05, 0.0017661088661571, 5.254789125834406E-05, 0.0026759606637893965, 1.17069064500877, 6.527189475863657E-05, 0.00010477590727187785, 0.08754670659951161, 0.0084619583541478, 0.00810756237716361, 0.005051280845273307, 1.4901106330515417E-05, 0.1517257447613419, 0.02865642122822652, 0.00806610304219072, 7.464141908797317E-05, 0.0036609326680518595, 2.7298670516229767E-05, 1.1379503937918698, 0.0065908401107835635, 0.0018416236365276378, 0.36347881771484464, 0.0043107819916423365, 1.0405180409664238E-05, 0.10683783280132454, 0.09758989405602747, 0.0014086540615510558, 0.03817782688376999, 0.0026977432188325153, 0.0001994920356496915, 0.003536338764580644, 0.014263459081071267, 1.547340869379394E-05, 0.0005710958554313648, 0.005829523041101249, 1.5230934104433042E-05, 2.3990178199820757E-05, 0.01149935878592807]
,"population":[[-0.3874531087717359, -0.49722452799688577]
,[0.006772120332264224, 0.0007830667895592544]
,[0.0016549130943580045, -0.006885765735090334]
,[-0.04094243228143192, -0.009477663479859446]
,[0.0008158246698924173, 0.007202938384183151]
,[0.07709354729707135, 0.005731133852755921]
,[0.8322994737953017, -1.5059789227385358]
,[0.007989920212131033, 0.001197108918359799]
,[-0.010082444838198992, 0.0017664125669141846]
,[0.08546385169803884, -0.3397702993003608]
,[-0.06183976374120326, -0.10716103891100243]
,[-0.0198911666870512, 0.08781744624498912]
,[-0.07147002194275986, -0.003315716598748149]
,[0.003746748653882758, 0.0009289676286842062]
,[-0.28269244724902914, -0.26797523211986735]
,[0.004093418852974786, -0.25243735836208825]
,[0.011031722713145075, -0.08913138693059251]
,[0.02510106405363034, 0.011433707039339809]
,[0.030319940762824633, 0.06652751999151292]
,[0.0034269041119402207, 0.003943982596791849]
,[0.14284436842910198, -1.3785928908734062]
,[-0.10101900175080628, -0.04943222578370513]
,[-0.03842792340556224, 0.044111674004878705]
,[-0.5147069458576516, -0.3139356265235487]
,[-0.11388313181098209, -0.0173044405791129]
,[0.0024522295305293845, 0.0020956504334606646]
,[0.1264936020432977, -0.6008068668470103]
,[-0.12771487327997205, -0.3861691759739838]
,[0.03744842131535944, 0.0025039573755134947]
,[-0.06158333885458049, 0.3135058309741546]
,[-0.050219365709315636, 0.03914165776135853]
,[-0.017173436323802527, -0.0004779812391091233]
,[-0.07153873877191402, -0.024106094463204133]
,[-0.08565578883846385, -0.0832258668896381]
,[0.019446187944790104, 0.0012727620500513409]
,[-0.021702625146353637, 0.01000459480380008]
,[-0.07528624579935472, 0.03762011482499922]
,[0.02004305259315263, 0.0025987651274606816]
,[0.010698398714413089, 0.009797524625210769]
,[-0.0760640434013799, -0.20961231318410517]
],"den":[[0.07676797034943432, 0.2558073647923685]
,[0.07676797034889939, 0.2558073648112334]
,[0.07676797035207776, 0.25580736480336286]
,[0.07676797034870218, 0.2558073647992937]
,[0.07676797034780579, 0.25580736481166527]
,[0.07676797034536337, 0.25580736479910543]
,[0.07676797034859778, 0.25580736480501076]
,[0.07676797033699591, 0.2558073648116004]
,[0.07676797033275537, 0.2558073647990608]
,[0.07676797034146918, 0.25580736480870975]
,[0.07676797034415951, 0.25580736480815314]
,[0.0767679703463619, 0.25580736479261396]
,[0.07676797033298173, 0.2558073647974375]
,[0.07676797033407712, 0.25580736479243543]
,[0.07676797033771969, 0.25580736480708915]
,[0.07676797034876086, 0.25580736479230715]
,[0.07676797034207926, 0.25580736479880933]
,[0.07676797033475002, 0.2558073648079575]
,[0.07676797035015355, 0.2558073648089186]
,[0.0767679703419595, 0.2558073648006376]
,[0.07676797033751873, 0.25580736480404637]
,[0.07676797034755338, 0.25580736480131167]
,[0.07676797034754837, 0.25580736479879995]
,[0.07676797034220546, 0.25580736479437904]
,[0.07676797033607625, 0.2558073647985133]
,[0.0767679703443842, 0.2558073648091602]
,[0.07676797033483997, 0.25580736481052746]
,[0.0767679703403763, 0.25580736479240385]
,[0.07676797035102578, 0.25580736480067645]
,[0.07676797033454907, 0.2558073648008666]
,[0.07676797034983533, 0.25580736480146193]
,[0.07676797033554321, 0.2558073647949585]
,[0.07676797034239273, 0.25580736480755567]
,[0.07676797033405026, 0.2558073647993018]
,[0.07676797033422483, 0.25580736480017213]
,[0.07676797034789598, 0.25580736479909705]
,[0.07676797035196686, 0.2558073648100718]
,[0.07676797033479445, 0.25580736479311705]
,[0.07676797033679514, 0.25580736480677785]
,[0.0767679703351028, 0.2558073647937021]
],"vol":[[0.7907760025538091, 0.7239539219094715]
,[0.7907760025646073, 0.7239539219107332]
,[0.7907760025461257, 0.7239539218930733]
,[0.7907760025577146, 0.7239539218979956]
,[0.7907760025527734, 0.7239539219069308]
,[0.790776002565849, 0.7239539218974277]
,[0.7907760025561218, 0.7239539218913565]
,[0.7907760025530652, 0.7239539219013815]
,[0.7907760025663758, 0.723953921897872]
,[0.7907760025522521, 0.7239539219087476]
,[0.7907760025645755, 0.7239539219093294]
,[0.7907760025609587, 0.7239539219023189]
,[0.7907760025621928, 0.723953921906298]
,[0.7907760025470413, 0.7239539219017219]
,[0.7907760025599635, 0.7239539219033596]
,[0.7907760025482647, 0.7239539218980949]
,[0.7907760025485304, 0.7239539218965142]
,[0.790776002560198, 0.723953921903509]
,[0.7907760025616007, 0.7239539219097935]
,[0.7907760025626561, 0.7239539218991745]
,[0.7907760025665089, 0.7239539218937248]
,[0.7907760025587439, 0.7239539218991804]
,[0.7907760025602506, 0.7239539219005992]
,[0.7907760025515885, 0.7239539219054663]
,[0.7907760025662396, 0.7239539219046502]
,[0.790776002564809, 0.7239539218923299]
,[0.7907760025552819, 0.7239539218914153]
,[0.7907760025638828, 0.7239539219015674]
,[0.7907760025606935, 0.7239539219023235]
,[0.7907760025591398, 0.723953921911216]
,[0.7907760025544682, 0.7239539218919282]
,[0.79077600256489, 0.7239539219000722]
,[0.7907760025464072, 0.7239539219064943]
,[0.790776002565975, 0.7239539218998615]
,[0.7907760025482015, 0.7239539219030584]
,[0.7907760025638633, 0.7239539219019933]
,[0.7907760025532431, 0.7239539218988904]
,[0.7907760025664671, 0.7239539218944272]
,[0.7907760025628584, 0.7239539219119883]
,[0.7907760025559453, 0.7239539218916097]
]}