{
"parameters":[1, 2, 3, 4, 40, 40]
,"current_iter":7,"domain":[[-2, -2]
,[2, 2]
],"result":[0.28215892000748677, 0.9155694130836265, 0.1744851257627523, 0.10685066752584413, 0.6064413286014265, 0.16812590860150758, 1.3236677743015837, 1.4226036028601747, 1.5046569448324574, 0.2989943685921762, 0.036881368858098125, 0.029778049059876962, 0.034038600165918934, 0.16365359013800487, 0.7590646174765626, 0.5650016370022665, 0.039267083162092806, 0.028816400591607966, 0.9495144926583335, 0.46900797725426147, 1.5601282993122993, 0.12330166024731017, 0.9558177826866249, 0.740605862449864, 0.26861470357439476, 1.3704217433893469, 0.12525616636683284, 2.057338934314543, 2.9852931149934667, 0.432258612409275, 0.07677658469655053, 0.062115428865430714, 0.012591865186321964, 0.4494823301541944, 0.03225594663570729, 0.46152886417669087, 0.046516599214443274, 0.0626529741832823, 0.22395171664108499, 0.021243490421255083]
,"population":[[0.11298722232965694, 0.6257913249286249]
,[-2, 2]
,[-0.07187191714025962, 0.4208169452129256]
,[0.39270244648391195, 0.6186057500588432]
,[0.40539856468487495, 0.9398696925262567]
,[-1.3783494356159214, 0.12246776951896846]
,[-1.1101702828591178, 0.4468871814836487]
,[0.1685350472314522, -2]
,[-0.041752902749986553, -2]
,[-0.6146367001076773, 1.6545816043356796]
,[-0.11491513654332924, 0.2313559587214799]
,[0.344462823942553, 0.4150095904501292]
,[0.1465754330639868, 0.34374794298387523]
,[-0.61649060787184, 0.4142701941369023]
,[-0.5438710234102716, -1.0839609406349522]
,[0.7423011438962974, 1.2008225974227342]
,[-0.3498225875973808, 0.34751135103984676]
,[-0.049045096465104354, 0.16251455043883478]
,[0.2742416880059779, -0.9376582514158336]
,[-0.1336840331633557, 2]
,[1.1242714032892516, -2]
,[0.050550205950840935, 1.8302671813103468]
,[2, -0.48474771808061057]
,[0.796898481544984, 0.5574527942839099]
,[0.31333472149671504, 2]
,[1.25570778353355, 1.249746665847441]
,[-1.1061797654323515, 1.312810291651221]
,[-2, -2]
,[2, 2]
,[0.3318019930904083, -0.5675967316594658]
,[0.421795579592511, 0.19085156372265832]
,[0.08443486367365097, 0.23449132747682308]
,[-0.0815373858273872, -0.0770942274023014]
,[-1.1363413964317206, 0.2725684096930996]
,[-0.5466891581896736, 1.0823173973130797]
,[-0.4469805200340028, 1.3489831154032705]
,[-0.6705184156310326, 0.2893047060166983]
,[0.22211940578207495, 0.5440895157252119]
,[-0.5222054622859154, 1.0207699264891403]
,[0.12389507769323532, 0.0767691353646911]
],"den":[[0.07722653367542548, 0.25573403598255506]
,[0.0772088221848974, 0.2563586506984972]
,[0.0773140574008686, 0.2560980590887813]
,[0.07720229264301232, 0.25596333102198787]
,[0.07717261306974167, 0.256372949406675]
,[0.07709174507027827, 0.2559570962327262]
,[0.07719883615166079, 0.25615262073374917]
,[0.07681469982637498, 0.2563708007496596]
,[0.07667429643283538, 0.25595561765031954]
,[0.07696280897013409, 0.2562750925238297]
,[0.07705188572912658, 0.2562566644411692]
,[0.07712480635974728, 0.2557421633965996]
,[0.07668179117090741, 0.2559018699824405]
,[0.0767180592519773, 0.25573625335457717]
,[0.07683866439458792, 0.25622143579344864]
,[0.07720423563763675, 0.25573200622880904]
,[0.07698300884099642, 0.2559472920870963]
,[0.07674033901719836, 0.25625018634666835]
,[0.07725034711870594, 0.2562820075394369]
,[0.07697904364371352, 0.2560078247219906]
,[0.07683201044624878, 0.25612068933025267]
,[0.07716425602589565, 0.25603014447195915]
,[0.07716409006396224, 0.25594698089265105]
,[0.07698718719637902, 0.25580060566771945]
,[0.07678425017702305, 0.2559374902691216]
,[0.07705932542708337, 0.2562900076894003]
,[0.0767433169553494, 0.2563352775581358]
,[0.07692662395916432, 0.2557352079390306]
,[0.07727922670345146, 0.25600911281058597]
,[0.0767336857174705, 0.25601540780859144]
,[0.0772398109957227, 0.2560351188981742]
,[0.07676660147888473, 0.2558197928722982]
,[0.07699338798381708, 0.2562368826552848]
,[0.07671717001011913, 0.2559635957830099]
,[0.07672294994896296, 0.25599241402715567]
,[0.07717559938070649, 0.2559568178051579]
,[0.07731038568803036, 0.2563201916219035]
,[0.07674181003726561, 0.2557588208787754]
,[0.07680805237064554, 0.2562111287554827]
,[0.07675201931427642, 0.2557781909583126]
],"vol":[[0.7904230666508967, 0.7244117542173137]
,[0.790780598468771, 0.7244535285388399]
,[0.790168672083918, 0.7238688141470676]
,[0.7905523821354045, 0.72403178774629]
,[0.7903887749811587, 0.7243276298383398]
,[0.7908217089520556, 0.7240129877866164]
,[0.7904996422277163, 0.7238119696976232]
,[0.7903984416524356, 0.7241438965247495]
,[0.790839151675713, 0.7240276969781023]
,[0.7903715168216039, 0.724387788723281]
,[0.790779540090795, 0.7244070488538373]
,[0.790659791790478, 0.7241749334523908]
,[0.7907006506608002, 0.7243066807547924]
,[0.7901989873275876, 0.7241551671747123]
,[0.7906268387772716, 0.7242093900934303]
,[0.7902394960712167, 0.7240350772457789]
,[0.7902482941581843, 0.7239827422194653]
,[0.7906346034005242, 0.7242143382870962]
,[0.7906810482043474, 0.7244224139474146]
,[0.7907159911108674, 0.7240708222218207]
,[0.7908435575838476, 0.7238903830322113]
,[0.7905864584555371, 0.7240710182640211]
,[0.7906363465661759, 0.7241179937752585]
,[0.7903495463190212, 0.7242791428426767]
,[0.7908346417467992, 0.7242521218699778]
,[0.7907872713275312, 0.723844197725193]
,[0.7904718325297573, 0.7238139172013721]
,[0.7907566085528472, 0.7241500507921422]
,[0.790651009564028, 0.7241750851110332]
,[0.790599569759387, 0.7244695144402136]
,[0.7904448933775249, 0.7238308997732286]
,[0.7907899541601978, 0.7241005461262253]
,[0.7901779936563392, 0.7243131805536351]
,[0.7908258824172384, 0.7240935708890319]
,[0.7902374023664037, 0.7241994164778252]
,[0.7907559598416768, 0.7241641494559975]
,[0.7904043268671033, 0.7240614158836081]
,[0.7908421711066493, 0.7239136405395671]
,[0.7907226912360267, 0.7244950839937132]
,[0.7904937973561478, 0.7238203510743828]
]}