{
"parameters":[1, 2, 3, 4, 40, 40]
,"current_iter":31,"domain":[[-2, -2]
,[2, 2]
],"result":[8.951755783002392E-08, 9.556159877192656E-09, 1.9377882535951262E-08, 3.1473528244795383E-08, 3.2973874604537533E-07, 1.587310810349133E-06, 0.00023751274106372807, 6.579301111824425E-09, 7.791767275872387E-08, 3.470056843412307E-06, 2.0743120161670393E-06, 8.417238532361302E-09, 1.5260011820821926E-07, 6.343114020050335E-08, 4.212629029814242E-07, 0.0014839738861147599, 1.4756658193176801E-05, 1.1608155269049596E-07, 1.2035514173605047E-06, 1.1799824238116099E-08, 3.1628488377647718E-09, 2.0407250641824226E-06, 4.24792781958553E-10, 0.0003790905593782579, 1.6250515746198822E-05, 5.114333353159598E-09, 7.826615386561216E-06, 3.7502880991838645E-05, 2.2165692705447053E-07, 3.190128775415007E-07, 1.056708374703389E-06, 1.28822436226794E-08, 3.7063774942675654E-08, 8.49787001276334E-06, 7.401032470175008E-09, 2.0512681613154642E-07, 3.0429156286851654E-07, 3.357026336656724E-08, 2.7854598744785428E-08, 7.200739043442692E-07]
,"population":[[-0.00023646207441054522, -0.00018331187958090905]
,[-4.873947718104872E-05, 8.473855817342355E-05]
,[-0.00013758358641782073, 2.1181106778478664E-05]
,[0.0001770698391834544, -1.0945332171340121E-05]
,[0.0002017352497895677, 0.0005376259248192148]
,[-0.0012015271171541872, -0.000379003162377679]
,[0.0013407790188296107, -0.015353014449494743]
,[4.1036113678115984E-05, 6.996669554881928E-05]
,[-0.00034881966208302815, -2.9114333927925546E-05]
,[-0.0011272746710767557, 0.0014830066282256122]
,[0.0014332495417599116, 0.00014180185898655473]
,[1.955551606355216E-05, -8.96371592803423E-05]
,[8.474938362896987E-05, -0.0003813366756328703]
,[-1.4905356453343791E-05, -0.00025141394263147404]
,[-2.739406188535608E-07, -0.000649047631486289]
,[-6.703078598928146E-05, 0.038522323307252505]
,[-0.003839659128824544, 0.00011694429276858346]
,[-0.000352892126982131, -4.63436262968056E-05]
,[-0.001096859813657412, -2.1212414853857382E-05]
,[-0.00010862358396801782, 8.609553177037568E-07]
,[-4.762745915924117E-05, -2.9907757719354122E-05]
,[-0.0003717655469053365, -0.0013793170202374067]
,[-1.9822282846649925E-05, 5.645341859087111E-06]
,[-0.017656250027695792, -0.008206545822558371]
,[-0.004031040668016804, -3.502683247830274E-05]
,[-6.904234550587367E-05, -1.8641026801310147E-05]
,[0.0003456382342206862, -0.00277617535426097]
,[-0.006123836537744343, -3.882075251745308E-05]
,[0.0004584449941742307, -0.00010716862587091476]
,[-7.022098237825997E-05, 0.0005604300948158769]
,[-0.0008197508222420337, 0.0006202555635678721]
,[0.00011196642991051916, -1.8594681921780774E-05]
,[9.997617284271755E-05, 0.0001645251950504807]
,[-5.5091681622092656E-05, -0.002914590008797016]
,[-7.121322040368792E-05, 4.82670665144545E-05]
,[-0.0002181521656970688, 0.00039690861509070956]
,[-0.0001543958265407583, -0.0005295785981469725]
,[-0.00018258115888154704, -1.5309597905840532E-05]
,[-0.0001624510649375507, -3.826552293437411E-05]
,[-8.311441275122822E-05, 0.0008444915030580756]
],"den":[[0.07676797034303245, 0.25580736480773164]
,[0.07676797034303245, 0.25580736480773164]
,[0.07676797034303245, 0.25580736480773164]
,[0.07676797034303245, 0.25580736480773164]
,[0.07676797034303245, 0.25580736480773164]
,[0.07676797034303244, 0.25580736480773164]
,[0.07676797034303245, 0.25580736480773164]
,[0.07676797034303243, 0.25580736480773164]
,[0.07676797034303241, 0.25580736480773164]
,[0.07676797034303244, 0.25580736480773164]
,[0.07676797034303244, 0.25580736480773164]
,[0.07676797034303245, 0.25580736480773164]
,[0.07676797034303241, 0.25580736480773164]
,[0.07676797034303243, 0.25580736480773164]
,[0.07676797034303243, 0.25580736480773164]
,[0.07676797034303245, 0.25580736480773164]
,[0.07676797034303244, 0.25580736480773164]
,[0.07676797034303243, 0.25580736480773164]
,[0.07676797034303245, 0.25580736480773164]
,[0.07676797034303244, 0.25580736480773164]
,[0.07676797034303243, 0.25580736480773164]
,[0.07676797034303245, 0.25580736480773164]
,[0.07676797034303245, 0.25580736480773164]
,[0.07676797034303244, 0.25580736480773164]
,[0.07676797034303243, 0.25580736480773164]
,[0.07676797034303244, 0.25580736480773164]
,[0.07676797034303243, 0.25580736480773164]
,[0.07676797034303244, 0.25580736480773164]
,[0.07676797034303245, 0.25580736480773164]
,[0.07676797034303243, 0.25580736480773164]
,[0.07676797034303245, 0.25580736480773164]
,[0.07676797034303243, 0.25580736480773164]
,[0.07676797034303244, 0.25580736480773164]
,[0.07676797034303243, 0.25580736480773164]
,[0.07676797034303243, 0.25580736480773164]
,[0.07676797034303245, 0.25580736480773164]
,[0.07676797034303245, 0.25580736480773164]
,[0.07676797034303243, 0.25580736480773164]
,[0.07676797034303243, 0.25580736480773164]
,[0.07676797034303243, 0.25580736480773164]
],"vol":[[0.7907760025642858, 0.7239539218940038]
,[0.7907760025642858, 0.7239539218940038]
,[0.7907760025642858, 0.7239539218940038]
,[0.7907760025642858, 0.7239539218940038]
,[0.7907760025642858, 0.7239539218940038]
,[0.7907760025642858, 0.7239539218940038]
,[0.7907760025642858, 0.7239539218940038]
,[0.7907760025642858, 0.7239539218940038]
,[0.7907760025642858, 0.7239539218940038]
,[0.7907760025642858, 0.7239539218940038]
,[0.7907760025642858, 0.7239539218940038]
,[0.7907760025642858, 0.7239539218940038]
,[0.7907760025642858, 0.7239539218940038]
,[0.7907760025642858, 0.7239539218940038]
,[0.7907760025642858, 0.7239539218940038]
,[0.7907760025642858, 0.7239539218940038]
,[0.7907760025642858, 0.7239539218940038]
,[0.7907760025642858, 0.7239539218940038]
,[0.7907760025642858, 0.7239539218940038]
,[0.7907760025642858, 0.7239539218940038]
,[0.7907760025642858, 0.7239539218940038]
,[0.7907760025642858, 0.7239539218940038]
,[0.7907760025642858, 0.7239539218940038]
,[0.7907760025642858, 0.7239539218940038]
,[0.7907760025642858, 0.7239539218940038]
,[0.7907760025642858, 0.7239539218940038]
,[0.7907760025642858, 0.7239539218940038]
,[0.7907760025642858, 0.7239539218940038]
,[0.7907760025642858, 0.7239539218940038]
,[0.7907760025642858, 0.7239539218940038]
,[0.7907760025642858, 0.7239539218940038]
,[0.7907760025642858, 0.7239539218940038]
,[0.7907760025642858, 0.7239539218940038]
,[0.7907760025642858, 0.7239539218940038]
,[0.7907760025642858, 0.7239539218940038]
,[0.7907760025642858, 0.7239539218940038]
,[0.7907760025642858, 0.7239539218940038]
,[0.7907760025642858, 0.7239539218940038]
,[0.7907760025642858, 0.7239539218940038]
,[0.7907760025642858, 0.7239539218940038]
]}