{
"parameters":[1, 2, 3, 4, 40, 40]
,"current_iter":15,"domain":[[-2, -2]
,[2, 2]
],"result":[0.28215892000748677, 0.07612990107165792, 0.0004995946760934116, 0.013053156237704321, 0.0003566544267914194, 0.0033800221125910353, 1.3236677743015837, 0.44790549201667773, 0.0017633904847072848, 0.2989943685921762, 0.009949811854145394, 0.029778049059876962, 0.011928488871672848, 0.010275655386520253, 0.327897971140247, 0.2579026544584349, 0.015930576903231325, 0.002354404237425031, 0.012017172741528068, 4.22873914563882E-05, 1.5058201605952437, 0.12330166024731017, 0.04593990308084153, 0.740605862449864, 0.007495708254757721, 0.00026250902651278184, 0.12525616636683284, 0.2662748279648893, 0.2833255070377911, 0.14265503027009746, 0.008994723415561947, 0.062115428865430714, 0.012591865186321964, 0.3558157177023732, 5.58348989897262E-05, 0.03524867779633155, 0.037850010138591635, 1.5230934104433042E-05, 0.004854121915248736, 0.011763017195107903]
,"population":[[0.49024968032631044, 0.4131779829244372]
,[-0.49239286904330254, 0.059884893988734256]
,[-0.02145144176676953, -0.006279356831739003]
,[-0.12134517545342517, -0.17771801409975838]
,[0.015678750302110838, -0.010527640559758807]
,[0.04434831088608772, 0.03759320994730231]
,[-1.6488923710788053, 1.4169814512363919]
,[0.37780065058523565, -0.6389389893542907]
,[-0.015550753986889407, 0.039007236958627664]
,[-0.8027143321308069, 0.8307519151349271]
,[-0.056789598964942054, -0.12607972269942513]
,[0.35391954450711466, -0.04565589426024351]
,[-0.2786151050521735, -0.09305841202076637]
,[0.1142263046328394, 0.004433624337297919]
,[1.227310245993284, 0.08861117743976979]
,[-0.11257630603985103, -1.2776159677819803]
,[-0.05340224406636209, -0.3029823092295319]
,[-0.020431147280917192, -0.09966981851472499]
,[-0.001221712303171168, 0.10961605795035848]
,[0.005299944474796118, -0.0037680207032958694]
,[0.18941970171741676, -1.2124109605230928]
,[0.023564023363847258, 0.46605413663595563]
,[0.07746716140815442, -0.19984679628206323]
,[0.2560439610397619, 2]
,[-0.06154809096954103, -0.22070007695597801]
,[-0.05303371376032429, -0.008193740892921608]
,[-0.20576127928760896, 0.308158337697816]
,[-1.3078349257377284, -0.5594187199368016]
,[1.5034476655648965, 0.19028529122290888]
,[0.42402252382038624, -0.011660602247156147]
,[-0.05812059771766689, 0.07494477657917917]
,[-0.20508526345025987, -0.7238094060540168]
,[0.1047102597785826, 0.09171782711062525]
,[1.0249256108297642, 0.046974208111517174]
,[-0.003831980938032798, -0.006414890574302844]
,[0.15595708068367525, -0.10452782778263957]
,[-0.07321743461853257, 0.18024765575860494]
,[-0.003901575313217806, -9.297408091732406E-05]
,[-0.014503360544487096, 0.06814524523519855]
,[-0.09902061391915817, -0.04424856171878268]
],"den":[[0.07676798479652833, 0.25580736405825544]
,[0.07676798426827357, 0.2558073826877262]
,[0.07676798740697063, 0.25580737491544087]
,[0.07676798407352646, 0.25580737089710365]
,[0.07676798318831718, 0.2558073831141929]
,[0.07676798077638548, 0.2558073707111477]
,[0.07676798397043474, 0.25580737654277136]
,[0.07676797251336169, 0.25580738305010803]
,[0.07676796832575476, 0.2558073706670482]
,[0.07676797693079677, 0.25580738019555854]
,[0.07676797958755914, 0.25580737964593103]
,[0.07676798176245628, 0.2558073643006599]
,[0.07676796854928936, 0.255807369063995]
,[0.07676796963100443, 0.25580736412438976]
,[0.07676797322811786, 0.2558073785952176]
,[0.07676798413147733, 0.2558073639977169]
,[0.0767679775332688, 0.25580737041873375]
,[0.07676797029551045, 0.2558073794527184]
,[0.07676798550677712, 0.2558073804018026]
,[0.07676797741500467, 0.25580737222415223]
,[0.07676797302966026, 0.25580737559040007]
,[0.07676798293906384, 0.25580737288985084]
,[0.07676798293411394, 0.25580737040945223]
,[0.07676797765789052, 0.2558073660437322]
,[0.07676797160518448, 0.25580737012638927]
,[0.07676797980945214, 0.2558073806404114]
,[0.07676797038432906, 0.25580738199060965]
,[0.07676797585155931, 0.2558073640932097]
,[0.0767679863681263, 0.25580737226257017]
,[0.0767679700970722, 0.25580737245032187]
,[0.07676798519253157, 0.25580737303821577]
,[0.07676797107880254, 0.2558073666160009]
,[0.07676797784283235, 0.25580737905592865]
,[0.07676796960448232, 0.2558073709050003]
,[0.07676796977687211, 0.25580737176451995]
,[0.07676798327738552, 0.25580737070284343]
,[0.07676798729745982, 0.25580738154066346]
,[0.07676797033938441, 0.25580736479747834]
,[0.07676797231509773, 0.2558073782878047]
,[0.0767679706438816, 0.2558073653752014]
],"vol":[[0.7907759901907494, 0.72395393670426]
,[0.7907760008543286, 0.7239539379502017]
,[0.7907759826032942, 0.7239539205107796]
,[0.7907759940476534, 0.7239539253715551]
,[0.7907759891679819, 0.723953934195205]
,[0.7907760020804709, 0.7239539248108361]
,[0.7907759924746572, 0.7239539188153632]
,[0.7907759894562956, 0.7239539287152599]
,[0.7907760026007097, 0.7239539252495457]
,[0.7907759886532479, 0.7239539359894762]
,[0.790776000822762, 0.7239539365639199]
,[0.7907759972512043, 0.723953929640953]
,[0.7907759984698421, 0.7239539335703873]
,[0.7907759835074627, 0.7239539290514131]
,[0.7907759962683629, 0.7239539306686409]
,[0.7907759847156578, 0.7239539254696662]
,[0.7907759849780656, 0.7239539239087458]
,[0.790775996499947, 0.7239539308162234]
,[0.7907759978851884, 0.7239539370221921]
,[0.7907759989273794, 0.7239539265357794]
,[0.7907760027321182, 0.7239539211540832]
,[0.7907759950639981, 0.7239539265416264]
,[0.7907759965519379, 0.7239539279426964]
,[0.7907759879979658, 0.7239539327490542]
,[0.7907760024661986, 0.7239539319431392]
,[0.7907760010533502, 0.7239539197765815]
,[0.7907759916452181, 0.7239539188734486]
,[0.7907760001388164, 0.7239539288988142]
,[0.7907759969892697, 0.7239539296454762]
,[0.7907759954550497, 0.7239539384269897]
,[0.7907759908417433, 0.7239539193799629]
,[0.7907760011333672, 0.7239539274223108]
,[0.7907759828813151, 0.7239539337642473]
,[0.7907760022049468, 0.7239539272142707]
,[0.790775984653212, 0.7239539303711724]
,[0.7907760001194684, 0.7239539293193145]
,[0.7907759896318253, 0.7239539262552303]
,[0.7907760026907658, 0.7239539218477509]
,[0.7907759991272142, 0.7239539391896155]
,[0.7907759923003308, 0.7239539190653423]
]}