{
"parameters":[1, 2, 3, 4, 40, 40]
,"current_iter":38,"domain":[[-2, -2]
,[2, 2]
],"result":[1.1158863055120166E-15, 8.353520256457304E-16, 8.438095475569412E-16, 9.34834306267788E-16, 9.380702946674165E-16, 8.858130150721322E-16, 3.271995169914876E-13, 6.754753766705056E-16, 9.628111960169436E-16, 6.1895535276448E-14, 2.7129570089017565E-15, 8.189907365826172E-16, 1.1361057546908413E-15, 9.424474072782812E-16, 8.765629857891298E-16, 2.09334903985537E-15, 9.85968319669448E-15, 9.531869525100483E-16, 8.792554271390964E-16, 9.348234875583533E-16, 9.482645272700002E-16, 8.658155641151654E-16, 9.214114219700323E-16, 5.078762699940727E-15, 1.6503008301880896E-13, 1.1613317187276413E-15, 1.2122739746597307E-15, 8.626443054853741E-16, 1.0214898305402725E-15, 2.049398325283384E-16, 6.594080531974073E-16, 8.01225612372032E-16, 6.896672009708559E-16, 9.254549333112547E-16, 8.875788699192005E-16, 6.820085897288542E-16, 1.467698225935459E-15, 7.579204606711587E-16, 1.1935538486571528E-15, 9.239246863773176E-16]
,"population":[[-1.0758576456559882E-08, 3.162497965438669E-08]
,[-1.2053712213834966E-08, 2.6268994033113946E-08]
,[-1.2463970237260113E-08, 2.623850211962633E-08]
,[-1.39429621418274E-08, 2.7210808752761393E-08]
,[-1.497241628937889E-08, 2.6718851867641283E-08]
,[-1.2593646098898073E-08, 2.6966888827001187E-08]
,[-2.03515459365963E-08, 5.716514073886972E-07]
,[-1.4450018569127818E-08, 2.160260030696228E-08]
,[-1.4464335583414005E-08, 2.7451670115811295E-08]
,[2.480086370088958E-07, 1.9678700298489098E-08]
,[-4.433295975671256E-08, 2.7341281756923197E-08]
,[-1.1955550254943054E-08, 2.6001068337361607E-08]
,[-1.356374315994053E-08, 3.0856613977914164E-08]
,[-1.2552650583066664E-08, 2.801568079875478E-08]
,[-1.0659477270485878E-08, 2.7621341931722374E-08]
,[-1.2280343882332691E-08, -4.407428041371775E-08]
,[9.56554883244041E-08, 2.6640396958646664E-08]
,[-1.6087109666987705E-08, 2.6351316002665957E-08]
,[-1.131780958030362E-08, 2.7407345975907335E-08]
,[-1.4313685168603307E-08, 2.7017437044480347E-08]
,[-1.4151196746238794E-08, 2.734973780348252E-08]
,[3.996364610718233E-09, 2.9152094847769762E-08]
,[-1.391684116355028E-08, 2.6976525980906896E-08]
,[-5.957464528331969E-09, 7.101599338412717E-08]
,[4.0511019192358123E-07, 3.026244237414001E-08]
,[-1.0366821000233085E-08, 3.246322136012949E-08]
,[-1.9689446363354253E-08, 2.8715843650576013E-08]
,[-1.0474807049605724E-08, 2.7439437362287594E-08]
,[-1.6956173727600735E-08, 2.7092028404305483E-08]
,[-1.2934633507084352E-08, 6.134744376561192E-09]
,[-7.45664538451811E-09, 2.4572474291510656E-08]
,[-6.84231205358089E-09, 2.7466495556103505E-08]
,[-1.1643822281663715E-08, 2.353908672068412E-08]
,[-1.261609666787922E-08, 2.768192620064546E-08]
,[-1.3112551057861994E-08, 2.675144621649758E-08]
,[-8.060265205617604E-10, 2.6102852544827458E-08]
,[-1.3938810507034417E-08, 3.5684839744413116E-08]
,[-1.380493606509918E-09, 2.749572145031921E-08]
,[-1.1598211051319187E-08, 3.254282331123423E-08]
,[-1.4235504229878995E-08, 2.6856565411429936E-08]
],"den":[[0.07676797034303244, 0.25580736480773164]
,[0.07676797034303244, 0.25580736480773164]
,[0.07676797034303244, 0.25580736480773164]
,[0.07676797034303244, 0.25580736480773164]
,[0.07676797034303244, 0.25580736480773164]
,[0.07676797034303244, 0.25580736480773164]
,[0.07676797034303244, 0.25580736480773164]
,[0.07676797034303244, 0.25580736480773164]
,[0.07676797034303244, 0.25580736480773164]
,[0.07676797034303244, 0.25580736480773164]
,[0.07676797034303244, 0.25580736480773164]
,[0.07676797034303244, 0.25580736480773164]
,[0.07676797034303244, 0.25580736480773164]
,[0.07676797034303244, 0.25580736480773164]
,[0.07676797034303244, 0.25580736480773164]
,[0.07676797034303244, 0.25580736480773164]
,[0.07676797034303244, 0.25580736480773164]
,[0.07676797034303244, 0.25580736480773164]
,[0.07676797034303244, 0.25580736480773164]
,[0.07676797034303244, 0.25580736480773164]
,[0.07676797034303244, 0.25580736480773164]
,[0.07676797034303244, 0.25580736480773164]
,[0.07676797034303244, 0.25580736480773164]
,[0.07676797034303244, 0.25580736480773164]
,[0.07676797034303244, 0.25580736480773164]
,[0.07676797034303244, 0.25580736480773164]
,[0.07676797034303244, 0.25580736480773164]
,[0.07676797034303244, 0.25580736480773164]
,[0.07676797034303244, 0.25580736480773164]
,[0.07676797034303244, 0.25580736480773164]
,[0.07676797034303244, 0.25580736480773164]
,[0.07676797034303244, 0.25580736480773164]
,[0.07676797034303244, 0.25580736480773164]
,[0.07676797034303244, 0.25580736480773164]
,[0.07676797034303244, 0.25580736480773164]
,[0.07676797034303244, 0.25580736480773164]
,[0.07676797034303244, 0.25580736480773164]
,[0.07676797034303244, 0.25580736480773164]
,[0.07676797034303244, 0.25580736480773164]
,[0.07676797034303244, 0.25580736480773164]
],"vol":[[0.7907760025642858, 0.7239539218940038]
,[0.7907760025642858, 0.7239539218940038]
,[0.7907760025642858, 0.7239539218940038]
,[0.7907760025642858, 0.7239539218940038]
,[0.7907760025642858, 0.7239539218940038]
,[0.7907760025642858, 0.7239539218940038]
,[0.7907760025642858, 0.7239539218940038]
,[0.7907760025642858, 0.7239539218940038]
,[0.7907760025642858, 0.7239539218940038]
,[0.7907760025642858, 0.7239539218940038]
,[0.7907760025642858, 0.7239539218940038]
,[0.7907760025642858, 0.7239539218940038]
,[0.7907760025642858, 0.7239539218940038]
,[0.7907760025642858, 0.7239539218940038]
,[0.7907760025642858, 0.7239539218940038]
,[0.7907760025642858, 0.7239539218940038]
,[0.7907760025642858, 0.7239539218940038]
,[0.7907760025642858, 0.7239539218940038]
,[0.7907760025642858, 0.7239539218940038]
,[0.7907760025642858, 0.7239539218940038]
,[0.7907760025642858, 0.7239539218940038]
,[0.7907760025642858, 0.7239539218940038]
,[0.7907760025642858, 0.7239539218940038]
,[0.7907760025642858, 0.7239539218940038]
,[0.7907760025642858, 0.7239539218940038]
,[0.7907760025642858, 0.7239539218940038]
,[0.7907760025642858, 0.7239539218940038]
,[0.7907760025642858, 0.7239539218940038]
,[0.7907760025642858, 0.7239539218940038]
,[0.7907760025642858, 0.7239539218940038]
,[0.7907760025642858, 0.7239539218940038]
,[0.7907760025642858, 0.7239539218940038]
,[0.7907760025642858, 0.7239539218940038]
,[0.7907760025642858, 0.7239539218940038]
,[0.7907760025642858, 0.7239539218940038]
,[0.7907760025642858, 0.7239539218940038]
,[0.7907760025642858, 0.7239539218940038]
,[0.7907760025642858, 0.7239539218940038]
,[0.7907760025642858, 0.7239539218940038]
,[0.7907760025642858, 0.7239539218940038]
]}