{
"parameters":[1, 2, 3, 4, 40, 40]
,"current_iter":35,"domain":[[-2, -2]
,[2, 2]
],"result":[3.2388449747810404E-11, 1.951812863639943E-12, 3.2303901091772914E-13, 2.8481301969210914E-13, 1.5336207352031687E-11, 1.2877209414849667E-12, 2.1411386069924426E-08, 1.6423531774161612E-12, 4.721620858460635E-13, 2.9972870444202627E-09, 2.38800321924922E-11, 1.299603935135352E-12, 1.0420476571732297E-11, 1.7350160063844155E-13, 1.4596215071613812E-12, 6.967728545849042E-09, 1.214252806836595E-10, 1.5598507889173532E-11, 1.4168720540759118E-12, 5.517737468570098E-13, 3.8174598698193156E-13, 3.564993354072989E-12, 2.9772143169786526E-15, 3.95963390991505E-10, 2.9686959316693818E-09, 7.157032717029528E-12, 7.261331251035156E-11, 6.132164531107459E-10, 2.683489667233638E-11, 5.532964961007629E-11, 1.761133229877943E-11, 6.895274091701826E-13, 3.808744675903183E-13, 2.161701130583318E-09, 1.104876900893329E-13, 1.673237642206384E-12, 1.4170456921413052E-10, 6.134833426249222E-12, 1.9848516445145357E-12, 2.026743656346922E-11]
,"population":[[-5.617642085681271E-06, -9.113435932692907E-07]
,[-1.3203326787797443E-06, 4.5665575764053105E-07]
,[5.020584947087849E-07, 2.6641373614826646E-07]
,[-5.333870204308656E-07, -1.764386941666987E-08]
,[3.898763229813527E-06, 3.685819174697548E-07]
,[-1.1140218834036346E-06, -2.1604671898176427E-07]
,[2.7907511138689072E-05, -0.00014364037347475942]
,[8.780828848211305E-07, 9.334471730100009E-07]
,[3.1896504161335664E-07, -6.086241763803449E-07]
,[-5.0370405694035726E-05, 2.145015791640043E-05]
,[4.705555067580016E-06, 1.3182502412153136E-06]
,[-1.1319929037618016E-06, 1.3489255342040364E-07]
,[-7.12543434216164E-08, -3.2272897902537122E-06]
,[-2.7417195466797317E-07, -3.1357828354652434E-07]
,[-4.432327995130839E-07, -1.1239066654296412E-06]
,[-6.341165421425183E-07, 8.347051241043164E-05]
,[-1.1004553163238337E-05, 5.70166958987131E-07]
,[3.941540100800795E-06, 2.505384660142881E-07]
,[-1.1898579774917307E-06, -3.331737497462463E-08]
,[2.0080881173821583E-07, 7.151570233069766E-07]
,[-6.171542805825384E-07, -2.9437746866583586E-08]
,[-1.869528667835963E-06, -2.6430269429666856E-07]
,[3.1602433209562704E-08, 4.4480338715142235E-08]
,[-1.1901015075844497E-05, -1.594770300563774E-05]
,[-5.4485004024603124E-05, -2.8331626914712564E-07]
,[-1.8792440621711941E-06, -1.9040678747943406E-06]
,[2.573442392214874E-06, -8.123466425381652E-06]
,[-2.4607747725280215E-05, -2.770416033687423E-06]
,[5.179308289146086E-06, -9.829709211887696E-08]
,[-6.313003677453277E-07, 7.411552432234485E-06]
,[-4.18407968624229E-06, 3.2374291954273177E-07]
,[-7.794280064956816E-07, -2.863902789208292E-07]
,[-4.886101152712568E-07, 3.770074572802605E-07]
,[-4.2877589515302703E-07, -4.64921206422664E-05]
,[8.592466373398104E-08, 3.210991159307904E-07]
,[-1.2671385156030322E-06, 2.599954316554972E-07]
,[-3.83424133906128E-06, -1.1269567984974583E-05]
,[-2.4760288318714726E-06, -6.414553757209488E-08]
,[-8.893054915184718E-07, -1.0926972990126885E-06]
,[-4.283840988859486E-07, 4.481509079237807E-06]
],"den":[[0.07676797034303244, 0.25580736480773164]
,[0.07676797034303244, 0.25580736480773164]
,[0.07676797034303244, 0.25580736480773164]
,[0.07676797034303244, 0.25580736480773164]
,[0.07676797034303244, 0.25580736480773164]
,[0.07676797034303244, 0.25580736480773164]
,[0.07676797034303244, 0.25580736480773164]
,[0.07676797034303243, 0.25580736480773164]
,[0.07676797034303243, 0.25580736480773164]
,[0.07676797034303244, 0.25580736480773164]
,[0.07676797034303244, 0.25580736480773164]
,[0.07676797034303244, 0.25580736480773164]
,[0.07676797034303243, 0.25580736480773164]
,[0.07676797034303243, 0.25580736480773164]
,[0.07676797034303243, 0.25580736480773164]
,[0.07676797034303244, 0.25580736480773164]
,[0.07676797034303244, 0.25580736480773164]
,[0.07676797034303243, 0.25580736480773164]
,[0.07676797034303244, 0.25580736480773164]
,[0.07676797034303244, 0.25580736480773164]
,[0.07676797034303243, 0.25580736480773164]
,[0.07676797034303244, 0.25580736480773164]
,[0.07676797034303244, 0.25580736480773164]
,[0.07676797034303244, 0.25580736480773164]
,[0.07676797034303243, 0.25580736480773164]
,[0.07676797034303244, 0.25580736480773164]
,[0.07676797034303243, 0.25580736480773164]
,[0.07676797034303244, 0.25580736480773164]
,[0.07676797034303244, 0.25580736480773164]
,[0.07676797034303243, 0.25580736480773164]
,[0.07676797034303244, 0.25580736480773164]
,[0.07676797034303243, 0.25580736480773164]
,[0.07676797034303244, 0.25580736480773164]
,[0.07676797034303243, 0.25580736480773164]
,[0.07676797034303243, 0.25580736480773164]
,[0.07676797034303244, 0.25580736480773164]
,[0.07676797034303244, 0.25580736480773164]
,[0.07676797034303243, 0.25580736480773164]
,[0.07676797034303243, 0.25580736480773164]
,[0.07676797034303243, 0.25580736480773164]
],"vol":[[0.7907760025642858, 0.7239539218940038]
,[0.7907760025642858, 0.7239539218940038]
,[0.7907760025642858, 0.7239539218940038]
,[0.7907760025642858, 0.7239539218940038]
,[0.7907760025642858, 0.7239539218940038]
,[0.7907760025642858, 0.7239539218940038]
,[0.7907760025642858, 0.7239539218940038]
,[0.7907760025642858, 0.7239539218940038]
,[0.7907760025642858, 0.7239539218940038]
,[0.7907760025642858, 0.7239539218940038]
,[0.7907760025642858, 0.7239539218940038]
,[0.7907760025642858, 0.7239539218940038]
,[0.7907760025642858, 0.7239539218940038]
,[0.7907760025642858, 0.7239539218940038]
,[0.7907760025642858, 0.7239539218940038]
,[0.7907760025642858, 0.7239539218940038]
,[0.7907760025642858, 0.7239539218940038]
,[0.7907760025642858, 0.7239539218940038]
,[0.7907760025642858, 0.7239539218940038]
,[0.7907760025642858, 0.7239539218940038]
,[0.7907760025642858, 0.7239539218940038]
,[0.7907760025642858, 0.7239539218940038]
,[0.7907760025642858, 0.7239539218940038]
,[0.7907760025642858, 0.7239539218940038]
,[0.7907760025642858, 0.7239539218940038]
,[0.7907760025642858, 0.7239539218940038]
,[0.7907760025642858, 0.7239539218940038]
,[0.7907760025642858, 0.7239539218940038]
,[0.7907760025642858, 0.7239539218940038]
,[0.7907760025642858, 0.7239539218940038]
,[0.7907760025642858, 0.7239539218940038]
,[0.7907760025642858, 0.7239539218940038]
,[0.7907760025642858, 0.7239539218940038]
,[0.7907760025642858, 0.7239539218940038]
,[0.7907760025642858, 0.7239539218940038]
,[0.7907760025642858, 0.7239539218940038]
,[0.7907760025642858, 0.7239539218940038]
,[0.7907760025642858, 0.7239539218940038]
,[0.7907760025642858, 0.7239539218940038]
,[0.7907760025642858, 0.7239539218940038]
]}