{
"parameters":[1, 2, 3, 4, 40, 40]
,"current_iter":25,"domain":[[-2, -2]
,[2, 2]
],"result":[0.007661245992686527, 1.5116195052767475E-05, 1.6278315808257015E-07, 7.727673150626288E-05, 3.420793207047986E-06, 0.0026759606637893965, 0.588533156514644, 2.762064209000601E-06, 9.459185734567351E-06, 0.07623362882114776, 0.0032513133595895487, 0.00013140200019716469, 1.5818174521151628E-06, 2.4298353855564222E-06, 0.0015155654599454255, 0.02504674361694296, 0.00015714366220782378, 2.097540149372542E-05, 8.514049434753199E-05, 1.5299409417973681E-06, 0.0007374193168094905, 0.0005365199006590742, 0.0003417339436309669, 0.22324768492021832, 0.0015863433252573753, 5.932546405250309E-06, 0.0018371116666486245, 0.001819992710109197, 2.348476422466954E-06, 0.00712804298715288, 0.001600819381132992, 4.44888657340753E-07, 0.0002080433738628727, 0.00012765109524779007, 1.1922138280712213E-06, 0.00015497624805245892, 0.0018736836400515336, 1.1827937545544289E-05, 7.798084650793613E-06, 0.004038588172555117]
,"population":[[-0.097930618032657, -0.04643950161251645]
,[-0.002955753568529126, 0.0041214625364033]
,[-0.0004033412706519521, -9.948742203858994E-06]
,[-0.008315818046267468, -0.0028502459065202065]
,[0.001784770034598215, 0.00048516917734772996]
,[0.07648641888676039, 0.023148737362624752]
,[-0.6877405323861221, 0.3399207505109056]
,[-0.001339674716981722, 0.003081909760171145]
,[-0.001726540249639795, 0.00254523957633483]
,[-0.09805568897989073, 0.2763864025410366]
,[-0.05663386522110545, -0.006627116243677268]
,[0.0042549054797740024, -0.01064414296950928]
,[-0.0025645583978322296, 0.001422077957812026]
,[-0.0017024475834002397, 0.003888278111842356]
,[0.0015141968966890303, 0.03890080548913458]
,[0.0037510312385287342, 0.16050781700395678]
,[-0.007369381042847091, 0.010140802988577863]
,[-0.00045755526996934186, -0.004556977580441745]
,[0.00265791320567942, 0.008836062004004212]
,[-0.0016844188706419646, 0.0011654610621526433]
,[0.013942453454855602, -0.02330294634737581]
,[-0.0036071791392970447, -0.03535599445149869]
,[0.017894576295407378, -0.004638758760574998]
,[-0.46893014717035475, -0.05789820372868003]
,[0.007608529414812656, 0.03917740765528483]
,[0.0005413039833999033, 0.005442276706435994]
,[-0.03810071430533832, 0.019632810192929916]
,[0.03939939255564895, 0.016360946682728087]
,[-0.0024262005292962586, 0.004063928831223541]
,[0.12385323820543925, -0.014514495837076244]
,[0.05410307445433657, -0.007165510154334456]
,[0.000501611088903663, 0.0004396304957912207]
,[0.022998584983197335, 0.0016138569519038855]
,[-0.006587527819645516, -0.009179083422280597]
,[-0.00024532930193689613, 0.0010639677446625797]
,[0.012373125379080809, -0.001371866030633201]
,[-0.039962847538205844, 0.017010106567141445]
,[-0.004564795496208082, 0.0013331000634845425]
,[-0.002760112242366092, -0.0004241050109753924]
,[-0.003182068112461865, -0.07031083711107167]
],"den":[[0.07676797034303157, 0.25580736480770927]
,[0.07676797034303043, 0.25580736480774935]
,[0.07676797034303717, 0.25580736480773264]
,[0.07676797034303001, 0.255807364807724]
,[0.0767679703430281, 0.2558073648077503]
,[0.0767679703430229, 0.2558073648077236]
,[0.07676797034302979, 0.25580736480773614]
,[0.07676797034300513, 0.2558073648077501]
,[0.07676797034299612, 0.25580736480772354]
,[0.07676797034301464, 0.255807364807744]
,[0.07676797034302035, 0.2558073648077428]
,[0.07676797034302503, 0.2558073648077098]
,[0.07676797034299661, 0.25580736480772004]
,[0.07676797034299893, 0.25580736480770944]
,[0.07676797034300667, 0.2558073648077406]
,[0.07676797034303014, 0.25580736480770916]
,[0.07676797034301594, 0.255807364807723]
,[0.07676797034300036, 0.2558073648077424]
,[0.07676797034303309, 0.25580736480774446]
,[0.07676797034301568, 0.25580736480772687]
,[0.07676797034300624, 0.2558073648077341]
,[0.07676797034302757, 0.2558073648077283]
,[0.07676797034302756, 0.2558073648077229]
,[0.0767679703430162, 0.25580736480771354]
,[0.07676797034300317, 0.2558073648077223]
,[0.07676797034302082, 0.25580736480774496]
,[0.07676797034300055, 0.25580736480774785]
,[0.07676797034301232, 0.2558073648077094]
,[0.07676797034303494, 0.2558073648077269]
,[0.07676797034299994, 0.25580736480772737]
,[0.07676797034303241, 0.2558073648077286]
,[0.07676797034300205, 0.25580736480771477]
,[0.0767679703430166, 0.2558073648077416]
,[0.07676797034299887, 0.25580736480772404]
,[0.07676797034299924, 0.25580736480772587]
,[0.07676797034302829, 0.2558073648077236]
,[0.07676797034303694, 0.2558073648077469]
,[0.07676797034300045, 0.2558073648077109]
,[0.07676797034300471, 0.2558073648077399]
,[0.0767679703430011, 0.2558073648077121]
],"vol":[[0.7907760025643008, 0.7239539218940362]
,[0.7907760025643238, 0.7239539218940388]
,[0.7907760025642845, 0.7239539218940013]
,[0.7907760025643091, 0.7239539218940118]
,[0.7907760025642986, 0.7239539218940307]
,[0.7907760025643265, 0.7239539218940105]
,[0.7907760025643058, 0.7239539218939977]
,[0.7907760025642993, 0.723953921894019]
,[0.7907760025643276, 0.7239539218940115]
,[0.7907760025642975, 0.7239539218940346]
,[0.7907760025643237, 0.7239539218940358]
,[0.790776002564316, 0.723953921894021]
,[0.7907760025643187, 0.7239539218940294]
,[0.7907760025642865, 0.7239539218940197]
,[0.7907760025643139, 0.7239539218940232]
,[0.790776002564289, 0.723953921894012]
,[0.7907760025642896, 0.7239539218940086]
,[0.7907760025643145, 0.7239539218940235]
,[0.7907760025643175, 0.7239539218940368]
,[0.7907760025643197, 0.7239539218940143]
,[0.7907760025643278, 0.7239539218940026]
,[0.7907760025643114, 0.7239539218940143]
,[0.7907760025643146, 0.7239539218940173]
,[0.7907760025642961, 0.7239539218940276]
,[0.7907760025643272, 0.7239539218940259]
,[0.7907760025643242, 0.7239539218939998]
,[0.790776002564304, 0.7239539218939978]
,[0.7907760025643222, 0.7239539218940194]
,[0.7907760025643155, 0.723953921894021]
,[0.7907760025643121, 0.7239539218940398]
,[0.7907760025643022, 0.7239539218939989]
,[0.7907760025643243, 0.7239539218940162]
,[0.7907760025642852, 0.7239539218940299]
,[0.7907760025643267, 0.7239539218940158]
,[0.7907760025642889, 0.7239539218940225]
,[0.7907760025643222, 0.7239539218940203]
,[0.7907760025642996, 0.7239539218940136]
,[0.7907760025643278, 0.7239539218940042]
,[0.7907760025643201, 0.7239539218940415]
,[0.7907760025643054, 0.7239539218939982]
]}