{
"parameters":[1, 2, 3, 4, 40, 40]
,"current_iter":10,"domain":[[-2, -2]
,[2, 2]
],"result":[0.28215892000748677, 0.14583855940659288, 0.0023561007340211788, 0.10685066752584413, 0.6064413286014265, 0.16812590860150758, 1.3236677743015837, 1.4226036028601747, 0.12601333275811702, 0.2989943685921762, 0.009949811854145394, 0.029778049059876962, 0.011928488871672848, 0.16365359013800487, 0.327897971140247, 0.5650016370022665, 0.039267083162092806, 0.028816400591607966, 0.13495442679463754, 0.0006844073245433211, 1.5601282993122993, 0.12330166024731017, 0.7365642897194598, 0.740605862449864, 0.26861470357439476, 0.028718419061823635, 0.12525616636683284, 2.057338934314543, 1.3272355145353392, 0.2190745795887815, 0.07677658469655053, 0.062115428865430714, 0.012591865186321964, 0.3558157177023732, 0.03225594663570729, 0.46152886417669087, 0.046516599214443274, 0.0005537797012253181, 0.22395171664108499, 0.021243490421255083]
,"population":[[0.5481014127955565, 0.2975201710015594]
,[0.4585812846529628, -0.04092147716554901]
,[-0.0448771505851004, -0.018497083266920806]
,[0.4814792717413159, 0.2722086661201158]
,[0.141174934521128, 0.9652208072795903]
,[-1.1343962161943866, -0.7085650267246704]
,[-1.7836358317486138, 0.6773382135647195]
,[1.3399561122549706, -2]
,[0.00680539908986302, -0.3549183276492561]
,[-0.33768920417733467, 1.020899280176149]
,[0.04170703835231507, 0.09061089783256711]
,[0.3688773852505263, -0.16356741534935815]
,[0.10418140653064065, 0.03278297431549239]
,[-1.0887229756822698, -0.11309156324399645]
,[1.3070991414455717, 0.49721117085100874]
,[0.725231473918808, 1.2707524637638443]
,[-0.04505301911297951, -0.346908703219164]
,[0.03177007288543146, -0.2061947474441088]
,[-0.020047811660028222, -0.8924062516256901]
,[-0.026142045203834945, 0.0010003984725955673]
,[1.2427591336478687, -2]
,[0.14627497151989782, 0.6940464754599547]
,[-0.4490431696033726, 2]
,[1.1307122321054774, 2]
,[1.1015466747272056, 1.2057839998597255]
,[-0.22512742705641012, -0.08522954720096494]
,[-0.2338308787593535, 0.4181556263804866]
,[-2, -2]
,[-2, -0.09647608395064744]
,[1.1175824390827125, -0.5878979350688327]
,[0.33476143307982603, -0.4115555361202092]
,[-0.2941498227652412, -0.3813678329256438]
,[0.02106059475278653, 0.17286512814333718]
,[0.4541514573735946, 0.5407627443503822]
,[-0.5528798786094145, 0.2418545893716405]
,[-1.562850929309307, 0.740580203595004]
,[-0.09992813703425062, 0.32721428949282816]
,[-0.023433457326633822, -0.002157030121753001]
,[-0.3310140710423037, 0.6211289516411562]
,[-0.3830421378447025, -0.17111117710875237]
],"den":[[0.07677146834057942, 0.2558055389944192]
,[0.07677128783006432, 0.2558119048914023]
,[0.07677236035769897, 0.2558092490152281]
,[0.07677122128281538, 0.2558078759047777]
,[0.07677091879697712, 0.25581205061980244]
,[0.07677009461313919, 0.25580781236156436]
,[0.07677118605523059, 0.255809805092122]
,[0.0767672710461669, 0.25581202872129627]
,[0.07676584009438729, 0.2558077972922696]
,[0.07676878053277898, 0.2558110532900576]
,[0.07676968837797836, 0.2558108654762376]
,[0.07677043156447498, 0.25580562182673044]
,[0.07676591647864348, 0.2558072495112006]
,[0.07676628611269463, 0.25580556159324935]
,[0.0767675152862858, 0.25581050643579795]
,[0.07677124108526848, 0.2558055183077416]
,[0.07676898640416449, 0.25580771244047784]
,[0.07676651318177671, 0.2558107994533259]
,[0.07677171104047563, 0.25581112376594595]
,[0.07676894599199235, 0.25580832937201664]
,[0.07676744747112138, 0.25580947965626527]
,[0.07677083362434374, 0.255808556848612]
,[0.07677083193290653, 0.25580770926887186]
,[0.07676902898878385, 0.25580621745387133]
,[0.07676696071193045, 0.2558076125431141]
,[0.07676976420128122, 0.25581120530121754]
,[0.07676654353208229, 0.2558116666789492]
,[0.07676841174535486, 0.255805550938669]
,[0.07677200537305652, 0.25580834249985224]
,[0.07676644537322276, 0.2558084066566961]
,[0.0767716036592824, 0.2558086075465607]
,[0.07676678084137767, 0.25580641300444773]
,[0.0767690921854602, 0.25581066386585627]
,[0.07676627704979247, 0.25580787860314735]
,[0.07676633595729866, 0.2558081723105622]
,[0.07677094923261604, 0.25580780952390914]
,[0.07677232293663751, 0.25581151292734283]
,[0.07676652817399827, 0.25580579159508976]
,[0.07676720329717333, 0.25581040138937455]
,[0.07676663222406957, 0.25580598900947615]
],"vol":[[0.7907726426845457, 0.7239579729384513]
,[0.7907762865479748, 0.7239583986905519]
,[0.7907700499668829, 0.7239524394464171]
,[0.7907739606314843, 0.723954100427366]
,[0.7907722931935213, 0.723957115566512]
,[0.7907767055344234, 0.7239539088234804]
,[0.7907734231212229, 0.723951860103824]
,[0.790772391713508, 0.7239552430084105]
,[0.7907768833057424, 0.7239540587354106]
,[0.7907721173032276, 0.7239577286888967]
,[0.7907762757612851, 0.7239579249827142]
,[0.7907750553203889, 0.7239555593280216]
,[0.7907754717424691, 0.7239569020593621]
,[0.7907703589312945, 0.7239553578756955]
,[0.7907747194725743, 0.723955910500387]
,[0.7907707717849822, 0.7239541339530168]
,[0.7907708614526027, 0.7239536005691921]
,[0.7907747986074241, 0.7239559609309809]
,[0.7907752719597627, 0.7239580815794134]
,[0.7907756280880086, 0.7239544982557291]
,[0.7907769282095152, 0.7239526592704099]
,[0.7907743079277263, 0.7239545002537359]
,[0.7907748163732766, 0.7239549790148948]
,[0.790771893386063, 0.7239566214007302]
,[0.7907768373418191, 0.723956346010599]
,[0.7907763545558689, 0.7239521885627895]
,[0.7907731396926263, 0.7239518799522328]
,[0.7907760420495192, 0.7239553057309677]
,[0.7907749658144143, 0.7239555608736837]
,[0.7907744415544364, 0.7239585616143491]
,[0.7907728651363862, 0.7239520530338144]
,[0.7907763818985427, 0.7239548011933777]
,[0.7907701449697194, 0.7239569683034784]
,[0.7907767480692032, 0.7239547301037279]
,[0.7907707504465334, 0.7239558088521102]
,[0.790776035438038, 0.7239554494205724]
,[0.7907724516939557, 0.7239544023889835]
,[0.7907769140789307, 0.723952896304364]
,[0.7907756963737942, 0.7239588222120253]
,[0.7907733635519407, 0.7239519455244515]
]}