{
"parameters":[2, 2, 2, 2, 40, 40]
,"current_iter":15,"domain":[[-5.12, -5.12]
,[5.12, 5.12]
],"result":[29.477350018953103, 32.33673161699805, 2.001461396435822, 4.684447353770711, 7.0048148990759325, 8.513423920945414, 27.17724955779783, 29.225852787222834, 26.296213533289073, 9.133210275997225, 19.149392098421416, 11.652987536959301, 23.95502563416463, 8.87303366481293, 21.8348149868932, 11.007125296042226, 3.2263310870995525, 12.112728060944514, 33.93113250229559, 13.417591287028584, 23.843166107649214, 10.102387056023758, 13.76187689513229, 20.07557995883365, 20.64881484365912, 10.787421251648162, 17.071733944450415, 1.7451347811505293, 4.710953121993547, 2.456068119303188, 5.246899842236576, 2.4981337450816756, 15.901615270010758, 17.959937536791553, 20.380927701872135, 2.239194996970255, 19.527094725315646, 19.90290491475219, 10.99448607885413, 13.297144801291331]
,"population":[[3.7210995647738954, -0.2890897550424883]
,[5.12, -0.2820413109819083]
,[0.9791106342506507, -0.07000605174391115]
,[1.9951908669494167, 0.85396615216777]
,[0.9869355608423535, -0.18386709382579094]
,[1.172938755339871, -0.09651964776414948]
,[4.730465113003055, -5.12]
,[5.12, -0.07028104297180975]
,[3.6886089901411996, 0.2607985532487631]
,[1.8534426453107402, 5.12]
,[-0.8193928974540662, 1.6889338450291778]
,[1.340672413219763, -0.05849131081256219]
,[5.12, 4.690655813432442]
,[2.4137056108640724, -0.710411327504243]
,[4.224390651047941, 3.5155279987028396]
,[0.2096321780885857, -0.13641532765580228]
,[-1.0989074896811215, -0.027444466659131684]
,[2.687703241225275, 0.00891159518266084]
,[5.12, 5.017316317729535]
,[0.4863268742838102, 3.6979801333706783]
,[2.2029602793819794, -5.12]
,[-3.717475550530155, 1.4386463283517168]
,[2.4866405957292557, 5.12]
,[5.12, -3.3732698372216543]
,[0.2354936574375467, -5.12]
,[-1.2271100970219342, -0.06038800681158061]
,[2.0569683707347854, 2.808340196181675]
,[0.9656484841897203, -0.05436145355453681]
,[2.641310016647308, 0.17733145831250907]
,[0.9377052830374667, 1.8757959264027888]
,[0.9648887437798553, 0.1486046643808176]
,[0.9717961451583437, 1.993315708209452]
,[0.26138146333655354, -2.40259510942784]
,[-5.12, -0.05614360668513161]
,[5.12, 0.5635983269049502]
,[0.9562687626617787, 0.20187864791620735]
,[0.7413573617332937, 5.12]
,[3.629260389303943, -0.30433300166688537]
,[0.5612811098670143, 2.526625450450349]
,[0.543913193367974, -0.3705958448894453]
],"den":[[0.7598476455257525, 0.48356895290116947]
,[0.7598511693785766, 0.4835735458095243]
,[0.7598462485924719, 0.48357112123287543]
,[0.7598482154253624, 0.4835695182168845]
,[0.759847933483686, 0.48356908708425844]
,[0.759846070546224, 0.48357331324038355]
,[0.759850023969411, 0.48356879138797476]
,[0.7598456563516138, 0.4835729989113827]
,[0.7598500719187329, 0.4835693034224167]
,[0.7598523073798302, 0.48356879867216823]
,[0.7598518587673287, 0.4835685177654541]
,[0.7598481784417647, 0.48356936699468495]
,[0.7598491844918022, 0.4835720942501154]
,[0.7598479842865753, 0.4835701925172779]
,[0.7598478704461472, 0.4835720603943409]
,[0.7598467378462891, 0.48356851523758004]
,[0.7598487960975684, 0.48357356253776335]
,[0.7598457600863413, 0.4835690346675791]
,[0.7598481818079319, 0.4835733830221613]
,[0.7598465291093188, 0.48357246738235277]
,[0.7598468085335183, 0.4835748033864919]
,[0.7598470729963643, 0.4835719575537743]
,[0.7598505127254898, 0.4835711001834565]
,[0.7598500855355795, 0.4835697893975779]
,[0.7598492905136676, 0.4835722813481824]
,[0.7598513603842586, 0.4835719838448409]
,[0.7598522204055679, 0.48357221032088216]
,[0.7598489993981664, 0.4835688409189228]
,[0.7598492588052221, 0.48356864324513493]
,[0.7598495442352564, 0.4835717824259958]
,[0.7598496092565705, 0.48357466326621645]
,[0.7598511373161901, 0.4835715662968643]
,[0.7598472901873526, 0.48357294523604727]
,[0.7598498471550564, 0.4835717692562628]
,[0.7598493727488337, 0.4835715951841214]
,[0.7598509921089722, 0.4835717145395024]
,[0.7598467443028841, 0.483574156134621]
,[0.7598481181549045, 0.4835721204266629]
,[0.7598518246620406, 0.4835720691420457]
,[0.7598475079994851, 0.48356879098448363]
],"vol":[[0.6986683423996717, 0.5179038980139423]
,[0.6986733743035525, 0.5179030031898072]
,[0.6986684616921772, 0.5179029706045174]
,[0.6986684180970069, 0.5179061731860876]
,[0.6986690036284338, 0.5179052235165489]
,[0.6986716700712605, 0.5179020352166013]
,[0.698669330514382, 0.5179003746899108]
,[0.6986727969782311, 0.517905058647758]
,[0.6986734337344016, 0.5179002143704807]
,[0.6986713834604777, 0.5179009248981087]
,[0.6986741352853779, 0.5179023265753008]
,[0.6986697548664749, 0.5179030422005017]
,[0.6986721702239487, 0.5179051899488313]
,[0.6986717450052429, 0.5179021539141432]
,[0.6986718544288187, 0.5179018643684149]
,[0.6986704485965625, 0.5179063318638149]
,[0.6986691884755847, 0.5179047893202512]
,[0.6986686404622904, 0.517900496218512]
,[0.6986733686769441, 0.5179021828468973]
,[0.6986686385944849, 0.517903143069302]
,[0.6986749212092447, 0.517904065123628]
,[0.6986708391216714, 0.5179037369508598]
,[0.698670253262746, 0.5179053193474319]
,[0.6986724430620236, 0.5179065779667806]
,[0.698670234778297, 0.5179048211437637]
,[0.6986736637463968, 0.5179018150030509]
,[0.6986723505973407, 0.5179011118663953]
,[0.6986745305889598, 0.5179064163967639]
,[0.6986738901775804, 0.5179048600971702]
,[0.6986698961522029, 0.5179005257385763]
,[0.6986695684517392, 0.5179031408964889]
,[0.6986735762168725, 0.517903546679588]
,[0.6986706343468992, 0.5179057763233481]
,[0.6986748593948204, 0.5179054703328111]
,[0.6986687294644187, 0.5179022649835681]
,[0.698670277637486, 0.5179021010128135]
,[0.6986734161389337, 0.5179007674209775]
,[0.6986748315926158, 0.5179008105256597]
,[0.6986697913529886, 0.5179056064618806]
,[0.6986736086689085, 0.5179062743928443]
]}