{
"parameters":[2, 2, 2, 2, 20, 60]
,"current_iter":57,"domain":[[-5.12, -5.12]
,[5.12, 5.12]
],"result":[8.960352921860704E-07, 8.985433215258354E-07, 1.298783846692686E-06, 8.935294051326537E-07, 9.008938661736465E-07, 8.934035236052296E-07, 9.020370335122152E-07, 9.013522568324106E-07, 8.961347166547284E-07, 8.980010228754054E-07, 1.5229208441641173, 1.897629356172068, 9.003466594492693E-07, 7.843319057622942, 0.00018104988335565508, 8.8435786693708E-07, 2.0128520603179823E-05, 2.0921889998248844E-06, 8.979822414545424E-07, 0.0563238515579183]
,"population":[[-6.64170532088197E-05, 1.0259733678061136E-05]
,[-6.634838381836894E-05, 1.1270351749077323E-05]
,[-8.323317310922682E-05, 2.145438706353493E-05]
,[-6.630087981900788E-05, 1.0394683706723187E-05]
,[-6.639003432511764E-05, 1.1547302551026185E-05]
,[-6.624808919144368E-05, 1.0696367661318808E-05]
,[-6.637916102567485E-05, 1.1855209919334534E-05]
,[-6.633370011629009E-05, 1.1963594559036707E-05]
,[-6.637623754680772E-05, 1.054435063393661E-05]
,[-6.633413434820955E-05, 1.123289903614356E-05]
,[0.1612487999244579, -0.0030364398348682728]
,[-0.16420965374976512, -0.000502993882959683]
,[-6.640133708273788E-05, 1.1361385273103448E-05]
,[0.11996671604642258, -0.16843184859974872]
,[-9.652056053753425E-05, 0.0009504065764778032]
,[-6.655926166126856E-05, 5.24322875224688E-06]
,[0.00016991940318248537, 0.0002694173330568539]
,[-6.688486388247247E-05, -7.792395768269243E-05]
,[-6.639494827227556E-05, 1.0863313414211173E-05]
,[-0.0020956005436210644, -0.01672621676126355]
],"den":[[0.6500459682584158, 0.721414594261852]
,[0.6500459682584158, 0.721414594261852]
,[0.6500459682584158, 0.721414594261852]
,[0.6500459682584158, 0.721414594261852]
,[0.6500459682584158, 0.721414594261852]
,[0.6500459682584158, 0.721414594261852]
,[0.6500459682584158, 0.721414594261852]
,[0.6500459682584158, 0.721414594261852]
,[0.6500459682584158, 0.721414594261852]
,[0.6500459682584158, 0.721414594261852]
,[0.6500459682584158, 0.721414594261852]
,[0.6500459682584158, 0.721414594261852]
,[0.6500459682584158, 0.721414594261852]
,[0.6500459682584158, 0.721414594261852]
,[0.6500459682584158, 0.721414594261852]
,[0.6500459682584158, 0.721414594261852]
,[0.6500459682584158, 0.721414594261852]
,[0.6500459682584158, 0.721414594261852]
,[0.6500459682584158, 0.721414594261852]
,[0.6500459682584158, 0.721414594261852]
],"vol":[[0.2138710269197674, 0.46184207816260037]
,[0.2138710269197674, 0.46184207816260037]
,[0.2138710269197674, 0.46184207816260037]
,[0.2138710269197674, 0.46184207816260037]
,[0.2138710269197674, 0.46184207816260037]
,[0.2138710269197674, 0.46184207816260037]
,[0.2138710269197674, 0.46184207816260037]
,[0.2138710269197674, 0.46184207816260037]
,[0.2138710269197674, 0.46184207816260037]
,[0.2138710269197674, 0.46184207816260037]
,[0.2138710269197674, 0.46184207816260037]
,[0.2138710269197674, 0.46184207816260037]
,[0.2138710269197674, 0.46184207816260037]
,[0.2138710269197674, 0.46184207816260037]
,[0.2138710269197674, 0.46184207816260037]
,[0.2138710269197674, 0.46184207816260037]
,[0.2138710269197674, 0.46184207816260037]
,[0.2138710269197674, 0.46184207816260037]
,[0.2138710269197674, 0.46184207816260037]
,[0.2138710269197674, 0.46184207816260037]
]}