{
"parameters":[2, 2, 2, 2, 40, 40]
,"current_iter":11,"domain":[[-5.12, -5.12]
,[5.12, 5.12]
],"result":[9.476827691041455, 1.191333736606543, 16.688598248990253, 30.19627187578816, 2.23584456278253, 36.54762184824908, 23.220369887817842, 17.689392009505948, 9.194011740940887, 4.371442016983057, 20.752468431057427, 29.90813049700501, 4.455090705050555, 11.900868837970943, 18.133909663304642, 3.59997995009803, 9.372212831102065, 18.761570065225136, 15.85533039677022, 34.00838307634723, 23.204083873965423, 2.6857806180950057, 30.174669757032532, 29.012206269597524, 29.980523165951915, 10.4102366230677, 7.358459727248077, 14.345450671322238, 30.91332305182629, 7.329252391040713, 25.33823876794735, 30.169807191028486, 22.93776611775248, 26.63409532693507, 12.998040749141587, 13.05497858298163, 23.828023511373875, 13.714847497363069, 23.164095849577684, 10.785658708413756]
,"population":[[4.863584261951153, 2.094018879224587]
,[0.9211242356957761, 0.01866790406424163]
,[5.12, -1.4678562320046986]
,[5.12, 5.12]
,[1.7102350632685366, 0.2943415084887423]
,[-5.12, 5.12]
,[-2.854456966206675, -1.7673356798331428]
,[5.12, -3.9222333194119194]
,[0.8836499504711247, 0.6838126662255657]
,[1.0267825559011352, 1.9633438768333764]
,[-2.1710264684568927, 5.12]
,[-5.12, 0.8756538982064784]
,[3.285979704940608, -0.3016386428762028]
,[0.7722784181002917, 2.9145426045926595]
,[5.12, 3.331156896831524]
,[0.9714454763966122, 2.3463316948013717]
,[5.12, 0.021427868687205018]
,[0.9763019041356809, -0.6194322951748328]
,[5.12, -3.182071520801513]
,[-3.4778825736226375, 4.813247787015053]
,[2.706792094367995, -5.12]
,[4.246908555117317, 3.008575758939189]
,[3.9676342301285303, 5.12]
,[5.12, -2.8109504890275563]
,[4.9185850107236755, 0.796905627958912]
,[1.1031349181060757, -3.264757173550073]
,[4.121328148786363, -0.02657094264662125]
,[2.7806870123484466, 4.76928792023617]
,[-5.12, -5.12]
,[1.8748185598689437, 3.8247762552904785]
,[1.1096784492417826, 1.5551091153583998]
,[5.12, -0.08005782826891762]
,[-2.449787718553723, 1.9057878194699485]
,[5.12, -1.3961805183237694]
,[5.12, -4.71430402128615]
,[2.4622633507808565, -4.893330599444919]
,[-0.19448930988623958, -3.3531736990475545]
,[1.1363178910492322, -5.12]
,[2.105022942079975, 5.12]
,[1.2335522678128998, 3.609958201014777]
],"den":[[0.3542632279109777, 0.4589938369891414]
,[0.35426472686888133, 0.4589963329959623]
,[0.3542656149508493, 0.45899503311465895]
,[0.3542653904310133, 0.45899449523138863]
,[0.35426497630269793, 0.4589946026521392]
,[0.354269025260554, 0.45899259064375836]
,[0.3542694844046932, 0.45899750515751103]
,[0.35426600297487804, 0.45899421845462235]
,[0.35426670745155997, 0.45899353581673996]
,[0.3542641217269867, 0.45899487165495134]
,[0.35426402677513963, 0.4589953456304691]
,[0.35426383420574076, 0.45899430212597925]
,[0.354266577822489, 0.4589952139022209]
,[0.35426767354187005, 0.45899467532311167]
,[0.3542635787544286, 0.4589926642446416]
,[0.35426652183356333, 0.45899191816858137]
,[0.3542635998299335, 0.458996177033401]
,[0.35426574275817097, 0.4589933832859757]
,[0.3542667665225465, 0.4589929457528321]
,[0.35426317232421456, 0.4589952231302166]
,[0.3542678032262969, 0.4589927869605037]
,[0.3542678771491297, 0.45899156753270337]
,[0.3542676577657604, 0.4589978259025215]
,[0.35426476275849095, 0.45899614889171486]
,[0.35426548003482455, 0.45899745060274644]
,[0.3542676649791647, 0.4589941412503577]
,[0.3542632271976686, 0.4589916931080929]
,[0.3542655691780403, 0.4589959056499095]
,[0.35426456056285754, 0.45899388919878426]
,[0.3542686670634199, 0.4589933778474756]
,[0.35426931973265036, 0.4589958252676906]
,[0.3542666177905949, 0.4589918347076018]
,[0.35426541280815294, 0.4589931444240375]
,[0.35426907419281967, 0.4589951827799468]
,[0.3542634743350325, 0.45899601483935243]
,[0.3542631260989165, 0.4589958872954458]
,[0.35426887843845545, 0.45899443758408887]
,[0.35426730843588533, 0.4589960157943332]
,[0.3542634814709698, 0.45899667019429063]
,[0.3542672423552557, 0.4589951913419846]
],"vol":[[0.405772917094712, 0.48884793477998034]
,[0.40577009604045605, 0.4888491037636282]
,[0.4057698937092602, 0.4888493361426202]
,[0.40576924344869314, 0.48884850957084464]
,[0.4057678876236235, 0.48885361386697923]
,[0.4057727093256798, 0.4888507274462211]
,[0.40577150398061557, 0.4888521803133222]
,[0.4057716248284264, 0.48885317115253524]
,[0.40576788317821294, 0.4888482734877939]
,[0.40577351841058695, 0.48884789141174234]
,[0.40576701544499155, 0.48885000939797185]
,[0.4057733358688275, 0.4888474105559326]
,[0.40577088760966357, 0.4888518144122481]
,[0.40577217953746436, 0.4888510527458983]
,[0.4057698996590861, 0.4888489075811305]
,[0.4057714692254671, 0.4888537179726939]
,[0.40577109372323655, 0.4888488750167462]
,[0.40576788516681767, 0.4888522865994966]
,[0.40577341683664725, 0.4888496785790653]
,[0.4057730130334241, 0.4888538993662993]
,[0.40576945167319456, 0.488852664851254]
,[0.40576745945578974, 0.4888531600964628]
,[0.40577061026166844, 0.48885165484532117]
,[0.4057720388587771, 0.4888538642772968]
,[0.4057719988561212, 0.4888519280282995]
,[0.40576921859262943, 0.48884926316338895]
,[0.4057697736185636, 0.4888484129833158]
,[0.4057677055718588, 0.4888486093527712]
,[0.40577221138746994, 0.48885097801618876]
,[0.4057680434041167, 0.48884847412497595]
,[0.40577239735138065, 0.48884957886725183]
,[0.40576922692951284, 0.4888515184702564]
,[0.4057732721786117, 0.488851938499779]
,[0.4057705506259539, 0.48885145954754095]
,[0.4057690537423688, 0.4888523022509333]
,[0.40576820081967907, 0.48884963632333917]
,[0.4057702996650962, 0.4888519887886854]
,[0.40576825474372313, 0.4888517005706895]
,[0.4057711313182032, 0.4888532383561286]
,[0.4057693816251531, 0.48884871419258735]
]}