{
"parameters":[2, 2, 2, 2, 20, 60]
,"current_iter":18,"domain":[[-5.12, -5.12]
,[5.12, 5.12]
],"result":[21.52119097130058, 10.208893586800333, 22.04353305436923, 18.261716570975718, 10.182861479882195, 34.390260719611334, 21.10553951495048, 24.10030921560994, 33.70537460519807, 18.02826792989051, 11.928818903219101, 10.555763694209462, 11.78006661749994, 17.44546855654757, 28.944823600207503, 17.899284936582134, 20.570728467728657, 10.797727347505974, 21.633178945801205, 5.035896589443837]
,"population":[[-2.5104599371908236, -5.12]
,[-3.5589257015073215, -2.166435834398084]
,[-1.6034673726731565, -5.12]
,[-0.8862844532891796, -5.12]
,[-5.12, -1.4146138252247686]
,[-5.12, -5.12]
,[-5.12, 5.12]
,[-3.2893417619707117, -5.12]
,[-5.12, -5.12]
,[-5.12, -5.12]
,[-5.12, 1.1851083520413828]
,[-5.12, -1.1153911484665344]
,[-2.318827937781853, -4.7155128754335855]
,[-2.782692278899033, -5.12]
,[-5.12, 5.12]
,[-5.12, -1.8208683745374912]
,[-5.12, -1.0791953437179995]
,[-5.12, -1.3024019592975686]
,[-2.8261165247125786, -5.12]
,[-1.933186840354612, -0.9830745132204477]
],"den":[[0.6500459682481142, 0.7214145941717959]
,[0.6500459682453167, 0.7214145942614073]
,[0.6500459681906181, 0.7214145941708566]
,[0.6500459682069939, 0.7214145941996425]
,[0.6500459682060461, 0.7214145942533429]
,[0.6500459682674194, 0.7214145941691862]
,[0.650045968246981, 0.721414594220016]
,[0.6500459682607017, 0.7214145942015444]
,[0.6500459682467896, 0.7214145941909885]
,[0.6500459682935844, 0.7214145942685366]
,[0.6500459682379477, 0.7214145942304858]
,[0.6500459682006815, 0.7214145942710387]
,[0.6500459682576634, 0.7214145942427959]
,[0.6500459682667221, 0.7214145942731882]
,[0.650045968194639, 0.7214145941712611]
,[0.6500459682165092, 0.7214145941697492]
,[0.6500459681989524, 0.7214145942709608]
,[0.6500459682164287, 0.7214145942083503]
,[0.6500459682288466, 0.7214145942084176]
,[0.6500459682584159, 0.7214145942618523]
],"vol":[[0.21387102694392515, 0.46184207821623785]
,[0.21387102691170443, 0.4618420781816129]
,[0.21387102688121912, 0.4618420781993124]
,[0.21387102697914243, 0.46184207818361034]
,[0.21387102692835086, 0.4618420782085814]
,[0.21387102696128102, 0.4618420781306035]
,[0.21387102693928461, 0.46184207816972717]
,[0.21387102688546697, 0.4618420782316472]
,[0.21387102690699444, 0.46184207823498835]
,[0.21387102695216778, 0.4618420781526569]
,[0.21387102693525925, 0.4618420781636781]
,[0.2138710269716478, 0.46184207821388407]
,[0.2138710269004294, 0.4618420781786031]
,[0.21387102694509436, 0.4618420781606634]
,[0.21387102688219395, 0.46184207821574846]
,[0.21387102692304297, 0.4618420781588892]
,[0.21387102689187024, 0.4618420781673168]
,[0.2138710269076843, 0.4618420781757136]
,[0.2138710268933261, 0.4618420781873574]
,[0.21387102691976756, 0.4618420781626001]
]}