{
"parameters":[2, 2, 2, 2, 40, 40]
,"current_iter":31,"domain":[[-5.12, -5.12]
,[5.12, 5.12]
],"result":[1.5143383042211003, 12.199129881774414, 1.0105997301565282, 0.001263452229336437, 1.3003308873859165, 0.004613152081025973, 10.11612694869144, 0.00011201782511172098, 0.011604280994887972, 1.1830499801552286, 1.2557122037614477, 2.8160625422657404E-06, 3.000832387598077, 8.87303366481293, 7.900656394100396, 0.0002968141211905362, 1.1939040272202934, 4.206295426657817, 0.39015227331545965, 5.631731723911934, 0.0029713042629122555, 0.12126611418291233, 0.0023317426947855324, 1.5374384508332266, 0.0007468334770290852, 0.007219710275657931, 2.924406941917603, 0.18411294685024693, 0.001523452729827568, 2.456068119303188, 0.0012586259440858782, 2.4981337450816756, 0.007489349129636835, 6.776005227435281, 0.0013226798188306077, 2.239194996970255, 0.5792130751046773, 0.022749368200104314, 0.9982916634231565, 1.0804183480715235]
,"population":[[-0.08846379310155311, -0.002372908482591192]
,[0.6415285014231213, -0.02437115482731708]
,[0.6794332372071635, -0.004341325568951029]
,[-0.0017853202883815517, -0.0040579600108247476]
,[-0.29849658953591807, -0.018933380793721758]
,[0.0035396934121333617, -0.0032747767471773244]
,[-0.3303418260332491, 0.2052771369196094]
,[0.0007064184034539878, -0.0002561295738668845]
,[-0.003032054250540382, 0.007021861082634191]
,[0.0016587094083431843, -0.5811984685134668]
,[0.19534860358120645, -0.006700935669825861]
,[2.25439713499951E-05, 0.00011698803208442599]
,[-0.1261023209283137, -0.005878222626418036]
,[0.5510868398422266, -0.12938662994283592]
,[-0.37346621981445477, -0.786967051591225]
,[-0.0008867795865446704, 0.0008424513148720298]
,[0.8071912157108471, 0.00037794541197466876]
,[-0.35820134240503937, -0.328929447746294]
,[0.014032987382497001, 0.04219149368522832]
,[0.040118186755928265, -1.2115790440043128]
,[0.002393353829143836, -0.003041245485108795]
,[-0.0018656212003539151, -0.024677462236404192]
,[-0.002372650727751972, -0.0024746634266873007]
,[-0.00376696721237587, 0.857232221812488]
,[-0.0008075469938125432, -0.0017641804645453917]
,[-0.0057966027307523715, -0.0016715973448157885]
,[0.4079196697829393, -0.0006918194915022265]
,[-0.03038783319039365, 0.002719040850395117]
,[-0.002822149572660164, -0.0017532548838781325]
,[-0.38081943377761707, 0.22449176402364748]
,[-0.0014740033683731833, -0.0020424299854686417]
,[-0.6346813241390009, 0.35658957359603394]
,[0.00579000520277969, -0.002056652102131286]
,[-1.3617362563924786, 0.000997211213303583]
,[0.001580689576593458, 0.0020416896446835394]
,[-0.3228958237097888, 0.11834450113833046]
,[-0.05298815259567069, 0.011728782595789449]
,[-0.0003150321684767069, -0.010705721522647592]
,[0.2752948477908389, -0.0066180430551185596]
,[-0.07135884206690359, 0.02094580847504319]
],"den":[[0.7598480709649833, 0.4835696128759235]
,[0.7598480709968898, 0.4835696129175096]
,[0.7598480709523349, 0.48356961289555644]
,[0.7598480709701434, 0.48356961288104205]
,[0.7598480709675905, 0.4835696128771384]
,[0.7598480709507228, 0.48356961291540385]
,[0.7598480709865187, 0.48356961287446104]
,[0.7598480709469725, 0.4835696129125578]
,[0.7598480709869528, 0.4835696128790972]
,[0.7598480710071938, 0.48356961287452704]
,[0.7598480710031318, 0.4835696128719836]
,[0.7598480709698086, 0.4835696128796728]
,[0.7598480709789177, 0.48356961290436656]
,[0.7598480709680505, 0.48356961288714745]
,[0.7598480709670198, 0.48356961290406003]
,[0.7598480709567649, 0.48356961287196065]
,[0.7598480709754011, 0.4835696129176611]
,[0.7598480709479117, 0.48356961287666383]
,[0.7598480709698391, 0.4835696129160357]
,[0.7598480709548747, 0.4835696129077451]
,[0.7598480709574048, 0.4835696129288963]
,[0.7598480709597993, 0.4835696129031289]
,[0.7598480709909442, 0.4835696128953659]
,[0.7598480709870762, 0.4835696128834974]
,[0.7598480709798777, 0.48356961290606065]
,[0.7598480709986193, 0.4835696129033669]
,[0.7598480710064062, 0.4835696129054175]
,[0.7598480709772418, 0.4835696128749095]
,[0.7598480709795906, 0.4835696128731197]
,[0.759848070982175, 0.4835696129015432]
,[0.7598480709827637, 0.48356961292762757]
,[0.7598480709965995, 0.4835696128995863]
,[0.7598480709617659, 0.4835696129120718]
,[0.7598480709849178, 0.483569612901424]
,[0.7598480709806223, 0.48356961289984784]
,[0.7598480709952847, 0.48356961290092854]
,[0.7598480709568233, 0.48356961292303574]
,[0.7598480709692627, 0.4835696129046036]
,[0.759848071002823, 0.48356961290413925]
,[0.7598480709637381, 0.4835696128744574]
],"vol":[[0.6986724769007789, 0.5179052427776073]
,[0.6986724769463399, 0.5179052427695052]
,[0.6986724769018591, 0.5179052427692102]
,[0.6986724769014643, 0.5179052427982077]
,[0.698672476906766, 0.5179052427896089]
,[0.6986724769309091, 0.5179052427607408]
,[0.6986724769097258, 0.5179052427457056]
,[0.6986724769411126, 0.5179052427881162]
,[0.6986724769468781, 0.5179052427442541]
,[0.698672476928314, 0.5179052427506875]
,[0.6986724769532302, 0.5179052427633789]
,[0.698672476913568, 0.5179052427698584]
,[0.6986724769354377, 0.517905242789305]
,[0.6986724769315875, 0.5179052427618155]
,[0.6986724769325784, 0.5179052427591938]
,[0.6986724769198494, 0.5179052427996444]
,[0.6986724769084397, 0.5179052427856776]
,[0.6986724769034777, 0.517905242746806]
,[0.698672476946289, 0.5179052427620775]
,[0.6986724769034608, 0.5179052427707718]
,[0.6986724769603463, 0.5179052427791204]
,[0.6986724769233853, 0.517905242776149]
,[0.6986724769180808, 0.5179052427904767]
,[0.6986724769379081, 0.5179052428018728]
,[0.6986724769179133, 0.5179052427859657]
,[0.6986724769489607, 0.5179052427587468]
,[0.6986724769370709, 0.5179052427523804]
,[0.6986724769568095, 0.5179052428004098]
,[0.6986724769510109, 0.5179052427863184]
,[0.6986724769148472, 0.5179052427470733]
,[0.6986724769118802, 0.517905242770752]
,[0.6986724769481681, 0.5179052427744262]
,[0.6986724769215312, 0.5179052427946144]
,[0.6986724769597866, 0.5179052427918438]
,[0.6986724769042836, 0.5179052427628211]
,[0.6986724769183014, 0.5179052427613365]
,[0.6986724769467187, 0.5179052427492616]
,[0.6986724769595348, 0.5179052427496519]
,[0.6986724769138983, 0.5179052427930764]
,[0.698672476948462, 0.5179052427991241]
]}