{
"parameters":[2, 2, 2, 2, 20, 60]
,"current_iter":31,"domain":[[-5.12, -5.12]
,[5.12, 5.12]
],"result":[21.52119097130058, 10.208893586800333, 15.194564681524717, 18.261716570975718, 10.182861479882195, 34.390260719611334, 21.10553951495048, 5.611554450724473, 32.908468681910136, 18.02826792989051, 11.928818903219101, 10.555763694209462, 4.982819858204767, 7.843319057622942, 11.161187662954738, 5.9096249195956325, 20.570728467728657, 10.797727347505974, 16.50989968493638, 5.035896589443837]
,"population":[[-5.12, -5.0876190349786015]
,[-2.5780481705810954, -3.701273717656074]
,[-1.9294477278974589, -1.3528209213569087]
,[-1.5884917659621989, -4.3748254457529665]
,[-5.12, -1.101777075060485]
,[-5.12, -5.12]
,[-5.12, 1.363698098450926]
,[-1.9829247404254262, -1.0833642723913288]
,[-1.994362745217405, -5.12]
,[-5.12, -2.1456405299949846]
,[-5.12, -0.9927127466076229]
,[-5.12, -1.0320927799284385]
,[-1.9887279663289015, -1.0012102262353342]
,[-2.041317639963069, -5.12]
,[-0.48825289842220276, -1.042750237787376]
,[-1.928647695067373, -0.9625783534211629]
,[-3.3787783645276983, -1.7624866635143088]
,[-3.9699210361401693, -1.3298705789206433]
,[-5.12, -2.45699090661339]
,[-1.9723217347898174, -0.9954395255922033]
],"den":[[0.6500459682584158, 0.7214145942618516]
,[0.6500459682584158, 0.7214145942618523]
,[0.6500459682584153, 0.7214145942618516]
,[0.6500459682584154, 0.7214145942618518]
,[0.6500459682584154, 0.7214145942618522]
,[0.650045968258416, 0.7214145942618516]
,[0.6500459682584158, 0.721414594261852]
,[0.6500459682584159, 0.7214145942618518]
,[0.6500459682584158, 0.7214145942618517]
,[0.6500459682584161, 0.7214145942618524]
,[0.6500459682584157, 0.7214145942618521]
,[0.6500459682584154, 0.7214145942618524]
,[0.6500459682584159, 0.7214145942618521]
,[0.650045968258416, 0.7214145942618524]
,[0.6500459682584153, 0.7214145942618516]
,[0.6500459682584155, 0.7214145942618516]
,[0.6500459682584154, 0.7214145942618524]
,[0.6500459682584155, 0.7214145942618518]
,[0.6500459682584157, 0.7214145942618518]
,[0.6500459682584159, 0.7214145942618523]
],"vol":[[0.21387102691976775, 0.4618420781626005]
,[0.2138710269197675, 0.4618420781626002]
,[0.21387102691976725, 0.46184207816260037]
,[0.213871026919768, 0.46184207816260026]
,[0.21387102691976762, 0.4618420781626004]
,[0.21387102691976786, 0.4618420781625998]
,[0.2138710269197677, 0.46184207816260014]
,[0.2138710269197673, 0.4618420781626006]
,[0.21387102691976745, 0.46184207816260064]
,[0.21387102691976778, 0.4618420781626]
,[0.21387102691976767, 0.4618420781626001]
,[0.21387102691976795, 0.4618420781626005]
,[0.21387102691976742, 0.4618420781626002]
,[0.21387102691976775, 0.4618420781626001]
,[0.21387102691976725, 0.4618420781626005]
,[0.2138710269197676, 0.46184207816260003]
,[0.21387102691976734, 0.46184207816260014]
,[0.21387102691976748, 0.4618420781626002]
,[0.21387102691976737, 0.46184207816260026]
,[0.21387102691976756, 0.4618420781626001]
]}