{
"parameters":[2, 2, 2, 2, 40, 40]
,"current_iter":5,"domain":[[-5.12, -5.12]
,[5.12, 5.12]
],"result":[39.976730235574045, 32.33673161699805, 18.017953806555496, 4.684447353770711, 10.75092751563728, 9.388355459988293, 27.17724955779783, 36.28474462516453, 26.296213533289073, 9.133210275997225, 38.62584280513349, 11.652987536959301, 23.95502563416463, 8.87303366481293, 23.435946322972878, 26.498844405156113, 24.540293901102267, 32.905367779236485, 33.93113250229559, 20.26539335586851, 23.843166107649214, 10.102387056023758, 13.76187689513229, 20.07557995883365, 30.291474270373243, 17.885913955304652, 21.219149137009527, 12.76017038547987, 30.89168297948668, 2.456068119303188, 33.92634750707753, 7.37210905973099, 27.84560477434018, 29.94418857278131, 20.380927701872135, 27.217846938231965, 27.018111468831773, 29.228295750732332, 10.99448607885413, 26.611694320217282]
,"population":[[5.12, -0.26564543232290483]
,[2.2360605941130642, -3.651359354003218]
,[-3.3108235232369796, -0.5562682085283762]
,[0.06478173966808783, -0.46505416079032336]
,[-4.974058010315999, -1.9952214102177208]
,[-0.7473324641161229, -1.5048924490102835]
,[3.9748354275119895, -5.12]
,[5.12, -5.12]
,[3.535304873791757, 5.12]
,[0.4501180273713206, 0.06423745240627676]
,[5.12, -0.3904154879868911]
,[1.6700308397019867, -4.185031948264027]
,[5.12, 5.12]
,[1.5512014611057896, -4.961784807357762]
,[-5.12, -3.1894589626161967]
,[-1.950460179782783, -1.4920941159328593]
,[-3.2934800576943255, -0.9960758759640235]
,[-5.12, -5.12]
,[5.12, -0.6863096290572275]
,[0.03957492667367207, -4.717758731421078]
,[0.36237374692085567, -2.9413911753740996]
,[-3.1622465413955236, -0.8227970827439579]
,[-0.24414350347162983, -1.9685063779089749]
,[3.360880514143979, -5.12]
,[-5.12, -5.12]
,[-0.6504054481564735, -3.685659337488633]
,[-5.12, -2.153127343330139]
,[0.8982862750850411, 0.24869198563415362]
,[5.12, 1.6563360333412425]
,[0.9771166505324943, -1.0401329193307023]
,[-0.7178086067800068, -5.12]
,[-4.418568092190796, -1.035383627384549]
,[-4.3240662912582435, -5.12]
,[0.499818204514758, -1.6255557233344713]
,[5.12, -0.9633219584157033]
,[-3.1996483242420344, -4.1882221200186605]
,[-1.493102759825686, -5.12]
,[-5.12, -3.1451922899208906]
,[-0.2714453131242036, -0.875633068073404]
,[-3.203917495670588, -5.12]
],"den":[[0.7431874552062664, 0.4589295602310119]
,[0.7742003295222178, 0.4993510240854797]
,[0.7308932651746033, 0.47801270644404864]
,[0.7482030520135424, 0.4639048149010949]
,[0.7457217276757994, 0.4601104844869943]
,[0.7293263081588576, 0.49730421966673677]
,[0.7641197636579401, 0.457508108014589]
,[0.7256810465579764, 0.4945378595817889]
,[0.7645417580956912, 0.46201444258329544]
,[0.784215699521, 0.4575722150553895]
,[0.7802675314720666, 0.4550999992580374]
,[0.7478775651887329, 0.46257393211413556]
,[0.7567316532930614, 0.4865760780931417]
,[0.7461688359118154, 0.46983922657937227]
,[0.7451669442148185, 0.48627811874845106]
,[0.7351991110492987, 0.45507775183600274]
,[0.7533134567445438, 0.4994982466855033]
,[0.7265939995735129, 0.459649173538815]
,[0.747907190296477, 0.49791835811419294]
,[0.7333620498125244, 0.48985995621198614]
,[0.7358212182319713, 0.5104187611296112]
,[0.73814871413413, 0.4853730351013189]
,[0.7684212290134481, 0.47782745381977815]
,[0.7646615978208898, 0.46629143352020325]
,[0.7576647350501984, 0.4882226987462258]
,[0.7758813404801642, 0.48560441864245696]
,[0.7834502527213383, 0.48759759865112245]
,[0.7551026733240094, 0.4579440220961586]
,[0.757385674010361, 0.4562043261874536]
,[0.7598976988364248, 0.48383176307442627]
,[0.7604699411927877, 0.5091855846303875]
,[0.7739181535038003, 0.48192964459066456]
,[0.7400601778521093, 0.4940654713988227]
,[0.7625636483403017, 0.48371585832603053]
,[0.7583884738097962, 0.4821838767955619]
,[0.7726402076244722, 0.48323430472623663]
,[0.7352559345259944, 0.5047223992431946]
,[0.7473469900169758, 0.4868064537701201]
,[0.7799673761971884, 0.48635510592215525]
,[0.7419771081632641, 0.4575045569527136]
],"vol":[[0.6845859568933057, 0.5470587537906938]
,[0.7288709513070538, 0.5391835473555833]
,[0.6856358314659589, 0.5388967693463296]
,[0.6852521572314744, 0.5670821859010156]
,[0.6904053272004606, 0.5587242936970056]
,[0.7138722710225708, 0.5306645674558738]
,[0.6932821990044531, 0.5160505332947621]
,[0.7237900019804283, 0.5572733094076687]
,[0.7293939928606763, 0.51463958721237]
,[0.711349854614946, 0.5208928290823055]
,[0.7355682326320053, 0.5332287695326327]
,[0.6970168550130825, 0.5395268743396517]
,[0.7182740361446149, 0.5584288694960777]
,[0.7145317532125165, 0.5317092058481809]
,[0.7154947728878578, 0.5291609594456445]
,[0.7031222643726226, 0.5684786836151491]
,[0.6920321378949181, 0.5549030003910547]
,[0.6872091591072464, 0.5171200873940162]
,[0.7288214324108659, 0.5319638384646818]
,[0.6871927208457044, 0.5404146047825112]
,[0.7424850249371645, 0.54852945984348]
,[0.706559214417684, 0.5456412629412448]
,[0.7014031621849105, 0.5595676862223758]
,[0.7206752411173385, 0.5706445970987144]
,[0.7012404834576402, 0.5551830741176754]
,[0.7314182922434456, 0.528726502643401]
,[0.7198614739908265, 0.5225383075593895]
,[0.7390472372646231, 0.5692226448009035]
,[0.7334110774672009, 0.5555258969200236]
,[0.6982602884771972, 0.5173798888346515]
,[0.6953762482523962, 0.5403954821966492]
,[0.730647958671444, 0.5439667154122251]
,[0.7047570238642751, 0.5635894593675042]
,[0.7419410059143765, 0.5608964847905575]
,[0.6879924528371101, 0.5326867103825207]
,[0.7016176804371607, 0.5312436295689025]
,[0.7292391379160559, 0.5195068976261913]
,[0.7416963230867037, 0.519886255152867]
,[0.6973379670796123, 0.5620945353149192]
,[0.7309335639334648, 0.5679728906450934]
]}