{
"parameters":[2, 2, 2, 2, 20, 60]
,"current_iter":34,"domain":[[-5.12, -5.12]
,[5.12, 5.12]
],"result":[21.52119097130058, 10.208893586800333, 15.194564681524717, 18.261716570975718, 10.182861479882195, 33.514206713093714, 21.10553951495048, 5.611554450724473, 0.5673919216529892, 18.02826792989051, 1.5229208441641173, 5.431602396576746, 4.982819858204767, 7.843319057622942, 1.0425201621128632, 5.9096249195956325, 20.570728467728657, 10.797727347505974, 16.50989968493638, 5.035896589443837]
,"population":[[-1.499244670936503, -1.0079481157676702]
,[0.4784119193507907, -1.509640837672149]
,[3.7692657881217544, -1.3294046177756638]
,[2.5369103060513805, -1.9931417398733164]
,[-5.12, -1.405445206516723]
,[-3.1114108896651, -1.5713216796716938]
,[-3.1415971675503793, 2.243114832346472]
,[1.3664860664635274, -1.0670060363909744]
,[-0.007563752173957983, -0.05318692998936503]
,[-3.416654167662094, -2.87969593044781]
,[-1.016498196562133, 0.04704805044251836]
,[-1.973676892447359, -1.0402237283388234]
,[1.987489732758566, -1.006141693747429]
,[1.1198604474673015, -1.5358093367618653]
,[0.011051599928804556, -1.0058059246030164]
,[2.3315406387570308, -1.0682967973638702]
,[-1.5082472530459567, -1.603807079775314]
,[0.5078463084772821, -1.448028761045613]
,[-0.01762696534302457, -4.625979824991674]
,[1.4792818554442537, -1.0128109233691283]
],"den":[[0.6500459682584158, 0.7214145942618518]
,[0.6500459682584158, 0.7214145942618521]
,[0.6500459682584157, 0.7214145942618518]
,[0.6500459682584157, 0.721414594261852]
,[0.6500459682584157, 0.721414594261852]
,[0.6500459682584158, 0.7214145942618518]
,[0.6500459682584158, 0.721414594261852]
,[0.6500459682584158, 0.721414594261852]
,[0.6500459682584158, 0.721414594261852]
,[0.6500459682584159, 0.7214145942618521]
,[0.6500459682584158, 0.721414594261852]
,[0.6500459682584157, 0.7214145942618521]
,[0.6500459682584158, 0.721414594261852]
,[0.6500459682584158, 0.7214145942618521]
,[0.6500459682584157, 0.7214145942618518]
,[0.6500459682584158, 0.7214145942618518]
,[0.6500459682584157, 0.7214145942618521]
,[0.6500459682584158, 0.721414594261852]
,[0.6500459682584158, 0.721414594261852]
,[0.6500459682584158, 0.7214145942618521]
],"vol":[[0.21387102691976748, 0.4618420781626003]
,[0.21387102691976742, 0.46184207816260026]
,[0.21387102691976737, 0.46184207816260026]
,[0.21387102691976753, 0.46184207816260026]
,[0.21387102691976745, 0.4618420781626003]
,[0.21387102691976748, 0.46184207816260014]
,[0.21387102691976745, 0.46184207816260026]
,[0.21387102691976737, 0.46184207816260037]
,[0.2138710269197674, 0.46184207816260037]
,[0.21387102691976748, 0.46184207816260014]
,[0.21387102691976745, 0.4618420781626002]
,[0.2138710269197675, 0.4618420781626003]
,[0.2138710269197674, 0.46184207816260026]
,[0.21387102691976748, 0.4618420781626002]
,[0.21387102691976737, 0.4618420781626003]
,[0.21387102691976745, 0.4618420781626002]
,[0.2138710269197674, 0.46184207816260026]
,[0.21387102691976742, 0.46184207816260026]
,[0.2138710269197674, 0.46184207816260026]
,[0.21387102691976745, 0.4618420781626002]
]}