{
"parameters":[2, 2, 2, 2, 20, 60]
,"current_iter":38,"domain":[[-5.12, -5.12]
,[5.12, 5.12]
],"result":[21.52119097130058, 10.208893586800333, 15.194564681524717, 16.541592310394307, 9.040759884664833, 28.52712650333739, 21.10553951495048, 5.611554450724473, 0.5673919216529892, 4.061342793300147, 1.5229208441641173, 5.431602396576746, 4.982819858204767, 7.843319057622942, 1.0425201621128632, 5.9096249195956325, 19.49200510840507, 10.797727347505974, 16.50989968493638, 5.035896589443837]
,"population":[[-0.6504475257667348, -0.1895575600921299]
,[0.7745541269081276, -1.607810274140878]
,[1.4248315364602713, 0.3980248121982021]
,[-0.045481506118837195, 3.1984818620955027]
,[-0.21471982405388534, -0.9632495335109924]
,[2.84943740075812, 0.6508724534375915]
,[-2.8727339916983357, 3.265204738595587]
,[1.4980861007243649, 0.4622405281026154]
,[-0.007563752173957983, -0.05318692998936503]
,[1.1687353006219658, -0.03537891589886649]
,[1.3552972024860117, -0.05321547819097229]
,[0.3814844531559981, 0.7258001093668713]
,[2.746113707545806, 0.6703857133191224]
,[0.7317148798346578, -1.2277588354245792]
,[-0.02828448382408379, 1.2672746913468422]
,[2.498948957560269, 0.6026430526911261]
,[2.42906939560346, 0.2509002610441708]
,[1.430022714256113, 0.4199758659499675]
,[-0.36883740927720376, -1.194650089661748]
,[2.6412029106711126, 0.2653275135489611]
],"den":[[0.6500459682584158, 0.721414594261852]
,[0.6500459682584158, 0.721414594261852]
,[0.6500459682584158, 0.721414594261852]
,[0.6500459682584158, 0.721414594261852]
,[0.6500459682584158, 0.721414594261852]
,[0.6500459682584158, 0.721414594261852]
,[0.6500459682584158, 0.721414594261852]
,[0.6500459682584158, 0.721414594261852]
,[0.6500459682584158, 0.721414594261852]
,[0.6500459682584158, 0.721414594261852]
,[0.6500459682584158, 0.721414594261852]
,[0.6500459682584158, 0.721414594261852]
,[0.6500459682584158, 0.721414594261852]
,[0.6500459682584158, 0.721414594261852]
,[0.6500459682584158, 0.721414594261852]
,[0.6500459682584158, 0.721414594261852]
,[0.6500459682584158, 0.721414594261852]
,[0.6500459682584158, 0.721414594261852]
,[0.6500459682584158, 0.721414594261852]
,[0.6500459682584158, 0.721414594261852]
],"vol":[[0.2138710269197674, 0.46184207816260037]
,[0.2138710269197674, 0.46184207816260037]
,[0.2138710269197674, 0.46184207816260037]
,[0.21387102691976742, 0.46184207816260037]
,[0.2138710269197674, 0.46184207816260037]
,[0.2138710269197674, 0.4618420781626003]
,[0.2138710269197674, 0.46184207816260037]
,[0.2138710269197674, 0.46184207816260037]
,[0.2138710269197674, 0.46184207816260037]
,[0.2138710269197674, 0.4618420781626003]
,[0.2138710269197674, 0.46184207816260037]
,[0.21387102691976742, 0.46184207816260037]
,[0.2138710269197674, 0.46184207816260037]
,[0.2138710269197674, 0.46184207816260037]
,[0.2138710269197674, 0.46184207816260037]
,[0.2138710269197674, 0.46184207816260037]
,[0.2138710269197674, 0.46184207816260037]
,[0.2138710269197674, 0.46184207816260037]
,[0.2138710269197674, 0.46184207816260037]
,[0.2138710269197674, 0.46184207816260037]
]}