{
"parameters":[2, 2, 2, 2, 20, 60]
,"current_iter":23,"domain":[[-5.12, -5.12]
,[5.12, 5.12]
],"result":[21.52119097130058, 10.208893586800333, 22.04353305436923, 18.261716570975718, 10.182861479882195, 34.390260719611334, 21.10553951495048, 14.401461516747549, 33.70537460519807, 18.02826792989051, 11.928818903219101, 10.555763694209462, 8.67711530495756, 17.44546855654757, 28.944823600207503, 17.899284936582134, 20.570728467728657, 10.797727347505974, 16.50989968493638, 5.035896589443837]
,"population":[[-5.12, -2.6705924688360145]
,[-3.5756773133788124, -5.12]
,[-1.678299743308347, -4.094503607194326]
,[-0.6743081219890319, -5.12]
,[-2.034762288084166, -1.5333413753275513]
,[-5.12, -5.12]
,[-5.12, 0.39085837167111714]
,[-2.473316185958362, -1.1641756368623044]
,[-4.908244884331857, -5.12]
,[-5.12, -5.12]
,[-5.12, -0.11903706918877943]
,[-3.3077533625072966, -1.3925816426656947]
,[-2.0318684756448895, -1.9464836203831606]
,[-5.12, -2.0116763165169935]
,[-4.549466294135709, 3.029138871017967]
,[-4.796716570974471, -1.127448050596064]
,[-5.12, -2.83722480330916]
,[-4.855135713736781, -1.1231226609462215]
,[0.31314408111540937, 0.9050170122728529]
,[-1.9723217347898174, -0.9954395255922033]
],"den":[[0.6500459682583021, 0.7214145942608571]
,[0.6500459682582711, 0.7214145942618474]
,[0.6500459682576667, 0.7214145942608468]
,[0.6500459682578477, 0.7214145942611648]
,[0.6500459682578372, 0.7214145942617582]
,[0.6500459682585153, 0.7214145942608283]
,[0.6500459682582895, 0.72141459426139]
,[0.6500459682584411, 0.7214145942611859]
,[0.6500459682582874, 0.7214145942610692]
,[0.6500459682588045, 0.7214145942619261]
,[0.6500459682581897, 0.7214145942615057]
,[0.6500459682577779, 0.7214145942619538]
,[0.6500459682584075, 0.7214145942616417]
,[0.6500459682585076, 0.7214145942619775]
,[0.6500459682577111, 0.7214145942608512]
,[0.6500459682579528, 0.7214145942608345]
,[0.6500459682577588, 0.721414594261953]
,[0.6500459682579519, 0.7214145942612611]
,[0.6500459682580891, 0.7214145942612618]
,[0.6500459682584159, 0.7214145942618523]
],"vol":[[0.2138710269200345, 0.4618420781631928]
,[0.21387102691967846, 0.4618420781628102]
,[0.2138710269193416, 0.46184207816300576]
,[0.21387102692042367, 0.46184207816283224]
,[0.2138710269198624, 0.4618420781631082]
,[0.21387102692022628, 0.46184207816224654]
,[0.21387102691998322, 0.46184207816267886]
,[0.21387102691938853, 0.4618420781633631]
,[0.21387102691962642, 0.4618420781634]
,[0.2138710269201256, 0.46184207816249023]
,[0.21387102691993876, 0.461842078162612]
,[0.21387102692034085, 0.4618420781631668]
,[0.21387102691955387, 0.4618420781627769]
,[0.21387102692004742, 0.4618420781625787]
,[0.21387102691935236, 0.4618420781631874]
,[0.21387102691980375, 0.46184207816255907]
,[0.21387102691945928, 0.4618420781626522]
,[0.21387102691963403, 0.461842078162745]
,[0.21387102691947538, 0.46184207816287365]
,[0.21387102691976756, 0.4618420781626001]
]}