{
"parameters":[2, 2, 2, 2, 20, 60]
,"current_iter":46,"domain":[[-5.12, -5.12]
,[5.12, 5.12]
],"result":[13.83682290863748, 0.04578005019629572, 9.36711086701591, 0.6027653827637423, 0.05365995064724771, 0.05962981064061168, 21.10553951495048, 3.6423389053117567, 0.07507060009367628, 0.059488099927822446, 1.5229208441641173, 1.897629356172068, 0.06166116099659469, 7.843319057622942, 1.0425201621128632, 5.9096249195956325, 19.2253800430124, 5.131191207127552, 0.0802735658946645, 5.035896589443837]
,"population":[[-0.11601964855953907, -0.6555084088249652]
,[0.011579187284083301, -0.009837038402731249]
,[-0.462534725464138, -0.06619061283762662]
,[0.041949788863514414, -0.041205157375774966]
,[0.012980563155650568, -0.010104764164421739]
,[0.015421023893689493, -0.007934451247607398]
,[-2.2949755940435126, 2.2950110183694736]
,[-0.07938347041960839, -0.34214009512728794]
,[0.01844175025243429, -0.006219350162215279]
,[0.013149053251392751, -0.011274052968948142]
,[0.8669809245419628, -0.015397078827950337]
,[-0.28137625608286676, -0.0359228497627566]
,[0.009095022272771605, -0.017444624428575084]
,[0.4664031104972277, -0.31330999347491145]
,[0.013691366142226732, 0.24419473015607088]
,[0.6460968531927629, 0.1599400660398681]
,[-0.6404883596468237, -0.6415687677365105]
,[-0.005102434681688379, -0.5583333015361189]
,[0.0192481881417646, 0.005880566146939178]
,[1.88590321140228, 0.2845595693488355]
],"den":[[0.6500459682584158, 0.721414594261852]
,[0.6500459682584158, 0.721414594261852]
,[0.6500459682584158, 0.721414594261852]
,[0.6500459682584158, 0.721414594261852]
,[0.6500459682584158, 0.721414594261852]
,[0.6500459682584158, 0.721414594261852]
,[0.6500459682584158, 0.721414594261852]
,[0.6500459682584158, 0.721414594261852]
,[0.6500459682584158, 0.721414594261852]
,[0.6500459682584158, 0.721414594261852]
,[0.6500459682584158, 0.721414594261852]
,[0.6500459682584158, 0.721414594261852]
,[0.6500459682584158, 0.721414594261852]
,[0.6500459682584158, 0.721414594261852]
,[0.6500459682584158, 0.721414594261852]
,[0.6500459682584158, 0.721414594261852]
,[0.6500459682584158, 0.721414594261852]
,[0.6500459682584158, 0.721414594261852]
,[0.6500459682584158, 0.721414594261852]
,[0.6500459682584158, 0.721414594261852]
],"vol":[[0.2138710269197674, 0.46184207816260037]
,[0.2138710269197674, 0.46184207816260037]
,[0.2138710269197674, 0.46184207816260037]
,[0.2138710269197674, 0.46184207816260037]
,[0.2138710269197674, 0.46184207816260037]
,[0.2138710269197674, 0.46184207816260037]
,[0.2138710269197674, 0.46184207816260037]
,[0.2138710269197674, 0.46184207816260037]
,[0.2138710269197674, 0.46184207816260037]
,[0.2138710269197674, 0.46184207816260037]
,[0.2138710269197674, 0.46184207816260037]
,[0.2138710269197674, 0.46184207816260037]
,[0.2138710269197674, 0.46184207816260037]
,[0.2138710269197674, 0.46184207816260037]
,[0.2138710269197674, 0.46184207816260037]
,[0.2138710269197674, 0.46184207816260037]
,[0.2138710269197674, 0.46184207816260037]
,[0.2138710269197674, 0.46184207816260037]
,[0.2138710269197674, 0.46184207816260037]
,[0.2138710269197674, 0.46184207816260037]
]}