{
"parameters":[2, 2, 2, 2, 40, 40]
,"current_iter":34,"domain":[[-5.12, -5.12]
,[5.12, 5.12]
],"result":[0.0005254418982598708, 0.24919280699252866, 1.0105997301565282, 2.132923560438371E-06, 0.0003851581470417642, 1.1381291303180774E-05, 10.11612694869144, 8.938522402246463E-07, 0.00010255418603044575, 0.43362083451147804, 0.05541467795375077, 1.783198936067265E-06, 0.0017709236202030354, 7.476575802121745, 7.900656394100396, 1.0029805252997903E-07, 0.0013582013125095216, 2.8257640978616045, 0.00015894518159953464, 4.05833230682716, 9.103846903002477E-07, 0.0013560999490103143, 8.620049403162966E-07, 1.5374384508332266, 1.2097533154786788E-05, 3.781456548956896E-05, 0.09837905279076153, 0.0002514418937842322, 2.2729278281730103E-06, 2.456068119303188, 1.1289482337417667E-05, 2.4981337450816756, 1.093068053847901E-06, 0.009283729845027011, 1.2801765532088893E-06, 2.239194996970255, 0.0008870057164998002, 1.9729413658353678E-07, 2.796003271043901E-05, 0.0008185195972174597]
,"population":[[0.001615804581550121, 0.00019416527724599086]
,[-0.035334518765210474, 0.0035536775083847495]
,[0.30770074011274207, -0.00037552513410431807]
,[-2.6969509614463278E-05, -0.00010011841693041412]
,[-0.0010998414818668295, -0.0008554262000166245]
,[-0.00023542137177651754, 4.409597596836689E-05]
,[-0.41386337708516735, 0.31418993837209047]
,[-5.727251574826243E-05, -3.5004889568017E-05]
,[6.242035598954508E-05, -0.0007162620713226866]
,[0.002955957733091436, -0.046825527299624047]
,[0.016619943187271415, -0.00182925500412868]
,[9.882538025268482E-06, -9.428993587854802E-05]
,[0.0029841884504938393, 0.00014581209462902488]
,[-0.2956503374135628, 0.005589144701412755]
,[-0.259534463528413, -0.18079787593989638]
,[-2.0504790823727174E-05, -9.225413096199158E-06]
,[0.002616512863777927, -7.720582890805719E-06]
,[-0.1216359329178739, -0.01228104108695139]
,[-3.7749761912944784E-05, -0.0008942840637174065]
,[-0.005160253741028767, 0.4315085782164112]
,[-4.010535269469389E-05, 5.4592822132663944E-05]
,[2.3140376891789403E-05, 0.0026143969149148485]
,[2.9262958731085852E-05, 5.906467236654283E-05]
,[-0.0018643846177305314, 0.17789633582165207]
,[1.3239788698382809E-05, 0.00024658187555418704]
,[0.00043630712778048393, -1.5537642098479293E-05]
,[-0.02177705656169156, -0.004730655157472054]
,[0.0011191749592709896, -0.00012186609097715202]
,[-8.93508379563115E-05, -5.893364355683144E-05]
,[-0.37706259451658886, 0.19514865038204696]
,[1.0818536909325061E-05, 0.00023830206014975486]
,[-0.2148917033964298, 0.45334990286910704]
,[-1.5232518346113713E-05, -7.264713201143627E-05]
,[0.0060808952645060674, -0.0031340649785818646]
,[-3.3630194487495466E-05, -7.295046421632841E-05]
,[-0.5086407075172411, 0.268362779390631]
,[0.0019352548557055964, -0.0008519445523791703]
,[1.3234349691298922E-05, -2.862372672935958E-05]
,[1.3447774790723604E-05, -0.00037516986379672063]
,[0.00011409195771342372, -0.002028005358310763]
],"den":[[0.7598480709698064, 0.48356961287969513]
,[0.7598480709698171, 0.48356961287970907]
,[0.7598480709698022, 0.4835696128797017]
,[0.7598480709698082, 0.48356961287969685]
,[0.7598480709698073, 0.4835696128796956]
,[0.7598480709698017, 0.48356961287970834]
,[0.7598480709698137, 0.4835696128796947]
,[0.7598480709698004, 0.4835696128797074]
,[0.7598480709698138, 0.48356961287969624]
,[0.7598480709698205, 0.4835696128796947]
,[0.7598480709698192, 0.48356961287969386]
,[0.7598480709698081, 0.4835696128796964]
,[0.7598480709698111, 0.4835696128797047]
,[0.7598480709698074, 0.4835696128796989]
,[0.7598480709698071, 0.48356961287970457]
,[0.7598480709698037, 0.4835696128796938]
,[0.7598480709698099, 0.4835696128797091]
,[0.7598480709698008, 0.4835696128796954]
,[0.7598480709698081, 0.48356961287970857]
,[0.7598480709698031, 0.4835696128797058]
,[0.7598480709698039, 0.48356961287971284]
,[0.7598480709698048, 0.48356961287970424]
,[0.7598480709698151, 0.4835696128797016]
,[0.7598480709698139, 0.4835696128796977]
,[0.7598480709698114, 0.48356961287970524]
,[0.7598480709698177, 0.4835696128797043]
,[0.7598480709698203, 0.483569612879705]
,[0.7598480709698106, 0.4835696128796948]
,[0.7598480709698113, 0.4835696128796942]
,[0.7598480709698122, 0.4835696128797037]
,[0.7598480709698123, 0.48356961287971245]
,[0.759848070969817, 0.48356961287970307]
,[0.7598480709698053, 0.48356961287970723]
,[0.7598480709698131, 0.4835696128797037]
,[0.7598480709698117, 0.4835696128797031]
,[0.7598480709698165, 0.4835696128797035]
,[0.7598480709698037, 0.4835696128797109]
,[0.7598480709698079, 0.48356961287970474]
,[0.7598480709698191, 0.48356961287970457]
,[0.759848070969806, 0.4835696128796947]
],"vol":[[0.6986724769136072, 0.5179052427698418]
,[0.6986724769136224, 0.5179052427698392]
,[0.6986724769136076, 0.5179052427698391]
,[0.6986724769136075, 0.5179052427698487]
,[0.6986724769136092, 0.5179052427698458]
,[0.6986724769136173, 0.5179052427698362]
,[0.6986724769136102, 0.5179052427698312]
,[0.6986724769136208, 0.5179052427698454]
,[0.6986724769136227, 0.5179052427698307]
,[0.6986724769136164, 0.5179052427698329]
,[0.6986724769136248, 0.5179052427698371]
,[0.6986724769136116, 0.5179052427698393]
,[0.6986724769136188, 0.5179052427698457]
,[0.6986724769136176, 0.5179052427698366]
,[0.6986724769136179, 0.5179052427698357]
,[0.6986724769136136, 0.5179052427698492]
,[0.6986724769136098, 0.5179052427698445]
,[0.6986724769136081, 0.5179052427698315]
,[0.6986724769136224, 0.5179052427698366]
,[0.6986724769136081, 0.5179052427698396]
,[0.6986724769136271, 0.5179052427698424]
,[0.6986724769136148, 0.5179052427698414]
,[0.698672476913613, 0.5179052427698462]
,[0.6986724769136197, 0.51790524276985]
,[0.698672476913613, 0.5179052427698446]
,[0.6986724769136233, 0.5179052427698355]
,[0.6986724769136193, 0.5179052427698334]
,[0.698672476913626, 0.5179052427698495]
,[0.698672476913624, 0.5179052427698447]
,[0.698672476913612, 0.5179052427698316]
,[0.698672476913611, 0.5179052427698395]
,[0.6986724769136231, 0.5179052427698408]
,[0.6986724769136142, 0.5179052427698475]
,[0.698672476913627, 0.5179052427698466]
,[0.6986724769136085, 0.517905242769837]
,[0.6986724769136131, 0.5179052427698364]
,[0.6986724769136226, 0.5179052427698324]
,[0.6986724769136269, 0.5179052427698325]
,[0.6986724769136117, 0.5179052427698471]
,[0.6986724769136232, 0.5179052427698491]
]}