{
"parameters":[2, 2, 2, 2, 40, 40]
,"current_iter":4,"domain":[[-5.12, -5.12]
,[5.12, 5.12]
],"result":[31.58745354515689, 26.72086544358242, 16.688598248990253, 35.36836500957624, 22.015893385287008, 36.54762184824908, 23.220369887817842, 17.689392009505948, 9.194011740940887, 6.830511900213393, 37.5643700516078, 33.811512002692616, 28.320709873487072, 11.900868837970943, 22.584283233569526, 23.823322638585683, 9.372212831102065, 21.006743611801767, 15.85533039677022, 37.45855048007979, 30.298574137296157, 2.6857806180950057, 32.01872108309792, 38.39477397815864, 29.980523165951915, 10.4102366230677, 38.121037564663155, 18.73036553374785, 30.91332305182629, 34.46792045084034, 33.17558353164848, 37.329186859591395, 22.93776611775248, 26.723747982352773, 12.998040749141587, 13.05497858298163, 39.66420529717381, 13.714847497363069, 28.294325805029416, 43.41534952591581]
,"population":[[-4.9655437743214925, -1.8153270717179293]
,[-0.75814728608817, -3.385637574676858]
,[1.6116555348297146, -2.5163722982039096]
,[-5.12, -5.12]
,[5.12, -4.619028713546337]
,[-5.12, 5.12]
,[-0.9555067617605687, -5.12]
,[5.12, -2.8236346475437424]
,[-4.480402965347907, -2.582647069292217]
,[0.17711481551743485, -0.9611504715542953]
,[-5.12, 3.858180924436515]
,[5.12, 3.6501238375475955]
,[1.1674133193648975, -5.12]
,[-1.7219511550090818, -0.8763709564796369]
,[5.12, 0.1650394403383868]
,[-3.4502169051713554, -1.1716742276712186]
,[5.12, -5.060901225783616]
,[1.2631348750019833, -5.12]
,[0.8513286834599965, -5.12]
,[5.12, -3.9492391799278157]
,[0.2480492398455622, -5.12]
,[-0.039484226078243104, -0.39378280979858304]
,[0.20626231298037806, -5.12]
,[5.12, -3.0359023543332855]
,[-1.0124750391860822, -5.12]
,[-3.0233950284104933, -5.12]
,[-2.3633092251919345, 5.12]
,[3.8629632811792582, -0.04055019232584556]
,[-5.12, -5.12]
,[-0.2655909744498617, -5.12]
,[-5.12, -4.366675712240031]
,[5.12, -4.936752163365279]
,[-5.12, -1.0108374237006894]
,[-2.4126970757684743, 4.297259382018426]
,[5.12, -5.12]
,[0.09338054322565056, -5.12]
,[-5.12, -3.460065013013025]
,[-0.32063749239969813, -5.12]
,[-0.42819554493494993, -5.0724956128202106]
,[-5.12, -5.12]
],"den":[[0.35041569738614853, 0.4608604249797131]
,[0.35166130340915636, 0.462934560031861]
,[0.3523992829384867, 0.461854382945671]
,[0.3522127111479694, 0.46140741199363916]
,[0.35186857825227547, 0.46149667663116783]
,[0.35523318661130276, 0.45982473524344875]
,[0.35561472681590944, 0.46390860438728354]
,[0.35272172365957016, 0.461177415670029]
,[0.35330713062525215, 0.46061015633886815]
,[0.3511584417964779, 0.46172021294411536]
,[0.3510795385849183, 0.46211407774729846]
,[0.3509195170109385, 0.4612469450049643]
,[0.35319941128825033, 0.4620046140332417]
,[0.35410993362998217, 0.46155706485208864]
,[0.35070724174140516, 0.45988589620280923]
,[0.35315288553671714, 0.45926592093066926]
,[0.3507247550923421, 0.4628049580562262]
,[0.35250548843585355, 0.46048340612251315]
,[0.3533562175118638, 0.4601198242516361]
,[0.3503695058241296, 0.4620122823253193]
,[0.3542176989667079, 0.45998787079239284]
,[0.3542791274601449, 0.45897454906464097]
,[0.3540968239775416, 0.4641751375006234]
,[0.35169112700445126, 0.4627815728405983]
,[0.3522871702416761, 0.46386327039678593]
,[0.3541028181817652, 0.4611132603679776]
,[0.35041510463964426, 0.4590788998680755]
,[0.3523612465890727, 0.46257944344319013]
,[0.3515231062093814, 0.46090381021782156]
,[0.35493553148266316, 0.4604788868305032]
,[0.3554778874237638, 0.4625126473205355]
,[0.3532326240377791, 0.45919656641541823]
,[0.3522313061330974, 0.4602849163128839]
,[0.35527384841020687, 0.4619787520046338]
,[0.3506204711734441, 0.4626701778310373]
,[0.35033109346475777, 0.46256419122664305]
,[0.355111180189521, 0.4613595081642015]
,[0.35380653737552065, 0.46267097140218844]
,[0.35062640100403436, 0.46321476554508617]
,[0.35375162560641316, 0.4619858668981624]
],"vol":[[0.41029323967562636, 0.4845255057035539]
,[0.4079489962755881, 0.4854969092827016]
,[0.4077808628306278, 0.48569001188508787]
,[0.4072405084438272, 0.48500314617684137]
,[0.4061138431326732, 0.4892447209356065]
,[0.41012058749018016, 0.4868461591931074]
,[0.4091189682530956, 0.4880534646200483]
,[0.4092193905269352, 0.4888768335009025]
,[0.4061101490795235, 0.48480696557083086]
,[0.41079292193734956, 0.4844894675077264]
,[0.405389078978547, 0.48624947450843725]
,[0.41064123314446305, 0.484089885310433]
,[0.4086067755034965, 0.4877494076611207]
,[0.4096803433775948, 0.4871164771494572]
,[0.4077858070248378, 0.4853338852910175]
,[0.4090900873738245, 0.48933123084017477]
,[0.4087780520332289, 0.4853068248958696]
,[0.4061118015728869, 0.4881417864458856]
,[0.4107085158904777, 0.4859745701755424]
,[0.4103729629535642, 0.48948196553852963]
,[0.4074135391156671, 0.4884561065920021]
,[0.4057580436593603, 0.48886764611115735]
,[0.40837630449937373, 0.4876168105249118]
,[0.40956344201584516, 0.4894528072327914]
,[0.40953020055587275, 0.48784382047788233]
,[0.4072198535190856, 0.48562936750685154]
,[0.40768106970456675, 0.4849228837442985]
,[0.4059625615162775, 0.48508606309424906]
,[0.40970681013739574, 0.48705437815650765]
,[0.40624329381312435, 0.48497369132197965]
,[0.40986134267408003, 0.4858917115207984]
,[0.407226781313503, 0.48750348539306826]
,[0.4105883077645881, 0.4878525220817596]
,[0.40832674833437954, 0.48745452171695886]
,[0.4070828660313095, 0.4881547924975044]
,[0.4063741032055068, 0.4859394564562885]
,[0.40811820454860054, 0.48789431122380134]
,[0.406418913079035, 0.4876548074520368]
,[0.40880929274834027, 0.48893267843187554]
,[0.4073553305014434, 0.4851731830234613]
]}