{
"parameters":[2, 2, 2, 2, 20, 60]
,"current_iter":41,"domain":[[-5.12, -5.12]
,[5.12, 5.12]
],"result":[21.52119097130058, 0.8812305031308139, 15.194564681524717, 11.119047545768893, 0.8544136124560602, 17.753228311009458, 21.10553951495048, 3.6423389053117567, 0.5673919216529892, 0.2584435622509478, 1.5229208441641173, 5.431602396576746, 2.1723115470129937, 7.843319057622942, 1.0425201621128632, 5.9096249195956325, 19.2253800430124, 10.797727347505974, 16.50989968493638, 5.035896589443837]
,"population":[[-1.3502898382314288, -1.449860295979731]
,[0.03948416321556316, -0.05402387113065203]
,[1.864156132846638, 0.42816617343185837]
,[0.24601855639633669, -0.08212109439553494]
,[0.018718019619563583, -0.06331715977111829]
,[-0.1314788895046319, -0.4624061320857908]
,[-1.6693175086620633, 1.6559036643242935]
,[-0.05946849052195616, -0.4931619612823899]
,[0.07140458497792619, -0.015712313226065554]
,[0.030714923666836706, -0.01904269461207781]
,[0.618058567227483, -0.055980730305360486]
,[0.11601617604455595, 0.40390380937822234]
,[0.04366811527246196, 0.09662505077915051]
,[0.6286979282946921, -0.26801291494310253]
,[0.034973107031303984, 1.2626874407668527]
,[2.3776860122906056, 1.219128246973383]
,[-1.257763756369108, -0.22834287230972816]
,[0.4136323762911544, 0.8856441683116456]
,[-0.2443214231541429, -0.3277783063271081]
,[1.5427643906832742, 0.8451817748940893]
],"den":[[0.6500459682584158, 0.721414594261852]
,[0.6500459682584158, 0.721414594261852]
,[0.6500459682584158, 0.721414594261852]
,[0.6500459682584158, 0.721414594261852]
,[0.6500459682584158, 0.721414594261852]
,[0.6500459682584158, 0.721414594261852]
,[0.6500459682584158, 0.721414594261852]
,[0.6500459682584158, 0.721414594261852]
,[0.6500459682584158, 0.721414594261852]
,[0.6500459682584158, 0.721414594261852]
,[0.6500459682584158, 0.721414594261852]
,[0.6500459682584158, 0.721414594261852]
,[0.6500459682584158, 0.721414594261852]
,[0.6500459682584158, 0.721414594261852]
,[0.6500459682584158, 0.721414594261852]
,[0.6500459682584158, 0.721414594261852]
,[0.6500459682584158, 0.721414594261852]
,[0.6500459682584158, 0.721414594261852]
,[0.6500459682584158, 0.721414594261852]
,[0.6500459682584158, 0.721414594261852]
],"vol":[[0.2138710269197674, 0.46184207816260037]
,[0.2138710269197674, 0.46184207816260037]
,[0.2138710269197674, 0.46184207816260037]
,[0.2138710269197674, 0.46184207816260037]
,[0.2138710269197674, 0.46184207816260037]
,[0.2138710269197674, 0.46184207816260037]
,[0.2138710269197674, 0.46184207816260037]
,[0.2138710269197674, 0.46184207816260037]
,[0.2138710269197674, 0.46184207816260037]
,[0.2138710269197674, 0.46184207816260037]
,[0.2138710269197674, 0.46184207816260037]
,[0.2138710269197674, 0.46184207816260037]
,[0.2138710269197674, 0.46184207816260037]
,[0.2138710269197674, 0.46184207816260037]
,[0.2138710269197674, 0.46184207816260037]
,[0.2138710269197674, 0.46184207816260037]
,[0.2138710269197674, 0.46184207816260037]
,[0.2138710269197674, 0.46184207816260037]
,[0.2138710269197674, 0.46184207816260037]
,[0.2138710269197674, 0.46184207816260037]
]}