{
"parameters":[2, 2, 2, 2, 20, 60]
,"current_iter":10,"domain":[[-5.12, -5.12]
,[5.12, 5.12]
],"result":[21.52119097130058, 10.208893586800333, 22.91745998891672, 23.337987284954693, 10.182861479882195, 34.390260719611334, 21.10553951495048, 31.345398115894778, 33.70537460519807, 18.02826792989051, 11.928818903219101, 10.555763694209462, 11.78006661749994, 17.44546855654757, 39.25003409621459, 17.899284936582134, 20.570728467728657, 10.797727347505974, 21.633178945801205, 7.987892194344207]
,"population":[[-5.12, -3.8100384433175]
,[-3.347670966339327, -5.12]
,[-2.966455833095801, 2.371209452141536]
,[-2.507765464831721, 1.7714565345239208]
,[-5.12, -2.389430419185432]
,[-4.921863687204501, -3.319452043432868]
,[-5.12, 2.162706264469646]
,[-2.147470776267816, -5.12]
,[-5.12, -5.12]
,[-5.12, -2.5592014301548707]
,[-5.12, 2.7116673482357725]
,[-5.12, -1.0470992867891973]
,[-2.1075780152609718, -2.616998138323117]
,[-5.007779148142653, -5.12]
,[-5.12, 5.12]
,[-3.610592253976564, -1.188940016389193]
,[-5.12, -1.6170822951162842]
,[-3.886375966064073, -1.4097771404853991]
,[-3.5107917707065237, -5.12]
,[-0.972382537808345, -0.7149424810657534]
],"den":[[0.650042085435763, 0.7213806507018758]
,[0.6500410309934179, 0.7214144265420935]
,[0.6500204142966557, 0.7213802966841649]
,[0.6500265865831085, 0.7213911464663969]
,[0.6500262293140565, 0.7214113869451251]
,[0.6500493618303115, 0.7213796670485432]
,[0.6500416583068899, 0.7213988255625025]
,[0.6500468298169606, 0.7213918633461048]
,[0.6500415861489931, 0.7213878846796191]
,[0.6500592238082438, 0.7214171136952447]
,[0.6500382535155707, 0.721402771764094]
,[0.650024207337425, 0.7214180567476898]
,[0.6500456846071291, 0.721407411597705]
,[0.6500490990123109, 0.7214188669498884]
,[0.6500219298137595, 0.7213804491069244]
,[0.6500301730044027, 0.7213798792735716]
,[0.6500235556344087, 0.7214180273717575]
,[0.6500301426910866, 0.721394428578405]
,[0.6500348231925819, 0.721394453932791]
,[0.6500459682584159, 0.7214145942618523]
],"vol":[[0.21388013227040212, 0.4618622950258558]
,[0.21386798781158098, 0.461849244366953]
,[0.2138564974533529, 0.46185591555969807]
,[0.21389340617235209, 0.4618499972371434]
,[0.21387426209377625, 0.46185940920258867]
,[0.21388667394318425, 0.4618300181810347]
,[0.21387838318316368, 0.46184476445366773]
,[0.21385809853021834, 0.4618681030280497]
,[0.21386621254230523, 0.4618693623554675]
,[0.21388323903161424, 0.46183833043001354]
,[0.21387686596564173, 0.46184248449466647]
,[0.21389058134154013, 0.46186140783154167]
,[0.21386373807889905, 0.4618481099343023]
,[0.21388057296373358, 0.4618413482031503]
,[0.21385686487582242, 0.46186211056952364]
,[0.21387226146392235, 0.4618406794746223]
,[0.21386051200954626, 0.4618438559754325]
,[0.2138664725658896, 0.46184702082921514]
,[0.2138610607445174, 0.46185140954558457]
,[0.21387102691976756, 0.4618420781626001]
]}