{
"parameters":[2, 2, 2, 2, 40, 40]
,"current_iter":35,"domain":[[-5.12, -5.12]
,[5.12, 5.12]
],"result":[1.418573437916848E-05, 0.009914933491494082, 1.0105997301565282, 2.635012510410206E-07, 2.5181136091845246E-06, 1.7374400602676587E-06, 10.11612694869144, 5.734547059432771E-08, 5.562692280136616E-07, 0.043113635202411515, 0.013440292586231806, 2.3781453428739496E-07, 0.0001651586146262929, 5.329030391599035, 7.900656394100396, 1.0029805252997903E-07, 0.00014983253325873136, 0.1905906830461035, 4.441763730156367E-06, 0.6520004774501142, 2.217904881973709E-07, 4.285830796924017E-05, 3.9163882625814495E-07, 0.054535695078181234, 1.2070760924132173E-07, 6.487068002769547E-07, 0.010798401770337307, 1.3395930945847567E-05, 1.4328724873280407E-08, 2.456068119303188, 1.675897856046049E-07, 2.4981337450816756, 1.0645274883813727E-07, 0.0003664257498954271, 5.723854989980737E-08, 2.239194996970255, 3.406658677285179E-05, 1.9729413658353678E-07, 5.914993259636958E-07, 4.889421790821302E-05]
,"population":[[-0.00025496937289371126, -8.058636145893368E-05]
,[0.007008892629039377, -0.0009272439617322804]
,[0.38192529235054345, -0.0002428447658126356]
,[-1.885821603309051E-05, 3.1185765474478976E-05]
,[-1.0008593893807725E-05, 0.0001122160399499622]
,[8.849888479249104E-05, -3.0422938795015065E-05]
,[-0.6484877080497001, 0.13134641066570335]
,[-1.4910056717924992E-05, -8.16954151109178E-06]
,[-3.5084222692959645E-05, 3.9660881160566316E-05]
,[-0.0011624902011556843, 0.014700910105685956]
,[-0.008203553433147381, 0.000680181753205443]
,[-2.1422644417428896E-05, 2.7198898591563087E-05]
,[-0.0009096500792145319, -7.088630335636757E-05]
,[-0.1657584222536429, 0.042178492461545515]
,[-0.25334208325785823, -0.5072904973786726]
,[-2.0504790823727174E-05, -9.225413096199158E-06]
,[-0.0008689887841108151, -9.735413403245854E-06]
,[0.031042814049208826, 0.00023740362646631198]
,[-1.416968217625218E-05, 0.00014895649227311897]
,[-0.003457876910737209, 0.05753414436952866]
,[-1.4519876585119776E-05, -3.0118322963214134E-05]
,[-4.0437652422474436E-05, -0.0004630261970225593]
,[-3.8522246227319887E-05, -2.213823144740337E-05]
,[-0.0023888513360618155, 0.016414002155325024]
,[-2.19001638896675E-05, -1.1349554320878277E-05]
,[-5.6696746496489556E-05, -7.436457248125128E-06]
,[0.007306043010593406, 0.0010298853331457058]
,[-0.00025745909831983147, 3.5175744925991674E-05]
,[-8.498378832879787E-06, 4.287754261147743E-08]
,[-0.4716394600204995, 0.1642192566761813]
,[-2.2717345560688743E-05, -1.8129050406330404E-05]
,[-0.03703446319046805, 0.3785568243793785]
,[-2.316389018167204E-05, -1.085500481928501E-07]
,[-0.0004423523834333328, 0.0012850334846565912]
,[-1.6784639975926156E-05, -2.605402954955404E-06]
,[-0.21757468950371764, 0.4744621431610058]
,[-0.00024195475782614625, 0.0003364095459524804]
,[-3.720854132227437E-05, -7.04567616808244E-06]
,[-3.733315679603208E-05, 3.984597486919642E-05]
,[-2.674683905624331E-05, 0.0004957189355978631]
],"den":[[0.7598480709698046, 0.48356961287969424]
,[0.7598480709698079, 0.48356961287969863]
,[0.7598480709698032, 0.4835696128796963]
,[0.7598480709698051, 0.48356961287969474]
,[0.7598480709698048, 0.48356961287969435]
,[0.759848070969803, 0.4835696128796984]
,[0.7598480709698068, 0.4835696128796941]
,[0.7598480709698027, 0.48356961287969813]
,[0.7598480709698069, 0.4835696128796946]
,[0.759848070969809, 0.4835696128796941]
,[0.7598480709698086, 0.4835696128796938]
,[0.7598480709698051, 0.48356961287969463]
,[0.759848070969806, 0.48356961287969724]
,[0.7598480709698049, 0.4835696128796954]
,[0.7598480709698048, 0.4835696128796972]
,[0.7598480709698037, 0.4835696128796938]
,[0.7598480709698057, 0.48356961287969863]
,[0.7598480709698028, 0.4835696128796943]
,[0.7598480709698051, 0.48356961287969846]
,[0.7598480709698034, 0.4835696128796976]
,[0.7598480709698038, 0.48356961287969985]
,[0.759848070969804, 0.4835696128796971]
,[0.7598480709698073, 0.4835696128796963]
,[0.7598480709698069, 0.483569612879695]
,[0.7598480709698061, 0.4835696128796974]
,[0.7598480709698081, 0.48356961287969713]
,[0.7598480709698089, 0.48356961287969735]
,[0.7598480709698059, 0.48356961287969413]
,[0.7598480709698061, 0.4835696128796939]
,[0.7598480709698063, 0.4835696128796969]
,[0.7598480709698064, 0.4835696128796997]
,[0.7598480709698079, 0.48356961287969674]
,[0.7598480709698042, 0.4835696128796981]
,[0.7598480709698067, 0.4835696128796969]
,[0.7598480709698062, 0.48356961287969674]
,[0.7598480709698078, 0.48356961287969685]
,[0.7598480709698037, 0.4835696128796992]
,[0.759848070969805, 0.48356961287969724]
,[0.7598480709698086, 0.4835696128796972]
,[0.7598480709698044, 0.4835696128796941]
],"vol":[[0.6986724769136116, 0.5179052427698468]
,[0.6986724769136163, 0.5179052427698461]
,[0.6986724769136117, 0.517905242769846]
,[0.6986724769136117, 0.5179052427698491]
,[0.6986724769136122, 0.5179052427698482]
,[0.6986724769136148, 0.5179052427698451]
,[0.6986724769136126, 0.5179052427698435]
,[0.6986724769136159, 0.517905242769848]
,[0.6986724769136164, 0.5179052427698433]
,[0.6986724769136144, 0.517905242769844]
,[0.6986724769136171, 0.5179052427698454]
,[0.6986724769136129, 0.5179052427698461]
,[0.6986724769136152, 0.5179052427698481]
,[0.6986724769136148, 0.5179052427698452]
,[0.6986724769136149, 0.517905242769845]
,[0.6986724769136136, 0.5179052427698492]
,[0.6986724769136123, 0.5179052427698477]
,[0.6986724769136118, 0.5179052427698436]
,[0.6986724769136163, 0.5179052427698452]
,[0.6986724769136118, 0.5179052427698462]
,[0.6986724769136179, 0.5179052427698471]
,[0.6986724769136139, 0.5179052427698467]
,[0.6986724769136133, 0.5179052427698482]
,[0.6986724769136154, 0.5179052427698494]
,[0.6986724769136133, 0.5179052427698477]
,[0.6986724769136167, 0.5179052427698448]
,[0.6986724769136153, 0.5179052427698442]
,[0.6986724769136174, 0.5179052427698493]
,[0.6986724769136169, 0.5179052427698477]
,[0.6986724769136131, 0.5179052427698436]
,[0.6986724769136128, 0.5179052427698461]
,[0.6986724769136166, 0.5179052427698465]
,[0.6986724769136138, 0.5179052427698486]
,[0.6986724769136178, 0.5179052427698484]
,[0.6986724769136119, 0.5179052427698453]
,[0.6986724769136134, 0.5179052427698452]
,[0.6986724769136164, 0.5179052427698438]
,[0.6986724769136178, 0.517905242769844]
,[0.698672476913613, 0.5179052427698485]
,[0.6986724769136167, 0.5179052427698492]
]}