{
"parameters":[2, 2, 2, 2, 40, 40]
,"current_iter":7,"domain":[[-5.12, -5.12]
,[5.12, 5.12]
],"result":[30.90305637002087, 32.33673161699805, 18.017953806555496, 4.684447353770711, 10.75092751563728, 9.388355459988293, 27.17724955779783, 36.28474462516453, 26.296213533289073, 9.133210275997225, 32.23120500598149, 11.652987536959301, 23.95502563416463, 8.87303366481293, 21.8348149868932, 26.498844405156113, 22.037226570335598, 12.112728060944514, 33.93113250229559, 13.417591287028584, 23.843166107649214, 10.102387056023758, 13.76187689513229, 20.07557995883365, 30.291474270373243, 14.789592649334164, 21.219149137009527, 8.355481552626602, 30.89168297948668, 2.456068119303188, 30.256915086227874, 7.37210905973099, 27.84560477434018, 29.94418857278131, 20.380927701872135, 24.132651037798126, 27.018111468831773, 29.228295750732332, 10.99448607885413, 26.611694320217282]
,"population":[[5.12, -0.1015652374679874]
,[5.12, -5.12]
,[0.7363308966310956, 5.12]
,[2.5791260466965813, -0.9324891491836462]
,[-1.996480744418811, -3.5944947108206993]
,[-0.6211007357401673, -3.486129576650324]
,[5.12, -5.12]
,[5.12, -2.5135426396116145]
,[5.12, 5.12]
,[3.003047775215688, 1.2078546239115238]
,[2.8521816603328607, -0.5317476893422382]
,[5.12, -2.174423162111218]
,[5.12, 5.12]
,[5.12, -3.871192725932211]
,[-3.0323896412330207, -1.263337484431181]
,[5.12, -0.1692101358225898]
,[-5.12, -1.2245274990352977]
,[5.12, -0.8805685314505324]
,[5.12, -0.43273568498244686]
,[1.2152142352726718, -1.96428569180684]
,[1.1073845200334729, -5.12]
,[-4.66971086914568, -0.6885744277421874]
,[5.109033199736941, 2.9885998626295303]
,[5.12, -5.12]
,[-5.12, -2.9657916128681037]
,[1.36794098963663, -0.7065875150981011]
,[-1.3770666919965073, -1.0888631898265249]
,[0.9668470720509077, -1.857353657191565]
,[5.12, 0.12330923135206362]
,[0.6819630306959285, -0.7885182086643905]
,[0.7594515127064763, 5.12]
,[0.6593469815800772, -0.8405832623805771]
,[-1.3700685438486069, -5.12]
,[5.12, -4.241290976502703]
,[5.12, -0.607508182768156]
,[0.9242973272711198, 2.539395413053742]
,[0.9859312113815681, -5.12]
,[-5.12, -1.2623371625141435]
,[-0.2926648135083475, -0.5931998543456241]
,[-1.4374950638581767, -5.12]
],"den":[[0.7549938501785797, 0.47652387237613203]
,[0.7640950006738197, 0.4883861016564474]
,[0.7513859526146413, 0.4821240816259463]
,[0.7564657453954311, 0.4779839286431928]
,[0.7557375669623316, 0.47687043068826007]
,[0.7509261077297531, 0.48778543901358745]
,[0.7611367212807748, 0.4761067278569991]
,[0.7498563560490107, 0.4869736129570718]
,[0.7612605612978915, 0.4774291731316251]
,[0.7670341474518901, 0.4761255409415325]
,[0.765875503747093, 0.47540003553370774]
,[0.7563702268521761, 0.47759336295707666]
,[0.7589685796367215, 0.4846371197059085]
,[0.755868776965706, 0.4797254626021052]
,[0.7555747581971969, 0.4845496794767358]
,[0.7526495617505012, 0.4753935067246072]
,[0.7579654632891868, 0.48842930613422214]
,[0.7501242745497221, 0.4767350527055001]
,[0.7563789207436635, 0.4879656663081706]
,[0.752110451101984, 0.4856008184802674]
,[0.7528321275790016, 0.4916340798816896]
,[0.7535151629618816, 0.48428407034939686]
,[0.7623990448935979, 0.4820697167194256]
,[0.7612957298979778, 0.4786843143928643]
,[0.7592424051908946, 0.4851203429705313]
,[0.7645883162419465, 0.4843519730019716]
,[0.7668095166598891, 0.48493689883110175]
,[0.7584905332711691, 0.4762346527832391]
,[0.7591605109267564, 0.47572411531677367]
,[0.7598976988364248, 0.48383176307442627]
,[0.7600656311522737, 0.4912721874368847]
,[0.7640121922767779, 0.4832735604904243]
,[0.7540761080321866, 0.4868349842088445]
,[0.7606800580399061, 0.483797749246894]
,[0.7594547961902981, 0.4833481683946751]
,[0.7636371616474319, 0.48365643078222675]
,[0.7526662373739149, 0.4899624048774492]
,[0.756214522339334, 0.4847047265870142]
,[0.7657874190922888, 0.48457227241175194]
,[0.7546386573487371, 0.4761056857495112]
],"vol":[[0.6942473695713608, 0.5260895561083462]
,[0.7072434045320121, 0.5237784694861636]
,[0.6945554695684619, 0.5236943105722122]
,[0.6944428751370779, 0.531965705065411]
,[0.6959551430725647, 0.5295129677281122]
,[0.7028418374567261, 0.5212784587698623]
,[0.6967994002986735, 0.5169897713399957]
,[0.7057523307279783, 0.5290871566198302]
,[0.7073968982019726, 0.5165757099890322]
,[0.7021015999958712, 0.5184108090115098]
,[0.7092088129822696, 0.5220309588046232]
,[0.6978953859863015, 0.5238792234672119]
,[0.7041335954025486, 0.5294262714714161]
,[0.7030353714903175, 0.5215850221385019]
,[0.7033179827344694, 0.5208372045137256]
,[0.6996871015444961, 0.5323755263458607]
,[0.6964325528349326, 0.5283915571452168]
,[0.6950171840002105, 0.5173036465622967]
,[0.7072288725372677, 0.5216597475489931]
,[0.6950123599684019, 0.5241397400603326]
,[0.711238639920342, 0.5265211548368065]
,[0.7006957213610939, 0.5256735741063224]
,[0.69918260758603, 0.5297604727552747]
,[0.7048382617164167, 0.5330111431665647]
,[0.6991348672971365, 0.5284737485960888]
,[0.7079909564354118, 0.5207097072459582]
,[0.704599450666173, 0.518893697089024]
,[0.710229774290548, 0.5325938518917351]
,[0.7085757664095315, 0.5285743546181422]
,[0.6982602884771972, 0.5173798888346515]
,[0.6974139275803377, 0.5241341282769805]
,[0.707764891553489, 0.5251821553194735]
,[0.7001668439896973, 0.5309407168783646]
,[0.7110789901262523, 0.5301504267989945]
,[0.6952470522170304, 0.5218718841618724]
,[0.6992455608898036, 0.521448392436219]
,[0.7073514539086909, 0.5180040885434333]
,[0.7110071846168512, 0.5181154161780989]
,[0.6979896206971364, 0.5305020110479111]
,[0.7078487063087872, 0.5322270945077469]
]}