{
"parameters":[2, 2, 2, 2, 40, 40]
,"current_iter":22,"domain":[[-5.12, -5.12]
,[5.12, 5.12]
],"result":[29.477350018953103, 32.33673161699805, 1.3159329161175712, 4.684447353770711, 1.3003308873859165, 1.049548139858853, 10.11612694869144, 1.0387243322312791, 17.39020879040043, 9.133210275997225, 13.43217497502106, 11.652987536959301, 23.95502563416463, 8.87303366481293, 21.8348149868932, 2.035463183761159, 3.2263310870995525, 12.112728060944514, 18.879470671523023, 13.417591287028584, 16.66860236120152, 2.8831556436507366, 13.76187689513229, 20.07557995883365, 12.42526895752856, 4.815656103172142, 14.46069438520023, 1.1656790475733203, 0.12262923929199765, 2.456068119303188, 1.7716266588129255, 2.4981337450816756, 1.640908891155199, 8.833846546880284, 10.058270810867572, 2.239194996970255, 15.137998616664472, 19.277978391771605, 1.9502315923229379, 11.394786771698833]
,"population":[[4.521578299478962, -0.01769332298858982]
,[5.12, -1.422643125329204]
,[1.0340116925147151, -0.009859163386019552]
,[1.488848523082276, 0.9742501535733779]
,[1.0064526211682716, 0.03759886331917732]
,[0.9750890222829378, 0.002099001369038329]
,[2.968212841665421, -0.971141989729709]
,[0.9838297476776114, -0.009847914885988854]
,[0.8336808088783254, -3.1044310152811176]
,[2.784085553587979, 0.5260859269098389]
,[0.9316037905457752, 0.2964709109089978]
,[5.12, 0.02711841860925167]
,[5.12, 2.5213189059461554]
,[1.8152413952512054, -0.30397946886784977]
,[3.7822443319741246, 1.4734029539707891]
,[1.340143357013972, 0.07672457393368559]
,[3.453975427536169, 0.0062695599696268554]
,[4.898765298377918, 0.03168901851837355]
,[0.9836532755990391, -5.12]
,[0.8096954204807141, 0.7557999053737483]
,[-0.3000903138603628, 1.3134658702849564]
,[2.2009001370353847, -0.042121896379861495]
,[3.2629229264974593, 2.993019060467611]
,[4.6059506606263945, -3.190182779164934]
,[3.261026073535191, 0.09368116152021755]
,[0.8078648030764997, -0.004391571019437802]
,[4.3018093850351296, 0.0399171813783528]
,[1.0177013877203296, -0.018548045148042487]
,[-0.015416249659007009, -0.01952216298388207]
,[0.9848923262117895, 1.9861298271443064]
,[1.0349350466622045, 0.04836828683106223]
,[1.0208638950107076, 0.13302821141208923]
,[1.0297821074206546, -0.11227449960016689]
,[4.1967671805219435, -0.12484344958498304]
,[2.992484168472407, 0.07488139199650348]
,[1.0076227241202003, 1.139686649697572]
,[1.01072785203219, -0.31539502016252663]
,[4.065486706451464, -0.9261485949696536]
,[1.0627037586522194, -0.01662448793118699]
,[0.8414959510953351, -0.8253067325248536]
],"den":[[0.7598480608920164, 0.4835696131225848]
,[0.7598480835429291, 0.48356964264526114]
,[0.7598480519126929, 0.48356962706036677]
,[0.7598480645552643, 0.4835696167563679]
,[0.7598480627429761, 0.48356961398509796]
,[0.7598480507682326, 0.483569641150334]
,[0.7598480761803733, 0.48356961208439686]
,[0.7598480481058382, 0.48356963912986406]
,[0.7598480764885859, 0.48356961537569426]
,[0.7598480908578676, 0.48356961213121885]
,[0.7598480879742392, 0.48356961032558343]
,[0.7598480643175379, 0.48356961578432933]
,[0.7598480707843096, 0.48356963331480746]
,[0.7598480630695311, 0.48356962109069174]
,[0.7598480623377782, 0.48356963309718654]
,[0.7598480550575591, 0.48356961030933454]
,[0.7598480682877571, 0.4835696427527883]
,[0.7598480487726328, 0.48356961364816964]
,[0.7598480643391753, 0.4835696415988831]
,[0.7598480537158223, 0.48356963571325773]
,[0.7598480555119284, 0.48356965072881847]
,[0.7598480572118645, 0.48356963243613943]
,[0.75984807932204, 0.48356962692506356]
,[0.7598480765761134, 0.48356961849948565]
,[0.7598480714658057, 0.48356963451745194]
,[0.7598480847706912, 0.4835696326051353]
,[0.7598480902988073, 0.48356963406089676]
,[0.7598480695945495, 0.483569612402776]
,[0.7598480712619875, 0.48356961113215213]
,[0.7598480730966984, 0.48356963131043856]
,[0.7598480735146478, 0.48356964982814177]
,[0.7598480833368358, 0.4835696299211859]
,[0.7598480586079428, 0.4835696387848453]
,[0.7598480750438312, 0.4835696312257851]
,[0.7598480719944037, 0.4835696301068698]
,[0.7598480824034608, 0.48356963087407223]
,[0.7598480550990613, 0.4835696465683594]
,[0.759848063930021, 0.4835696334830673]
,[0.7598480877550144, 0.4835696331534157]
,[0.7598480600080135, 0.4835696120818033]
],"vol":[[0.69867244235179, 0.5179052369444848]
,[0.6986724746962784, 0.5179052311926601]
,[0.6986724431185883, 0.5179052309832056]
,[0.6986724428383637, 0.5179052515690244]
,[0.6986724466020909, 0.51790524546466]
,[0.6986724637416728, 0.5179052249706417]
,[0.6986724487032756, 0.5179052142969709]
,[0.6986724709852987, 0.5179052444049027]
,[0.6986724750782927, 0.5179052132664563]
,[0.6986724618993724, 0.5179052178336446]
,[0.6986724795877801, 0.5179052268434613]
,[0.698672451430961, 0.5179052314434162]
,[0.6986724669565957, 0.5179052452488906]
,[0.6986724642233397, 0.5179052257336155]
,[0.6986724649267018, 0.5179052238724496]
,[0.6986724558901767, 0.5179052525889861]
,[0.6986724477902668, 0.5179052426736971]
,[0.6986724442677017, 0.5179052150781425]
,[0.6986724746601111, 0.517905225919592]
,[0.6986724442556956, 0.5179052320917891]
,[0.6986724846396066, 0.5179052380186461]
,[0.6986724584004264, 0.5179052359091901]
,[0.6986724546345939, 0.5179052460806496]
,[0.698672468710367, 0.5179052541709073]
,[0.6986724545157781, 0.517905242878255]
,[0.6986724765567829, 0.5179052235551349]
,[0.6986724681160148, 0.5179052190354548]
,[0.6986724821287453, 0.5179052531323541]
,[0.6986724780122561, 0.5179052431286428]
,[0.6986724523391291, 0.517905215267894]
,[0.698672450232709, 0.5179052320778225]
,[0.6986724759941534, 0.5179052346861486]
,[0.6986724570841581, 0.5179052490180373]
,[0.6986724842422708, 0.5179052470511659]
,[0.698672444839797, 0.5179052264475569]
,[0.6986724547912718, 0.5179052253935721]
,[0.6986724749651911, 0.5179052168214001]
,[0.6986724840635614, 0.517905217098472]
,[0.6986724516654922, 0.5179052479261876]
,[0.6986724762027513, 0.5179052522195696]
]}