{
"parameters":[2, 2, 2, 2, 20, 60]
,"current_iter":36,"domain":[[-5.12, -5.12]
,[5.12, 5.12]
],"result":[21.52119097130058, 10.208893586800333, 15.194564681524717, 16.541592310394307, 10.182861479882195, 33.514206713093714, 21.10553951495048, 5.611554450724473, 0.5673919216529892, 18.02826792989051, 1.5229208441641173, 5.431602396576746, 4.982819858204767, 7.843319057622942, 1.0425201621128632, 5.9096249195956325, 20.570728467728657, 10.797727347505974, 16.50989968493638, 5.035896589443837]
,"population":[[-0.4927644882652556, -2.068115872849539]
,[0.940749847301382, -1.2410737816891693]
,[0.2222695014295497, 0.20175453489385536]
,[-0.31177564284731657, 1.819282806247304]
,[-1.6597111564833436, -0.5911841711851511]
,[3.6851039903921543, 1.4728499409858984]
,[-3.1837099239013833, 3.3541056490414904]
,[2.1997187666078504, 0.16533129453883064]
,[-0.007563752173957983, -0.05318692998936503]
,[-1.7512784595114876, -0.5089537212396327]
,[1.1193412144452177, -0.0843359452231901]
,[3.4387820566776606, 1.3170485806876298]
,[3.0177211693198918, 0.9637940721511689]
,[0.7872927313969625, -1.0497188337698407]
,[-0.036709576748672035, 1.4245131235975796]
,[1.961886707146774, 1.4577771767978605]
,[-0.7566418877486449, -1.365523628126135]
,[0.2880210017703808, 1.205050470531454]
,[-0.4348943771918708, -1.0056016799042493]
,[2.677578588117415, 1.249101096154616]
],"den":[[0.6500459682584158, 0.721414594261852]
,[0.6500459682584158, 0.721414594261852]
,[0.6500459682584158, 0.721414594261852]
,[0.6500459682584158, 0.721414594261852]
,[0.6500459682584158, 0.721414594261852]
,[0.6500459682584158, 0.721414594261852]
,[0.6500459682584158, 0.721414594261852]
,[0.6500459682584158, 0.721414594261852]
,[0.6500459682584158, 0.721414594261852]
,[0.6500459682584158, 0.721414594261852]
,[0.6500459682584158, 0.721414594261852]
,[0.6500459682584158, 0.721414594261852]
,[0.6500459682584158, 0.721414594261852]
,[0.6500459682584158, 0.721414594261852]
,[0.6500459682584158, 0.721414594261852]
,[0.6500459682584158, 0.721414594261852]
,[0.6500459682584158, 0.721414594261852]
,[0.6500459682584158, 0.721414594261852]
,[0.6500459682584158, 0.721414594261852]
,[0.6500459682584158, 0.721414594261852]
],"vol":[[0.2138710269197674, 0.46184207816260037]
,[0.2138710269197674, 0.46184207816260037]
,[0.2138710269197674, 0.46184207816260037]
,[0.21387102691976742, 0.46184207816260037]
,[0.2138710269197674, 0.46184207816260037]
,[0.2138710269197674, 0.4618420781626003]
,[0.2138710269197674, 0.46184207816260037]
,[0.2138710269197674, 0.46184207816260037]
,[0.2138710269197674, 0.46184207816260037]
,[0.2138710269197674, 0.4618420781626003]
,[0.2138710269197674, 0.46184207816260037]
,[0.21387102691976742, 0.46184207816260037]
,[0.2138710269197674, 0.46184207816260037]
,[0.2138710269197674, 0.46184207816260037]
,[0.2138710269197674, 0.46184207816260037]
,[0.2138710269197674, 0.46184207816260037]
,[0.2138710269197674, 0.46184207816260037]
,[0.2138710269197674, 0.46184207816260037]
,[0.2138710269197674, 0.46184207816260037]
,[0.2138710269197674, 0.46184207816260037]
]}