{
"parameters":[2, 2, 2, 2, 40, 40]
,"current_iter":35,"domain":[[-5.12, -5.12]
,[5.12, 5.12]
],"result":[9.476827691041455, 0.9949590587466925, 0.9965509143103155, 0.9949591461606548, 2.23584456278253, 0.9949590596366065, 11.66149747271655, 1.1344023025425685, 0.9949590666329513, 0.9949590592959954, 4.603884096677864, 0.9949590595200632, 4.455090705050555, 7.384472459764012, 0.9949602923632828, 0.9949623766298288, 1.51051745999286, 0.9949590696881145, 1.4445597958540208, 0.9949599361791179, 0.9949590725698343, 2.6857806180950057, 3.434124934587653, 1.000901947437507, 0.9949607250002721, 0.9949590588984822, 1.854130803020837, 0.9977304655283152, 0.9957472353176939, 0.9949654824693113, 0.9949633632931789, 0.9949590594931923, 1.4276257086117319, 4.009557364808385, 12.998040749141587, 1.0479172256277973, 0.9949590854716348, 13.714847497363069, 1.0373112056016538, 6.24362739534687]
,"population":[[1.6067319156795152, 0.34319110126677826]
,[0.9949571906854447, -2.4982662911481224E-06]
,[0.9946109764340998, 0.0028112618394449877]
,[0.9949578814361343, -2.1174856900815463E-05]
,[1.0356931385774197, 0.3280046144437065]
,[0.9949581220339995, -3.543149471822226E-06]
,[1.9780726327279847, 0.21157714405964062]
,[1.0212438119092755, -0.003558843289294223]
,[0.9949584428180722, -6.931590423945009E-06]
,[0.9949581937142452, -3.3023946766913005E-06]
,[1.4687193009593187, -0.39165906645249354]
,[0.9949581156380546, -3.4582989313533864E-06]
,[1.1418452103335661, -0.2476494574918411]
,[0.5043052377055876, 0.0048929259534244065]
,[0.9950248256071755, 4.2985225576011676E-05]
,[0.9949578603711358, -0.00012935068336827129]
,[1.4519077579414597, -0.001069849086642351]
,[0.9949581513074653, -9.356320539043382E-06]
,[1.0578791620748438, -0.0028102168793322736]
,[0.9950094762704025, -4.298568464863695E-05]
,[0.9949498831402858, 1.186040733338006E-06]
,[1.429701519657703, 0.02188107985149495]
,[1.4444519597895107, 0.008924189289429037]
,[0.9894972448146707, 0.0003962505396811127]
,[0.99486701341871, -4.045403869202707E-06]
,[0.9949581234103726, -2.9723379373149423E-06]
,[0.9285106385103699, 0.00038611653378263874]
,[0.9949566904411488, -0.003737644259731251]
,[0.994953059785688, -0.001993201319732127]
,[0.9949622899148778, 0.00017992757006127837]
,[0.9949606138120526, 0.00014731463062014392]
,[0.9949581146714854, -3.4385145019545068E-06]
,[1.4060563019204204, -0.005399698265594988]
,[1.120815144215387, -0.006295184876014981]
,[1.2260724016271844, -0.35407722259518126]
,[0.9949764775726597, -0.016345340142052373]
,[0.9949581092507604, -1.1948332201379606E-05]
,[1.2791354686489003, -0.22220383466162652]
,[1.0083535917628268, 0.0058388617424218895]
,[0.628325796394668, -0.012481732208679541]
],"den":[[0.3542647008804251, 0.4589962737333436]
,[0.3542647008804255, 0.4589962737333444]
,[0.3542647008804258, 0.458996273733344]
,[0.3542647008804257, 0.45899627373334384]
,[0.3542647008804256, 0.4589962737333439]
,[0.3542647008804267, 0.4589962737333433]
,[0.35426470088042683, 0.4589962737333447]
,[0.3542647008804259, 0.45899627373334373]
,[0.3542647008804261, 0.45899627373334356]
,[0.35426470088042533, 0.45899627373334395]
,[0.3542647008804253, 0.45899627373334406]
,[0.3542647008804253, 0.4589962737333438]
,[0.354264700880426, 0.45899627373334406]
,[0.35426470088042633, 0.4589962737333439]
,[0.35426470088042517, 0.45899627373334334]
,[0.354264700880426, 0.4589962737333431]
,[0.35426470088042517, 0.4589962737333443]
,[0.3542647008804258, 0.4589962737333435]
,[0.3542647008804261, 0.4589962737333434]
,[0.35426470088042505, 0.45899627373334406]
,[0.3542647008804264, 0.4589962737333434]
,[0.3542647008804264, 0.458996273733343]
,[0.35426470088042633, 0.45899627373334473]
,[0.3542647008804255, 0.4589962737333443]
,[0.3542647008804257, 0.4589962737333447]
,[0.35426470088042633, 0.45899627373334373]
,[0.3542647008804251, 0.458996273733343]
,[0.3542647008804258, 0.45899627373334423]
,[0.35426470088042544, 0.4589962737333437]
,[0.3542647008804266, 0.4589962737333435]
,[0.35426470088042683, 0.45899627373334423]
,[0.35426470088042605, 0.45899627373334306]
,[0.3542647008804257, 0.45899627373334345]
,[0.3542647008804267, 0.45899627373334406]
,[0.35426470088042517, 0.4589962737333443]
,[0.35426470088042505, 0.45899627373334423]
,[0.35426470088042666, 0.45899627373334384]
,[0.3542647008804262, 0.4589962737333443]
,[0.35426470088042517, 0.45899627373334445]
,[0.3542647008804262, 0.45899627373334406]
],"vol":[[0.40577019045629054, 0.4888490543825454]
,[0.4057701904562897, 0.4888490543825457]
,[0.40577019045628965, 0.4888490543825457]
,[0.4057701904562895, 0.4888490543825455]
,[0.40577019045628904, 0.488849054382547]
,[0.4057701904562905, 0.48884905438254617]
,[0.4057701904562901, 0.48884905438254656]
,[0.40577019045629015, 0.48884905438254683]
,[0.40577019045628904, 0.48884905438254544]
,[0.4057701904562907, 0.4888490543825454]
,[0.40577019045628887, 0.48884905438254594]
,[0.40577019045629065, 0.4888490543825452]
,[0.4057701904562899, 0.48884905438254644]
,[0.4057701904562903, 0.4888490543825463]
,[0.40577019045628965, 0.4888490543825456]
,[0.4057701904562901, 0.488849054382547]
,[0.40577019045629004, 0.4888490543825456]
,[0.40577019045628904, 0.4888490543825466]
,[0.4057701904562907, 0.48884905438254583]
,[0.4057701904562906, 0.48884905438254705]
,[0.40577019045628954, 0.4888490543825467]
,[0.4057701904562889, 0.48884905438254683]
,[0.40577019045628987, 0.48884905438254644]
,[0.40577019045629026, 0.48884905438254705]
,[0.4057701904562902, 0.4888490543825465]
,[0.4057701904562895, 0.4888490543825457]
,[0.40577019045628965, 0.4888490543825455]
,[0.40577019045628904, 0.48884905438254556]
,[0.4057701904562903, 0.4888490543825462]
,[0.40577019045628915, 0.4888490543825455]
,[0.40577019045629037, 0.48884905438254583]
,[0.4057701904562895, 0.4888490543825464]
,[0.4057701904562906, 0.4888490543825465]
,[0.40577019045628987, 0.4888490543825464]
,[0.4057701904562894, 0.4888490543825466]
,[0.4057701904562892, 0.48884905438254583]
,[0.40577019045628976, 0.48884905438254656]
,[0.4057701904562892, 0.48884905438254644]
,[0.40577019045629004, 0.4888490543825469]
,[0.40577019045628954, 0.48884905438254556]
]}