{
"parameters":[2, 2, 2, 2, 20, 60]
,"current_iter":13,"domain":[[-5.12, -5.12]
,[5.12, 5.12]
],"result":[21.52119097130058, 10.208893586800333, 22.04353305436923, 18.261716570975718, 10.182861479882195, 34.390260719611334, 21.10553951495048, 31.345398115894778, 33.70537460519807, 18.02826792989051, 11.928818903219101, 10.555763694209462, 11.78006661749994, 17.44546855654757, 28.944823600207503, 17.899284936582134, 20.570728467728657, 10.797727347505974, 21.633178945801205, 7.987892194344207]
,"population":[[-2.1784916429944294, -5.12]
,[-4.585740047413216, -1.745153731609906]
,[-1.9467442366748198, -5.12]
,[0.9549103734101765, -5.12]
,[-5.12, -3.7072633975925666]
,[-5.12, -5.12]
,[-5.12, -0.7383533518283685]
,[-3.9595057148364896, -5.12]
,[-5.12, -5.12]
,[-5.12, -5.12]
,[-5.12, 2.2405268089623687]
,[-5.12, -1.0114307075852047]
,[-2.313316852978225, -4.405740364965466]
,[-4.28296643986142, -5.12]
,[-0.01006965472977317, -5.12]
,[-5.12, -1.559516488070912]
,[-5.12, -4.098179320512879]
,[-4.7139538658457845, -1.1256324787539347]
,[-5.12, -5.12]
,[-1.5845971676976336, -0.7800383908149455]
],"den":[[0.6500459566364548, 0.7214144926628956]
,[0.6500459534803262, 0.721414593759838]
,[0.6500458917709804, 0.7214144916032592]
,[0.6500459102457032, 0.7214145240785375]
,[0.6500459091763351, 0.7214145846617975]
,[0.6500459784159646, 0.7214144897186507]
,[0.6500459553579842, 0.7214145470634028]
,[0.6500459708372099, 0.7214145262242827]
,[0.650045955142003, 0.7214145143154445]
,[0.6500460079345735, 0.721414601802953]
,[0.6500459451668538, 0.7214145588750679]
,[0.6500459031242086, 0.7214146046256724]
,[0.6500459674093985, 0.7214145727628939]
,[0.6500459776293048, 0.7214146070507479]
,[0.6500458963071857, 0.7214144920594869]
,[0.6500459209804836, 0.721414490353877]
,[0.6500459011735485, 0.7214146045377451]
,[0.6500459208897507, 0.7214145339024675]
,[0.6500459348993026, 0.7214145339783575]
,[0.6500459682584159, 0.7214145942618523]
],"vol":[[0.21387105417365979, 0.461842138675175]
,[0.21387101782319015, 0.46184209961229145]
,[0.21387098343055694, 0.46184211958032734]
,[0.2138710939047484, 0.4618421018657624]
,[0.21387103660320395, 0.4618421300374059]
,[0.21387107375401995, 0.4618420420649855]
,[0.21387104893833858, 0.4618420862031347]
,[0.2138709882228574, 0.46184215605953194]
,[0.21387101250950158, 0.46184215982891713]
,[0.2138710634727344, 0.46184206694498703]
,[0.21387104439704363, 0.4618420793788224]
,[0.21387108544954028, 0.46184213601964863]
,[0.21387100510300383, 0.461842096216738]
,[0.21387105549273128, 0.461842075977705]
,[0.21387098453031606, 0.4618421381230652]
,[0.21387103061497215, 0.4618420739760846]
,[0.21387099544681926, 0.46184208348390193]
,[0.21387101328779723, 0.46184209295685774]
,[0.21387099708927812, 0.46184210609304627]
,[0.21387102691976756, 0.4618420781626001]
]}