{
"parameters":[2, 2, 2, 2, 40, 40]
,"current_iter":6,"domain":[[-5.12, -5.12]
,[5.12, 5.12]
],"result":[39.61608485793205, 32.33673161699805, 18.017953806555496, 4.684447353770711, 10.75092751563728, 9.388355459988293, 27.17724955779783, 36.28474462516453, 26.296213533289073, 9.133210275997225, 38.62584280513349, 11.652987536959301, 23.95502563416463, 8.87303366481293, 23.435946322972878, 26.498844405156113, 22.037226570335598, 12.112728060944514, 33.93113250229559, 20.26539335586851, 23.843166107649214, 10.102387056023758, 13.76187689513229, 20.07557995883365, 30.291474270373243, 14.789592649334164, 21.219149137009527, 12.76017038547987, 30.89168297948668, 2.456068119303188, 30.256915086227874, 7.37210905973099, 27.84560477434018, 29.94418857278131, 20.380927701872135, 24.132651037798126, 27.018111468831773, 29.228295750732332, 10.99448607885413, 26.611694320217282]
,"population":[[-5.12, -1.2366483077810297]
,[5.12, -5.12]
,[0.6795643438745365, 5.12]
,[3.1909391172994837, -0.23632750549886328]
,[-0.5146388395370246, -1.2993781616389741]
,[0.6445176117013303, -3.0758531420899864]
,[3.9466092001176354, -5.12]
,[5.12, -5.12]
,[1.328252978035298, -0.4624926726256736]
,[1.0509508570728094, 4.099373197650969]
,[5.12, 0.32268215087579577]
,[1.5761345299242806, -2.9599894346638242]
,[5.12, 4.159765436257525]
,[4.324715205029777, -4.4196241787079105]
,[-1.2698372141058747, -1.4387009168162899]
,[1.5200508831811304, 1.2740717346801176]
,[2.7638117208710167, -0.8416022575623247]
,[-2.1298402432141326, -1.1299555630500682]
,[5.12, 1.2341873284239442]
,[2.2305271689111112, -3.160690160976733]
,[2.8322684048003963, -5.12]
,[-5.12, -0.7168588820800548]
,[1.6340501630021245, 0.17873379226229513]
,[4.783576841520474, -3.664069249553113]
,[-3.5044923405998167, -5.12]
,[0.25323140996342264, -1.1318836959955647]
,[-0.5827014788902515, -2.933758274386105]
,[0.9636636897338572, -5.12]
,[3.269857850930305, 1.7615460887154815]
,[0.8589026551616984, -0.9990721482167546]
,[0.9535460045440203, -5.12]
,[0.924230053104783, 2.764702109440666]
,[-5.12, -3.322050877927956]
,[5.12, -4.382232342967678]
,[5.12, -0.6404454140022156]
,[0.9154368810041646, -3.789272495330942]
,[0.9817310114210867, -5.12]
,[-5.12, -2.8394293557346657]
,[0.8815127566610895, -0.5944484966078794]
,[-0.11206859237460554, -3.31874738671139]
],"den":[[0.7528335782859257, 0.47330455792097315]
,[0.765944020457455, 0.4903924053405201]
,[0.7476363087321969, 0.4813718038759272]
,[0.7549538813325761, 0.4754078066549096]
,[0.7539049215068158, 0.47380378411359503]
,[0.746973890307806, 0.48952713530153635]
,[0.7616825426442899, 0.4727036504754669]
,[0.7454328854034696, 0.4883576789154612]
,[0.7618609373850185, 0.4746086670233269]
,[0.7701779372449734, 0.47273075120926666]
,[0.7685088810858545, 0.47168564194540025]
,[0.754816284405868, 0.47484518670431247]
,[0.7585592786504781, 0.48499190008677734]
,[0.7540939329029536, 0.4779165312683546]
,[0.7536703912788592, 0.4848659401799904]
,[0.7494565703037172, 0.4716762370273949]
,[0.7571142636633568, 0.49045464250577886]
,[0.745818828918204, 0.47360876863558476]
,[0.7548288081809282, 0.4897867573707022]
,[0.7486799675011223, 0.48638013304244754]
,[0.7497195610913439, 0.4950712017980334]
,[0.7507034911882078, 0.48448332337719957]
,[0.7635009523866987, 0.48129348982503084]
,[0.7619115986610764, 0.47641673040291643]
,[0.7589537314281738, 0.4856879956705267]
,[0.7666546542648647, 0.4845811389006699]
,[0.7698543507918085, 0.4854237396533391]
,[0.7578706405234455, 0.4728879296332112]
,[0.7588357606271497, 0.47215248723678066]
,[0.7598976988364248, 0.48383176307442627]
,[0.7601396096714143, 0.49454988639154607]
,[0.7658247328243912, 0.4830276578460396]
,[0.7515115470388922, 0.4881579806258993]
,[0.7610247074602213, 0.48378276527803477]
,[0.7592596861442165, 0.483135132457599]
,[0.7652844915240014, 0.48357919238252467]
,[0.7494805919696103, 0.4926631108117182]
,[0.7545919880366858, 0.48508928954381325]
,[0.7683819928673139, 0.48489848588596124]
,[0.7523219138476959, 0.4727021492927358]
],"vol":[[0.6924795752276447, 0.529926389322118]
,[0.7112006989910528, 0.5265972093981769]
,[0.6929234012249355, 0.5264759763106507]
,[0.6927612060406817, 0.538391133546838]
,[0.6949396670304683, 0.5348579021120403]
,[0.7048601280231489, 0.5229958794408915]
,[0.6961558413533283, 0.5168179145154199]
,[0.7090527686946039, 0.5342445102211969]
,[0.7114218105840064, 0.5162214484532325]
,[0.7037937968566865, 0.5188649559554768]
,[0.714031920587049, 0.5240798751615388]
,[0.6977346370216326, 0.5267423481081429]
,[0.7067209386818866, 0.5347330139168064]
,[0.7051389187932773, 0.5234374918852259]
,[0.7055460275841291, 0.5223602412970055]
,[0.7003156495239338, 0.5389814916780223]
,[0.6956273881141841, 0.5332424812259358]
,[0.693588512779828, 0.5172700598736584]
,[0.7111797652775809, 0.5235451357675571]
,[0.6935815636375088, 0.5271176289839639]
,[0.7169559386772596, 0.5305481184291957]
,[0.7017685924002746, 0.5293271565125098]
,[0.6995889129567477, 0.5352144394912951]
,[0.7077360286930917, 0.5398971141122904]
,[0.6995201418385119, 0.5333608801321197]
,[0.7122775668007725, 0.5221765781923281]
,[0.7073920152119633, 0.5195605686935456]
,[0.7155026417006659, 0.5392959952614157]
,[0.7131200006613091, 0.533505805703335]
,[0.6982602884771972, 0.5173798888346515]
,[0.6970410837623292, 0.5271095450652158]
,[0.7119519145040643, 0.5286192550674832]
,[0.7010067308974731, 0.53691461161043]
,[0.7167259590286204, 0.535776178355235]
,[0.6939196438786123, 0.5238507240332464]
,[0.6996795988155369, 0.5232406732729383]
,[0.7113563469067047, 0.5182790646245419]
,[0.7166225213391664, 0.5184394349554292]
,[0.6978703845546065, 0.5362826445395105]
,[0.7120726518221684, 0.5387676717844799]
]}