{
"parameters":[2, 2, 2, 2, 40, 40]
,"current_iter":38,"domain":[[-5.12, -5.12]
,[5.12, 5.12]
],"result":[1.6946426484309995E-09, 1.8863879702735176E-07, 0.6270499378497583, 1.885045008975794E-09, 2.167871215874584E-09, 2.6918645090745486E-09, 0.07554570926652104, 1.6267289737470492E-09, 2.1971438002310606E-09, 2.2902202800878513E-08, 2.06104999733725E-09, 2.0950530199570494E-09, 2.1150299289729446E-09, 0.0005316965924233585, 2.497402742214522, 1.5705481359873374E-09, 8.528964201559575E-10, 1.3713235169632298E-07, 1.8647519084424857E-09, 4.876107162488097E-08, 1.7498624771405957E-09, 1.6926904322644987E-09, 1.6854038165092788E-09, 5.4121846559951337E-08, 1.7037535826602834E-09, 2.7248034939475474E-09, 2.128237071019612E-07, 1.7753798431385803E-09, 1.9878108048487775E-09, 2.456068119303188, 1.4568080075605394E-09, 2.4981337450816756, 1.903972091099604E-09, 1.611274669244267E-09, 1.584064435178334E-09, 2.239194996970255, 1.3445520252730603E-08, 1.8321220096595425E-09, 1.588009723718642E-09, 7.609292751453722E-09]
,"population":[[-2.461647053873261E-06, -1.5754943274116748E-06]
,[-3.083444989325784E-05, 2.738967013969186E-07]
,[0.056514294713288254, -0.00021102376892759598]
,[-2.6740740899099627E-06, -1.5332804799500032E-06]
,[-2.577211731741887E-06, -2.0700690483130814E-06]
,[-3.381571362269783E-06, -1.4606109234741533E-06]
,[-0.019395115586774574, 0.0022544312573881974]
,[-2.236489136398476E-06, -1.7882057788620975E-06]
,[-2.5355182935046477E-06, -2.1554373805453937E-06]
,[-2.5181902163468964E-06, -1.044498940372872E-05]
,[-2.63981409621299E-06, -1.8493660880988333E-06]
,[-2.5647550176445364E-06, -1.995543227030878E-06]
,[2.842089672712506E-06, -1.6072920243573765E-06]
,[0.001636420507772024, -4.6697022596740556E-05]
,[-0.07410011580449291, -0.08585754682090335]
,[-2.1741250374429882E-06, -1.7859341875157937E-06]
,[-1.351235200337303E-06, -1.572641075367116E-06]
,[-2.624347353174836E-05, -1.5808049527417825E-06]
,[-2.4157289285835057E-06, -1.887746872339268E-06]
,[1.6281380928475888E-07, -1.56765691776753E-05]
,[-2.599376751956557E-06, -1.4364740983031234E-06]
,[-2.6683544621646818E-06, -1.1882463507554125E-06]
,[-2.4948378444203205E-06, -1.507016658008272E-06]
,[1.2602118014436923E-05, -1.0676566317762146E-05]
,[-2.3040155575700213E-06, -1.8108906554972176E-06]
,[-3.376959843778804E-06, -1.5266218642866794E-06]
,[-3.081717863713882E-05, -1.1092538756083948E-05]
,[-2.4399947590452744E-06, -1.7306847610779494E-06]
,[-2.6131009062208826E-06, -1.7864237034025544E-06]
,[-0.13803123522239705, 0.08490841640291279]
,[-2.278226227030649E-06, -1.46722622686528E-06]
,[-0.11893803789278642, 0.10642568920245857]
,[-2.4679713791907937E-06, -1.872466117098704E-06]
,[1.836365255205741E-06, -2.1793207332070155E-06]
,[-2.2270899241428747E-06, -1.7391324170440078E-06]
,[-0.11798612785118333, 0.19036625781812536]
,[-2.1570876434628157E-06, -7.944774417131298E-06]
,[-2.695429335329807E-06, -1.4033916385677998E-06]
,[-2.3663239718697965E-06, -1.5507771561516892E-06]
,[-2.5158779100333215E-06, -5.659078608969412E-06]
],"den":[[0.7598480709698057, 0.4835696128796951]
,[0.7598480709698067, 0.48356961287969635]
,[0.7598480709698053, 0.4835696128796957]
,[0.7598480709698059, 0.4835696128796952]
,[0.7598480709698057, 0.4835696128796951]
,[0.7598480709698052, 0.4835696128796963]
,[0.7598480709698062, 0.48356961287969497]
,[0.7598480709698051, 0.4835696128796962]
,[0.7598480709698062, 0.4835696128796952]
,[0.7598480709698069, 0.48356961287969497]
,[0.7598480709698069, 0.48356961287969497]
,[0.7598480709698059, 0.4835696128796952]
,[0.7598480709698061, 0.4835696128796959]
,[0.7598480709698058, 0.4835696128796954]
,[0.7598480709698057, 0.4835696128796959]
,[0.7598480709698054, 0.48356961287969497]
,[0.759848070969806, 0.48356961287969635]
,[0.7598480709698051, 0.4835696128796951]
,[0.7598480709698059, 0.4835696128796963]
,[0.7598480709698053, 0.483569612879696]
,[0.7598480709698054, 0.4835696128796967]
,[0.7598480709698054, 0.4835696128796959]
,[0.7598480709698064, 0.4835696128796957]
,[0.7598480709698062, 0.4835696128796953]
,[0.7598480709698061, 0.483569612879696]
,[0.7598480709698067, 0.4835696128796959]
,[0.7598480709698069, 0.48356961287969596]
,[0.7598480709698061, 0.483569612879695]
,[0.7598480709698061, 0.48356961287969497]
,[0.7598480709698061, 0.48356961287969585]
,[0.7598480709698061, 0.48356961287969663]
,[0.7598480709698067, 0.4835696128796958]
,[0.7598480709698056, 0.4835696128796962]
,[0.7598480709698062, 0.48356961287969585]
,[0.7598480709698061, 0.4835696128796958]
,[0.7598480709698066, 0.4835696128796958]
,[0.7598480709698054, 0.48356961287969646]
,[0.7598480709698058, 0.4835696128796959]
,[0.7598480709698069, 0.4835696128796959]
,[0.7598480709698057, 0.48356961287969497]
],"vol":[[0.6986724769136147, 0.5179052427698471]
,[0.6986724769136162, 0.5179052427698468]
,[0.6986724769136148, 0.5179052427698467]
,[0.6986724769136148, 0.5179052427698477]
,[0.6986724769136149, 0.5179052427698474]
,[0.6986724769136157, 0.5179052427698465]
,[0.698672476913615, 0.5179052427698461]
,[0.698672476913616, 0.5179052427698473]
,[0.6986724769136162, 0.517905242769846]
,[0.6986724769136156, 0.5179052427698462]
,[0.6986724769136163, 0.5179052427698466]
,[0.6986724769136151, 0.5179052427698468]
,[0.6986724769136158, 0.5179052427698473]
,[0.6986724769136157, 0.5179052427698465]
,[0.6986724769136157, 0.5179052427698465]
,[0.6986724769136153, 0.5179052427698477]
,[0.698672476913615, 0.5179052427698473]
,[0.6986724769136148, 0.5179052427698462]
,[0.6986724769136162, 0.5179052427698465]
,[0.6986724769136148, 0.5179052427698468]
,[0.6986724769136166, 0.5179052427698472]
,[0.6986724769136154, 0.5179052427698471]
,[0.6986724769136152, 0.5179052427698474]
,[0.6986724769136159, 0.5179052427698477]
,[0.6986724769136152, 0.5179052427698473]
,[0.6986724769136162, 0.5179052427698465]
,[0.6986724769136158, 0.5179052427698463]
,[0.6986724769136163, 0.5179052427698477]
,[0.6986724769136162, 0.5179052427698473]
,[0.6986724769136152, 0.5179052427698462]
,[0.6986724769136151, 0.5179052427698468]
,[0.6986724769136162, 0.517905242769847]
,[0.6986724769136154, 0.5179052427698475]
,[0.6986724769136166, 0.5179052427698475]
,[0.6986724769136148, 0.5179052427698465]
,[0.6986724769136153, 0.5179052427698465]
,[0.6986724769136162, 0.5179052427698462]
,[0.6986724769136166, 0.5179052427698462]
,[0.6986724769136152, 0.5179052427698475]
,[0.6986724769136162, 0.5179052427698477]
]}