{
"parameters":[2, 2, 2, 2, 40, 40]
,"current_iter":8,"domain":[[-5.12, -5.12]
,[5.12, 5.12]
],"result":[24.444789825924875, 26.72086544358242, 16.688598248990253, 35.36836500957624, 3.289754449833646, 36.54762184824908, 23.220369887817842, 17.689392009505948, 9.194011740940887, 4.371442016983057, 32.983563202134725, 29.90813049700501, 28.320709873487072, 11.900868837970943, 22.584283233569526, 10.233233449040666, 9.372212831102065, 21.006743611801767, 15.85533039677022, 34.00838307634723, 28.931921955317534, 2.6857806180950057, 30.174669757032532, 38.39477397815864, 29.980523165951915, 10.4102366230677, 24.595971258694433, 14.345450671322238, 30.91332305182629, 31.691014442549836, 30.579072808627178, 37.329186859591395, 22.93776611775248, 26.63409532693507, 12.998040749141587, 13.05497858298163, 23.828023511373875, 13.714847497363069, 28.294325805029416, 10.785658708413756]
,"population":[[3.4665346031450124, -1.0181504920049729]
,[-0.8475273415230777, -1.5047871415382128]
,[2.0195160202719755, -5.12]
,[-5.12, -5.12]
,[-0.10600663421492407, -1.0221187944667864]
,[-5.12, 3.9382014282998723]
,[-1.3859339796318886, -1.7970785898596648]
,[5.12, -3.659931615421202]
,[-4.321695594521076, -3.3103255303041808]
,[-1.7683872455992278, -0.7221271613797674]
,[5.12, -5.12]
,[-2.3845220973033303, -1.7216330303503034]
,[0.3788887311791238, -2.237162466120372]
,[-3.68623081555064, -1.0412689942873872]
,[3.19270184869002, -0.810533726728512]
,[-2.983573974571892, -1.032801357458855]
,[1.5499563472675786, -3.991610431867774]
,[4.459130648871613, -5.12]
,[2.2155290226854087, -5.12]
,[-5.12, -0.34938648329625377]
,[-0.1489344513844254, 5.12]
,[-0.06881970372539885, -0.8290245474935348]
,[-0.28557007469655143, 4.749310314775001]
,[-4.215995585330168, 5.12]
,[2.4703173162752132, 5.12]
,[-0.7715982329787999, -2.2303594958226998]
,[-0.6906143871460161, 5.12]
,[0.007634908467017212, 5.12]
,[-5.12, -2.35705426200904]
,[-0.12095844699747546, -5.12]
,[-2.863935559029349, -1.6427290092791116]
,[5.12, -3.9404355218591762]
,[-2.386901320098776, -0.8943870942968448]
,[5.12, -5.12]
,[5.12, -2.000823011842326]
,[0.20912097453234285, -5.12]
,[2.377301757940362, 0.9882528020402703]
,[-0.23926971480451792, -1.2200471255363352]
,[-0.41104630238818646, -5.12]
,[0.08861192318880876, -0.36967846259226456]
],"den":[[0.35422792879441695, 0.4589995409316428]
,[0.3542444357235393, 0.459027027632625]
,[0.35425421552193415, 0.45901271298877133]
,[0.35425174304888457, 0.4590067896729807]
,[0.35424718255606985, 0.45900797261928766]
,[0.3542917707731153, 0.45898581583979714]
,[0.3542968269923359, 0.45903993579205904]
,[0.3542584885472975, 0.4590037417325067]
,[0.3542662464347128, 0.4589962243398476]
,[0.35423777173761956, 0.4590109349508804]
,[0.35423672610224477, 0.4590161544972457]
,[0.35423460547603475, 0.4590046631440786]
,[0.35426481892438594, 0.4590147038702127]
,[0.3542768852820317, 0.4590087728916564]
,[0.3542317923772187, 0.4589866263525938]
,[0.3542642023592211, 0.4589784103615936]
,[0.35423202446636826, 0.45902531013079345]
,[0.354255622970666, 0.458994544629892]
,[0.3542668969403648, 0.4589897263967895]
,[0.3542273166579739, 0.4590148054913927]
,[0.3542783134019527, 0.45898797773279865]
,[0.3542791274601449, 0.45897454906464097]
,[0.35427671155125356, 0.4590434679227082]
,[0.3542448309496097, 0.45902500022694764]
,[0.35425272979024547, 0.45903933502026273]
,[0.35427679098720877, 0.4590028915383006]
,[0.35422792093926503, 0.4589759319347334]
,[0.35425371145940376, 0.45902232158251677]
,[0.35424260431670646, 0.4590001158783251]
,[0.35428782620956906, 0.45899448473966065]
,[0.35429501357934207, 0.4590214363918209]
,[0.35426525906395845, 0.45897749126675425]
,[0.3542519894719877, 0.4589919142177403]
,[0.3542923096284356, 0.45901436114332694]
,[0.35423064248263825, 0.4590235240061415]
,[0.35422680761251185, 0.45902211945820715]
,[0.35429015392852753, 0.45900615484535257]
,[0.3542728646363573, 0.4590235345226471]
,[0.3542307210655059, 0.4590307409516529]
,[0.35427213693862314, 0.45901445543079905]
],"vol":[[0.40581814465262284, 0.48881010351532544]
,[0.4057870784415294, 0.4888229766788571]
,[0.40578485031577555, 0.48882553569905457]
,[0.40577768947085413, 0.4888164332675046]
,[0.4057627587591425, 0.4888726431545933]
,[0.4058158566439465, 0.48884085710993086]
,[0.40580258305868055, 0.4888568564746927]
,[0.4058039138674001, 0.4888677678636124]
,[0.4057627098050812, 0.48881383345721247]
,[0.4058247665053802, 0.48880962593258]
,[0.4057531540925773, 0.4888329497687521]
,[0.40582275630624287, 0.48880433061858225]
,[0.40579579541534994, 0.4888528270732788]
,[0.40581002247308606, 0.48884443939780003]
,[0.40578491583686477, 0.4888208162642266]
,[0.4058022003256026, 0.48887378959482936]
,[0.4057980651936622, 0.4888204576564353]
,[0.4057627317041331, 0.4888580269267394]
,[0.40582364794573333, 0.4888293067016388]
,[0.4058192011556214, 0.4888757871501848]
,[0.40577998249528024, 0.48886219233721256]
,[0.4057580436593603, 0.48886764611115735]
,[0.4057927411843495, 0.48885106987919913]
,[0.4058084732814018, 0.4888754007406161]
,[0.4058080327613549, 0.4888540782439104]
,[0.40577741574916976, 0.48882473203205656]
,[0.40578352784460214, 0.4888153696195608]
,[0.40576075395595973, 0.4888175320930188]
,[0.40581037321394636, 0.4888436164540632]
,[0.40576447425599105, 0.48881604292802927]
,[0.40581242109873744, 0.48882820864822885]
,[0.4057775075571807, 0.48884956808016755]
,[0.40582205493239093, 0.4888541935586695]
,[0.4057920844597608, 0.48884891920731677]
,[0.40577560037359384, 0.4888581992845863]
,[0.4057662077586626, 0.48882884137017424]
,[0.4057893208110411, 0.48885474735368417]
,[0.40576680158479433, 0.4888515734193004]
,[0.4057984791995842, 0.48886850792772607]
,[0.4057792111073361, 0.48881868661737893]
]}