{
"parameters":[2, 2, 2, 2, 20, 60]
,"current_iter":55,"domain":[[-5.12, -5.12]
,[5.12, 5.12]
],"result":[1.247444874508119E-06, 1.2752522753345374E-06, 1.298783846692686E-06, 1.271123172941202E-06, 1.0506209466853988E-06, 1.1865000715260976E-06, 9.03760712489543E-07, 3.13297772098764E-05, 1.2681953514004363E-06, 1.1849484380377362E-06, 1.5229208441641173, 1.897629356172068, 1.254915915183119E-06, 7.843319057622942, 0.6575842342650873, 6.23546616402848E-05, 0.3438438101026353, 0.0009542791286509811, 1.2135711333627341E-06, 5.035896589443837]
,"population":[[-7.05318875753531E-05, -3.623573164432437E-05]
,[-7.061488341054843E-05, -3.796679482184937E-05]
,[-7.883202417665889E-05, -3.462885631387896E-05]
,[-6.769001095578636E-05, -4.272222880927663E-05]
,[-6.696132938900275E-05, -2.8493158833155903E-05]
,[-6.625438056083184E-05, -3.988657339318875E-05]
,[-6.715427845573559E-05, 6.762406418553109E-06]
,[-6.883289527163644E-05, 0.0003913829206061295]
,[-7.038156443364693E-05, -3.7931570771395256E-05]
,[-6.722886098079957E-05, -3.8118773446068785E-05]
,[0.19269167855277958, -0.009032445523171676]
,[-0.15258906921747523, -0.0012349788902667042]
,[-7.003601534124397E-05, -3.768806062636022E-05]
,[0.4307030676042058, -0.04702074131706433]
,[-0.0034535131451814876, 0.05778387021587424]
,[-9.083803690611754E-05, -0.0005532168660591741]
,[0.03870678566799841, 0.015571218812806058]
,[-0.0012421214280914443, -0.0018075518117416302]
,[-6.898042058629215E-05, -3.6861030757063364E-05]
,[0.016827835912245955, 0.2596843685166876]
],"den":[[0.6500459682584158, 0.721414594261852]
,[0.6500459682584158, 0.721414594261852]
,[0.6500459682584158, 0.721414594261852]
,[0.6500459682584158, 0.721414594261852]
,[0.6500459682584158, 0.721414594261852]
,[0.6500459682584158, 0.721414594261852]
,[0.6500459682584158, 0.721414594261852]
,[0.6500459682584158, 0.721414594261852]
,[0.6500459682584158, 0.721414594261852]
,[0.6500459682584158, 0.721414594261852]
,[0.6500459682584158, 0.721414594261852]
,[0.6500459682584158, 0.721414594261852]
,[0.6500459682584158, 0.721414594261852]
,[0.6500459682584158, 0.721414594261852]
,[0.6500459682584158, 0.721414594261852]
,[0.6500459682584158, 0.721414594261852]
,[0.6500459682584158, 0.721414594261852]
,[0.6500459682584158, 0.721414594261852]
,[0.6500459682584158, 0.721414594261852]
,[0.6500459682584158, 0.721414594261852]
],"vol":[[0.2138710269197674, 0.46184207816260037]
,[0.2138710269197674, 0.46184207816260037]
,[0.2138710269197674, 0.46184207816260037]
,[0.2138710269197674, 0.46184207816260037]
,[0.2138710269197674, 0.46184207816260037]
,[0.2138710269197674, 0.46184207816260037]
,[0.2138710269197674, 0.46184207816260037]
,[0.2138710269197674, 0.46184207816260037]
,[0.2138710269197674, 0.46184207816260037]
,[0.2138710269197674, 0.46184207816260037]
,[0.2138710269197674, 0.46184207816260037]
,[0.2138710269197674, 0.46184207816260037]
,[0.2138710269197674, 0.46184207816260037]
,[0.2138710269197674, 0.46184207816260037]
,[0.2138710269197674, 0.46184207816260037]
,[0.2138710269197674, 0.46184207816260037]
,[0.2138710269197674, 0.46184207816260037]
,[0.2138710269197674, 0.46184207816260037]
,[0.2138710269197674, 0.46184207816260037]
,[0.2138710269197674, 0.46184207816260037]
]}