{
"parameters":[2, 2, 2, 2, 40, 40]
,"current_iter":11,"domain":[[-5.12, -5.12]
,[5.12, 5.12]
],"result":[29.477350018953103, 32.33673161699805, 9.560383427844641, 4.684447353770711, 10.75092751563728, 9.388355459988293, 27.17724955779783, 29.613705099918093, 26.296213533289073, 9.133210275997225, 19.149392098421416, 11.652987536959301, 23.95502563416463, 8.87303366481293, 21.8348149868932, 26.498844405156113, 20.53196818286974, 12.112728060944514, 33.93113250229559, 13.417591287028584, 23.843166107649214, 10.102387056023758, 13.76187689513229, 20.07557995883365, 29.343518129516582, 14.295622412546619, 17.071733944450415, 1.7451347811505293, 30.89168297948668, 2.456068119303188, 19.29528697252087, 2.7550893782380754, 27.84560477434018, 29.297633106084405, 20.380927701872135, 6.576372868921382, 27.018111468831773, 29.228295750732332, 10.99448607885413, 19.769995212821698]
,"population":[[1.5898102036745465, -0.3309385185610503]
,[5.12, -2.825248877367695]
,[1.2533941146587506, -0.0700331700242856]
,[1.3326563345960074, 2.9430402839762744]
,[0.7421147322277121, 0.048082686776842035]
,[-1.4001300806722967, -0.015531280128806071]
,[1.14670381594024, -5.12]
,[5.12, -0.059271318488285374]
,[5.12, 5.12]
,[3.20410663904271, 3.910083215643346]
,[1.6641270374481263, -1.030323596684271]
,[5.12, -0.059374773589393894]
,[1.8323206090872532, 1.3475881383078172]
,[3.3871051746919045, -0.3480861183381001]
,[5.12, 2.9543580212320797]
,[5.12, 3.250223652499292]
,[0.40452789360435293, 0.10512272714863632]
,[5.12, 0.3909246537419607]
,[5.12, 5.040201031555858]
,[0.039208836648162326, 3.1400912234218414]
,[3.7306857033454333, -4.3493940963134765]
,[-3.5006060926940243, 0.4595957682371997]
,[3.832937397479398, 5.12]
,[5.12, -1.9628048645764933]
,[0.4405659398423709, -2.1691108428333368]
,[-3.1693995214760404, -1.1486424193055194]
,[5.12, 1.1861917757047729]
,[0.9226220828006203, -0.054314643542638506]
,[5.12, 4.72426840828257]
,[0.8556822575805522, 2.262393436891233]
,[0.920171433260018, 1.6774354655604315]
,[0.9609116569742256, -1.0966519722572876]
,[-5.12, -0.728704361622899]
,[-5.12, -0.05946343412822166]
,[5.12, 1.6916173564090755]
,[0.9488272502065886, -3.237232188283546]
,[1.0723118033232766, -5.12]
,[0.3568035219677381, 0.6921868889349954]
,[0.5752671172503294, 3.230631485526394]
,[3.9049577310918764, 3.4657569530654833]
],"den":[[0.7598382964223478, 0.48356972618939975]
,[0.759866154078044, 0.4836060352142042]
,[0.7598272530308364, 0.48358686783552346]
,[0.7598428017373839, 0.48357419526666706]
,[0.7598405728604869, 0.48357078696761047]
,[0.7598258454944503, 0.48360419664960697]
,[0.7598570990988051, 0.48356844935430116]
,[0.7598225710980959, 0.48360171173621286]
,[0.7598574781599535, 0.4835724972189263]
,[0.7598751504943791, 0.48356850693915615]
,[0.7598716040089739, 0.48356628624410586]
,[0.7598425093652611, 0.4835729997865554]
,[0.7598504626473529, 0.48359455997835965]
,[0.759840974480381, 0.48357952591727393]
,[0.7598400745201369, 0.4835942923330988]
,[0.7598311208042854, 0.4835662662601142]
,[0.759847392214681, 0.483606167458525]
,[0.7598233911681905, 0.4835703725899739]
,[0.7598425359763401, 0.4836047483062269]
,[0.75982947064381, 0.4835975097580238]
,[0.7598316796189095, 0.48361597693082065]
,[0.759833770317721, 0.483593479331751]
,[0.7598609629374046, 0.48358670143031474]
,[0.7598575858073057, 0.48357633907310993]
,[0.7598513007983112, 0.48359603907348475]
,[0.759867664064639, 0.4835936871745635]
,[0.7598744629233666, 0.4835954775704442]
,[0.7598489993981664, 0.4835688409189228]
,[0.7598510501286607, 0.48356727821792495]
,[0.7598533065826092, 0.4835920948671889]
,[0.7598538206056041, 0.4836148692164573]
,[0.7598659006103297, 0.4835903862683253]
,[0.7598354873110442, 0.4836012874083282]
,[0.7598557013010937, 0.48359199075447296]
,[0.7598519509046178, 0.48359061463520153]
,[0.759864752681378, 0.48359155819365174]
,[0.7598311718465988, 0.4836108601110594]
,[0.7598420327702733, 0.48359476691584713]
,[0.7598713343911946, 0.48359436148767493]
,[0.7598372092147948, 0.48356844616452077]
],"vol":[[0.6986256101444405, 0.517886507437718]
,[0.6986653896280935, 0.5178794334468596]
,[0.6986265532058308, 0.5178791758453564]
,[0.6986262085662267, 0.5179044937059982]
,[0.6986308374578695, 0.5178969861373351]
,[0.6986519168984456, 0.5178717811794009]
,[0.6986334216396316, 0.517858653962367]
,[0.6986608256094377, 0.5178956827747271]
,[0.6986658594559259, 0.5178573865645189]
,[0.6986496511101447, 0.5178630036078546]
,[0.698671405534757, 0.5178740845021391]
,[0.6986367763354967, 0.5178797418441019]
,[0.6986558708324143, 0.5178967207692952]
,[0.6986525092855813, 0.5178727195373345]
,[0.6986533743286041, 0.5178704305469563]
,[0.6986422605866528, 0.5179057481254404]
,[0.6986322987584812, 0.5178935536185643]
,[0.6986279664647013, 0.5178596147011085]
,[0.6986653451472, 0.517872948263885]
,[0.698627951698852, 0.5178805392577429]
,[0.6986776186195744, 0.5178878285156172]
,[0.6986453478648594, 0.517885234160961]
,[0.6986407163841915, 0.5178977437239539]
,[0.6986580277412099, 0.5179076936810662]
,[0.6986405702562342, 0.5178938051978718]
,[0.6986676778051268, 0.5178700402913519]
,[0.6986572967659318, 0.5178644816770075]
,[0.6986745305889598, 0.5179064163967639]
,[0.6986694678463876, 0.5178941131422272]
,[0.6986378932632916, 0.5178598480706121]
,[0.6986353026424166, 0.5178805220806697]
,[0.6986669858445171, 0.5178837299802123]
,[0.6986437290273592, 0.5179013563259469]
,[0.6986771299484996, 0.5178989373318931]
,[0.6986286700669154, 0.5178735975915414]
,[0.6986409090775727, 0.5178723013283173]
,[0.6986657203557675, 0.51786175867967]
,[0.6986769101594565, 0.5178620994417437]
,[0.6986370647779447, 0.5179000134939629]
,[0.6986672423925873, 0.5179052937913381]
]}