{
"parameters":[2, 2, 2, 2, 20, 60]
,"current_iter":15,"domain":[[-5.12, -5.12]
,[5.12, 5.12]
],"result":[21.52119097130058, 10.208893586800333, 22.04353305436923, 18.261716570975718, 10.182861479882195, 34.390260719611334, 21.10553951495048, 28.381899011420792, 33.70537460519807, 18.02826792989051, 11.928818903219101, 10.555763694209462, 11.78006661749994, 17.44546855654757, 28.944823600207503, 17.899284936582134, 20.570728467728657, 10.797727347505974, 21.633178945801205, 7.987892194344207]
,"population":[[-5.12, -3.484242775207531]
,[-3.431187356990762, -5.12]
,[-1.7024348497882218, -1.8807652445554173]
,[0.24666219851725835, -5.12]
,[-5.12, -2.0873038209944887]
,[-5.12, -5.12]
,[-2.523846778885048, 5.12]
,[-3.8993782271760407, -3.0934405919770027]
,[-2.8756871001169, -4.2377704062558585]
,[-5.12, -5.12]
,[-5.12, -0.18335435184077264]
,[-2.805130351200375, -1.103139702127193]
,[-2.450596073310863, -2.677727735848731]
,[-5.12, -5.12]
,[-3.949116202620072, 3.3245598121125215]
,[-4.157712820661843, -1.1379892541828367]
,[-5.12, -2.8067895740808355]
,[-4.352597735091354, -1.0832899783521388]
,[-5.12, -5.12]
,[-2.0669025754263717, -0.8350847935581555]
],"den":[[0.6500459672449344, 0.7214145854020164]
,[0.6500459669697073, 0.7214145942180746]
,[0.6500459615884052, 0.7214145853096119]
,[0.650045963199475, 0.7214145881415862]
,[0.6500459631062219, 0.721414593424689]
,[0.6500459691441948, 0.7214145851452666]
,[0.6500459671334465, 0.7214145901459585]
,[0.6500459684832971, 0.7214145883287038]
,[0.6500459671146122, 0.7214145872902055]
,[0.6500459717183357, 0.7214145949194665]
,[0.6500459662447392, 0.721414591175983]
,[0.6500459625784523, 0.7214145951656189]
,[0.6500459681843782, 0.7214145923870571]
,[0.6500459690755949, 0.7214145953770952]
,[0.6500459619839806, 0.7214145853493968]
,[0.6500459641355909, 0.7214145852006608]
,[0.6500459624083469, 0.7214145951579513]
,[0.6500459641276786, 0.7214145889982723]
,[0.6500459653493676, 0.7214145890048902]
,[0.6500459682584159, 0.7214145942618523]
],"vol":[[0.21387102929641608, 0.4618420834395389]
,[0.2138710261265096, 0.46184208003309907]
,[0.21387102312733428, 0.46184208177439173]
,[0.2138710327611261, 0.46184208022961076]
,[0.21387102776420197, 0.46184208268629084]
,[0.2138710310039019, 0.46184207501474356]
,[0.2138710288398751, 0.4618420788637669]
,[0.21387102354524207, 0.4618420849555244]
,[0.21387102566313468, 0.46184208528422993]
,[0.2138710301073326, 0.4618420771843793]
,[0.213871028443856, 0.46184207826865953]
,[0.2138710320237981, 0.4618420832079664]
,[0.2138710250172584, 0.4618420797369932]
,[0.2138710294114444, 0.4618420779720685]
,[0.21387102322323767, 0.4618420833913927]
,[0.21387102724200419, 0.4618420777975192]
,[0.21387102417520046, 0.4618420786266389]
,[0.21387102573100517, 0.4618420794527186]
,[0.21387102431842944, 0.46184208059824683]
,[0.21387102691976756, 0.4618420781626001]
]}