{
"parameters":[2, 2, 2, 2, 40, 40]
,"current_iter":23,"domain":[[-5.12, -5.12]
,[5.12, 5.12]
],"result":[29.477350018953103, 32.19533025025929, 1.3159329161175712, 0.9555308775502933, 1.3003308873859165, 1.049548139858853, 10.11612694869144, 1.0387243322312791, 17.39020879040043, 9.133210275997225, 13.43217497502106, 11.652987536959301, 23.95502563416463, 8.87303366481293, 21.8348149868932, 0.9220820280785809, 3.2263310870995525, 12.112728060944514, 18.879470671523023, 13.417591287028584, 6.763395645404506, 2.8831556436507366, 13.76187689513229, 6.618002727592591, 12.42526895752856, 3.2921062889057904, 13.661733145126332, 1.1656790475733203, 0.12262923929199765, 2.456068119303188, 1.7716266588129255, 2.4981337450816756, 1.640908891155199, 8.833846546880284, 10.058270810867572, 2.239194996970255, 15.137998616664472, 19.277978391771605, 1.9502315923229379, 11.394786771698833]
,"population":[[5.12, -0.15039997724401122]
,[5.12, -0.8852893374949783]
,[-1.040028459832726, -0.032900420987450135]
,[-0.029752285205129077, 0.06313049920598367]
,[-1.9048267876956348, -0.08287630088112923]
,[-0.9619426747962023, -0.025296399254743272]
,[-1.4598209367276969, 1.3162325554813095]
,[-1.8739267611669685, -0.023050952031656257]
,[-1.5675070744446296, 4.194831941282991]
,[0.0020704952914457585, 2.318315484275248]
,[-0.15082238442343066, 0.3209401655228423]
,[2.349742928752001, -0.0017668495539542965]
,[3.0707921335187653, 4.248050057472807]
,[1.974857489219953, -0.2387521663080703]
,[4.3526988289203175, 0.5909762684369453]
,[0.0361128552876639, 0.05819423859111343]
,[0.6717520238516487, -0.01931477800818243]
,[2.258979671937, 0.7128883183463036]
,[-1.790677845705281, -1.2202296418250822]
,[-0.6631231445742535, 3.6812082543662514]
,[-1.1449404446484994, 0.09058074942759332]
,[-0.18737589585831352, -0.8803818468710713]
,[0.09778517324237303, 2.6951390478564274]
,[0.175531719927285, -0.9722038327935614]
,[0.4245414961909658, 0.05425083820626528]
,[-0.8866744240489427, -0.01960841210829014]
,[0.6994095561366965, -0.015418628849436193]
,[-1.2224511620178906, -0.020728260100073913]
,[-0.015416249659007009, -0.01952216298388207]
,[-1.3670759380968187, 0.9586518973040374]
,[-0.6502638692250591, -0.10912166861158192]
,[-0.4608559733133337, 1.5803747155746302]
,[-1.529743648512607, -0.13302307019312926]
,[1.3593539402590085, -0.0892272777877849]
,[-2.4363217112574778, -0.10958540698253924]
,[-0.44929051325251146, 1.1394429042356087]
,[-0.5163616511047352, 0.518448676308464]
,[-2.323112981265658, 1.3413738890570648]
,[-0.4959887740230009, -0.022743954474702965]
,[-1.1016460825037973, 0.6307524097192858]
],"den":[[0.7598480691403676, 0.48356961153938]
,[0.7598480737745779, 0.4835696175795025]
,[0.7598480673032642, 0.4835696143909477]
,[0.7598480698898412, 0.4835696122828253]
,[0.7598480695190604, 0.4835696117158439]
,[0.7598480670691159, 0.4835696172736514]
,[0.759848072268253, 0.4835696113269744]
,[0.7598480665244096, 0.4835696168602781]
,[0.7598480723313111, 0.48356961200034965]
,[0.7598480752711605, 0.48356961133655385]
,[0.7598480746811913, 0.48356961096713413]
,[0.7598480698412042, 0.4835696120839534]
,[0.7598480711642581, 0.4835696156705603]
,[0.7598480695858711, 0.4835696131695961]
,[0.7598480694361599, 0.4835696156260367]
,[0.7598480679466806, 0.4835696109638097]
,[0.7598480706534818, 0.48356961760150174]
,[0.7598480666608309, 0.4835696116469108]
,[0.759848069845631, 0.48356961736542126]
,[0.7598480676721712, 0.4835696161612656]
,[0.7598480680396412, 0.4835696192333389]
,[0.7598480683874357, 0.48356961549079125]
,[0.759848072911015, 0.4835696143632657]
,[0.7598480723492186, 0.4835696126394544]
,[0.7598480713036873, 0.4835696159166125]
,[0.7598480740257689, 0.4835696155253666]
,[0.7598480751567809, 0.4835696158232047]
,[0.759848070920842, 0.4835696113921124]
,[0.7598480712619875, 0.48356961113215213]
,[0.7598480716373559, 0.48356961526048114]
,[0.7598480717228653, 0.48356961904906703]
,[0.7598480737324127, 0.4835696149762503]
,[0.759848068673063, 0.4835696167896898]
,[0.7598480720357249, 0.48356961524316167]
,[0.7598480714118345, 0.48356961501423984]
,[0.759848073541451, 0.48356961517120384]
,[0.7598480679551717, 0.4835696183821396]
,[0.7598480697619211, 0.483569615704985]
,[0.7598480746363395, 0.48356961563754075]
,[0.7598480689595072, 0.48356961132644377]
],"vol":[[0.6986724707163869, 0.5179052418634096]
,[0.6986724773338314, 0.5179052406866286]
,[0.6986724708732682, 0.5179052406437757]
,[0.6986724708159363, 0.5179052448554828]
,[0.6986724715859672, 0.5179052436065748]
,[0.6986724750925997, 0.5179052394136493]
,[0.6986724720158541, 0.5179052372298948]
,[0.6986724765745923, 0.5179052433897562]
,[0.6986724774119887, 0.5179052370190591]
,[0.6986724747156785, 0.5179052379534722]
,[0.6986724783345967, 0.5179052397968145]
,[0.6986724725739186, 0.5179052407379314]
,[0.6986724757503493, 0.51790524356243]
,[0.6986724751911452, 0.5179052395697482]
,[0.6986724753350478, 0.5179052391889674]
,[0.6986724734862413, 0.5179052450641595]
,[0.6986724718290593, 0.5179052430355643]
,[0.6986724711083684, 0.5179052373897167]
,[0.6986724773264319, 0.5179052396077976]
,[0.698672471105912, 0.5179052408705838]
,[0.6986724793681632, 0.5179052420831751]
,[0.6986724739998199, 0.5179052416515959]
,[0.6986724732293583, 0.5179052437326017]
,[0.698672476109158, 0.5179052453878089]
,[0.6986724732050494, 0.5179052430774154]
,[0.6986724777144769, 0.5179052391240471]
,[0.6986724759875579, 0.5179052381993537]
,[0.6986724788544595, 0.5179052451753287]
,[0.6986724780122561, 0.5179052431286428]
,[0.6986724727597231, 0.5179052374285386]
,[0.6986724723287651, 0.5179052408677263]
,[0.6986724775993671, 0.5179052414013706]
,[0.6986724737305211, 0.5179052443335697]
,[0.6986724792868713, 0.5179052439311622]
,[0.6986724712254149, 0.5179052397158153]
,[0.6986724732614135, 0.5179052395001777]
,[0.698672477388849, 0.5179052377463744]
,[0.6986724792503086, 0.5179052378030613]
,[0.6986724726219019, 0.5179052441101852]
,[0.6986724776420447, 0.5179052449885796]
]}