{
"parameters":[2, 2, 2, 2, 40, 40]
,"current_iter":4,"domain":[[-5.12, -5.12]
,[5.12, 5.12]
],"result":[47.174858284032524, 32.33673161699805, 18.017953806555496, 4.684447353770711, 10.75092751563728, 9.388355459988293, 27.17724955779783, 36.28474462516453, 26.296213533289073, 9.133210275997225, 38.62584280513349, 11.652987536959301, 23.95502563416463, 8.87303366481293, 23.435946322972878, 33.521476607265434, 29.604245372931135, 32.905367779236485, 33.93113250229559, 20.26539335586851, 23.843166107649214, 10.102387056023758, 40.14458313933423, 20.07557995883365, 30.291474270373243, 17.885913955304652, 21.219149137009527, 24.352783656651997, 30.89168297948668, 14.04532550101997, 33.92634750707753, 7.37210905973099, 27.84560477434018, 29.94418857278131, 20.380927701872135, 27.217846938231965, 27.018111468831773, 29.228295750732332, 10.99448607885413, 26.611694320217282]
,"population":[[4.639043424172144, -3.308367464536211]
,[5.12, -3.0233005055281224]
,[0.8344714783693635, 3.1738290074054145]
,[0.07574515715334762, -1.1109537478855158]
,[-3.34618468999831, -5.12]
,[-0.8542226464320426, -5.12]
,[5.12, -5.12]
,[5.12, -5.12]
,[3.3667359163272264, 1.7007387596743895]
,[1.1730686801871433, -1.1407889968396039]
,[5.12, -3.5855068875104186]
,[1.2890486691129623, -3.4975983225465197]
,[5.12, -1.0650987621677088]
,[-1.1169354642785545, 0.16699247561617714]
,[-1.8212806257084675, -5.12]
,[-5.12, -3.7998623473535265]
,[2.4344818863435957, -2.0418545790511695]
,[-5.12, -5.12]
,[5.12, -1.535619990860674]
,[0.42520007976928376, 1.0245839096119256]
,[4.3913180537538175, -5.12]
,[-4.97277678266157, -4.547503699030074]
,[-5.12, -5.12]
,[3.1311974613763778, -5.12]
,[-5.12, -3.314383841307742]
,[0.1423387459272346, -5.12]
,[-0.9395504119326166, -5.12]
,[1.6381529824986958, -0.7129090587571356]
,[5.12, -2.0754007660852456]
,[5.12, -3.46298543737596]
,[1.223573486226963, -5.12]
,[0.13762060912533947, -0.6148140716383805]
,[-0.5822980065854639, -5.12]
,[3.088965068474403, -4.988062703215094]
,[-4.109343617741895, -1.0290883359693626]
,[0.8565003643181422, 2.6546207074143897]
,[1.1642909690774348, -5.12]
,[-5.12, -4.513201514108974]
,[-0.3270745125091006, -2.365015548310423]
,[1.06651809467407, -5.12]
],"den":[[0.7359346180884877, 0.45173506012900366]
,[0.8117938655501895, 0.5506082506001988]
,[0.7058623328029726, 0.4984135168297423]
,[0.7482030520135424, 0.4639048149010949]
,[0.7421335921159549, 0.45462366775870733]
,[0.702029467174063, 0.5456016510401167]
,[0.7871362303803043, 0.44825810748211076]
,[0.693112950793585, 0.53883497755754]
,[0.7881684526811042, 0.459280857121827]
,[0.8362920279397148, 0.44841491693558394]
,[0.8266345852275966, 0.44236773704379306]
,[0.7474068928011715, 0.4606494002094441]
,[0.7690644938900357, 0.5193600089999615]
,[0.7432272441900116, 0.4784207220516457]
,[0.7407765603418132, 0.5186311835633981]
,[0.7163946757394175, 0.4423133185891759]
,[0.7607033914909149, 0.5509683654200431]
,[0.6953460855885393, 0.4534952750461129]
,[0.7474793574929812, 0.5471038684736474]
,[0.7119011198844197, 0.5273925609109387]
,[0.7179163851507182, 0.5776805623994302]
,[0.723609571980458, 0.5164172976893621]
,[0.7976578583186599, 0.49796037841618235]
,[0.7884615874378819, 0.46974261924580607]
,[0.7713468647272415, 0.5233877363987602]
,[0.8159057135828981, 0.5169832749389047]
,[0.8344197017050439, 0.5218587061541051]
,[0.7650799166037275, 0.4493243780202406]
,[0.7706642656149415, 0.44506898327346345]
,[0.7768088206461495, 0.5126472589982463]
,[0.7782085578674452, 0.5746641428226595]
,[0.8111036470238183, 0.5079945694316125]
,[0.7282851205193973, 0.5376794893011293]
,[0.7833298841591493, 0.5123637494176456]
,[0.7731171707331482, 0.5086164358070913]
,[0.8079777190071187, 0.511185842032452]
,[0.7165336691824754, 0.5637469385253341]
,[0.746109075873875, 0.519923520956674]
,[0.8259003884213942, 0.5188194985516157]
,[0.7329740406549274, 0.4482494213835951]
],"vol":[[0.6836225934639454, 0.5181037366281533]
,[0.7919461985528381, 0.49884053555601787]
,[0.6861906461442375, 0.4981390602993578]
,[0.6852521572314744, 0.5670821859010156]
,[0.6978571029036164, 0.546638308093917]
,[0.7552585768990684, 0.4780026281195914]
,[0.7048940943114849, 0.44225587267385974]
,[0.7795179086632229, 0.5430891183236792]
,[0.7932255878233966, 0.4388046186259805]
,[0.7490886034706769, 0.45410040248711453]
,[0.8083281280758562, 0.48427481166185066]
,[0.7140292744775244, 0.49968033280858465]
,[0.7660255437483708, 0.5459156837626135]
,[0.7568717076954596, 0.48055787280612683]
,[0.7592273083765817, 0.4743247177469075]
,[0.7289634516434931, 0.5704980984216317]
,[0.7018363740213766, 0.5372912081906109]
,[0.6900390946841197, 0.4448720625910664]
,[0.7918250725275083, 0.4811807186110712]
,[0.6899988857651573, 0.5018517717619074]
,[0.8252469938917982, 0.5217011669490298]
,[0.7373704261575489, 0.5146364737092907]
,[0.7247584303049023, 0.5487012939893102]
,[0.7718990271403445, 0.5757960455018194]
,[0.7243605089222201, 0.5379762843921521]
,[0.7981771387905727, 0.47326201179656435]
,[0.7699085066488426, 0.4581253360587122]
,[0.8168379704934746, 0.5723178696275214]
,[0.803051604339518, 0.5388148483876688]
,[0.7170707831714773, 0.4455075516326587]
,[0.7100162574002187, 0.501804996833591]
,[0.7962928592339222, 0.5105404355898908]
,[0.732962165969493, 0.5585387789364631]
,[0.8239162925432838, 0.5519516105637594]
,[0.6919550755210961, 0.48294890427292886]
,[0.7252831541024037, 0.479419046852032]
,[0.7928468038562945, 0.450710335632194]
,[0.8233177844854701, 0.4516382656331146]
,[0.7148147327833122, 0.5548821100161246]
,[0.796991465884414, 0.5692609001636131]
]}