{
"parameters":[2, 2, 2, 2, 40, 40]
,"current_iter":34,"domain":[[-5.12, -5.12]
,[5.12, 5.12]
],"result":[9.476827691041455, 0.9949590716351278, 1.0331978376083697, 0.9949596623835593, 2.23584456278253, 0.9949590596366065, 18.716683365186462, 8.389081021756056, 0.9949591794994106, 0.994959062333205, 4.603884096677864, 0.9949590600378428, 4.455090705050555, 7.384472459764012, 0.9950254005579495, 0.9952488881493817, 1.51051745999286, 0.9949590696881145, 1.4445597958540208, 0.9949903613737856, 0.9949593343719147, 2.6857806180950057, 3.434124934587653, 1.2376592528856651, 0.9949985671745445, 0.9949590621593547, 6.253361613713206, 1.0782585098371058, 3.405067880839196, 0.9951211558920772, 0.995349255284685, 0.9949590673933972, 1.4276257086117319, 8.91197874459479, 12.998040749141587, 1.2357428544156779, 0.994959227447854, 13.714847497363069, 2.564264511855864, 6.24362739534687]
,"population":[[1.3501117672086629, 0.5600539218428204]
,[0.9949635216300419, -7.032575876019175E-06]
,[1.006035157235775, -0.008372041423229396]
,[0.9949749170357143, 5.278345930960661E-05]
,[1.4674713100406471, 0.019521840185864954]
,[0.9949581220339995, -3.543149471822226E-06]
,[1.2420105006565003, 0.27014826867827013]
,[0.7861711104203681, 0.011046609142411111]
,[0.9949428540955362, 1.9183192159986148E-05]
,[0.9949573466094116, -4.974530488862663E-06]
,[1.1890542640944963, -1.1058238167055399]
,[0.9949581847766462, -3.825844915347526E-06]
,[2.196691043488875, -0.170529477648246]
,[0.4005007190174066, 0.005505988327538127]
,[0.9947967307558736, -0.0005551627080772872]
,[0.9949591548859316, 0.0012086798560063071]
,[1.4308097071446282, -0.0017316605398864295]
,[0.9949581613827341, -1.4394143880589885E-05]
,[1.2892022232568772, -0.010757327724730118]
,[0.9948563123365548, 0.0003838292095418541]
,[0.9949901913975546, -2.0062040406181417E-05]
,[1.0977214975350205, 0.5818159205840345]
,[1.34256508805507, 0.029253595585864416]
,[1.0296773032801176, -0.004532548657151378]
,[0.9954050045118195, -1.3519824372125693E-06]
,[0.9949581192499893, -5.026629615650076E-06]
,[0.45548153276311376, 0.000887335492142633]
,[0.9949654568360685, 0.020504905237766526]
,[0.9984223570074455, 0.11247886282064966]
,[0.9949461935431042, -0.0009038308610403154]
,[0.99492474606716, -0.0014020227433159272]
,[0.9949581457145061, -7.188604541173763E-06]
,[1.335782878582664, -0.0033431911993840662]
,[2.650549591645307, -0.008512830678690747]
,[1.4576823652450592, -0.9662948509719919]
,[0.9948991694637159, 0.03490738140136505]
,[0.9949582985998783, 2.930121658443819E-05]
,[1.5180126425149671, -1.1560574373587618]
,[0.9628089550371938, -0.08392622933021147]
,[0.614523589387298, -0.05520630332461695]
],"den":[[0.35426470088042455, 0.45899627373334373]
,[0.3542647008804251, 0.45899627373334473]
,[0.35426470088042544, 0.45899627373334423]
,[0.3542647008804254, 0.458996273733344]
,[0.3542647008804252, 0.45899627373334406]
,[0.3542647008804267, 0.4589962737333433]
,[0.3542647008804269, 0.4589962737333451]
,[0.3542647008804256, 0.4589962737333439]
,[0.3542647008804259, 0.4589962737333437]
,[0.3542647008804249, 0.4589962737333442]
,[0.35426470088042483, 0.45899627373334434]
,[0.3542647008804248, 0.45899627373334395]
,[0.3542647008804258, 0.4589962737333443]
,[0.3542647008804262, 0.45899627373334406]
,[0.35426470088042467, 0.45899627373334334]
,[0.3542647008804258, 0.45899627373334306]
,[0.35426470088042467, 0.4589962737333446]
,[0.3542647008804255, 0.45899627373334356]
,[0.3542647008804259, 0.4589962737333434]
,[0.3542647008804245, 0.4589962737333443]
,[0.3542647008804263, 0.4589962737333434]
,[0.3542647008804263, 0.45899627373334295]
,[0.3542647008804262, 0.45899627373334523]
,[0.3542647008804251, 0.4589962737333446]
,[0.3542647008804254, 0.4589962737333451]
,[0.3542647008804262, 0.45899627373334384]
,[0.35426470088042455, 0.45899627373334295]
,[0.35426470088042544, 0.45899627373334456]
,[0.35426470088042505, 0.4589962737333438]
,[0.3542647008804266, 0.45899627373334356]
,[0.35426470088042683, 0.4589962737333445]
,[0.35426470088042583, 0.458996273733343]
,[0.3542647008804254, 0.4589962737333435]
,[0.3542647008804267, 0.4589962737333443]
,[0.35426470088042467, 0.4589962737333446]
,[0.3542647008804245, 0.45899627373334456]
,[0.35426470088042666, 0.458996273733344]
,[0.35426470088042605, 0.4589962737333446]
,[0.35426470088042467, 0.45899627373334484]
,[0.35426470088042605, 0.4589962737333443]
],"vol":[[0.40577019045629054, 0.4888490543825451]
,[0.4057701904562895, 0.48884905438254556]
,[0.40577019045628937, 0.4888490543825456]
,[0.40577019045628915, 0.4888490543825453]
,[0.4057701904562886, 0.4888490543825473]
,[0.4057701904562905, 0.48884905438254617]
,[0.40577019045629, 0.48884905438254667]
,[0.40577019045629004, 0.48884905438254705]
,[0.4057701904562886, 0.4888490543825452]
,[0.40577019045629076, 0.4888490543825451]
,[0.4057701904562883, 0.4888490543825459]
,[0.4057701904562907, 0.4888490543825449]
,[0.40577019045628976, 0.48884905438254656]
,[0.40577019045629026, 0.4888490543825463]
,[0.40577019045628937, 0.48884905438254544]
,[0.40577019045629, 0.4888490543825473]
,[0.40577019045628987, 0.48884905438254544]
,[0.4057701904562886, 0.4888490543825467]
,[0.40577019045629076, 0.4888490543825457]
,[0.4057701904562906, 0.48884905438254733]
,[0.4057701904562892, 0.4888490543825469]
,[0.4057701904562884, 0.48884905438254705]
,[0.4057701904562897, 0.4888490543825465]
,[0.4057701904562902, 0.48884905438254733]
,[0.40577019045629015, 0.4888490543825466]
,[0.40577019045628915, 0.4888490543825456]
,[0.40577019045628937, 0.4888490543825453]
,[0.4057701904562886, 0.4888490543825454]
,[0.40577019045629026, 0.4888490543825462]
,[0.4057701904562887, 0.4888490543825453]
,[0.4057701904562903, 0.4888490543825457]
,[0.40577019045628915, 0.48884905438254644]
,[0.40577019045629065, 0.4888490543825466]
,[0.40577019045628965, 0.48884905438254644]
,[0.4057701904562891, 0.4888490543825467]
,[0.40577019045628876, 0.4888490543825457]
,[0.40577019045628954, 0.48884905438254667]
,[0.40577019045628876, 0.4888490543825465]
,[0.40577019045628987, 0.4888490543825471]
,[0.4057701904562892, 0.4888490543825454]
]}