{
"parameters":[2, 2, 2, 2, 20, 60]
,"current_iter":7,"domain":[[-5.12, -5.12]
,[5.12, 5.12]
],"result":[21.52119097130058, 10.208893586800333, 22.91745998891672, 23.337987284954693, 10.182861479882195, 34.390260719611334, 21.10553951495048, 31.345398115894778, 33.70537460519807, 18.02826792989051, 11.928818903219101, 10.555763694209462, 11.78006661749994, 17.44546855654757, 39.25003409621459, 17.899284936582134, 20.570728467728657, 30.442373342957357, 21.633178945801205, 7.987892194344207]
,"population":[[-5.12, -5.12]
,[-5.12, -5.12]
,[-2.991633889801779, -0.6785797051887804]
,[-2.2837281356058825, 0.7483202027289257]
,[-5.12, -2.370455913598639]
,[-5.12, -3.855120532202071]
,[-5.12, 5.12]
,[-2.760977834157228, -4.658512520713165]
,[-5.12, -5.12]
,[-5.12, -4.414229961383221]
,[-5.12, 0.3795747020330962]
,[-4.105401500654708, -1.0483672604444654]
,[-1.76355342118134, -5.12]
,[-2.6373125082424944, -5.12]
,[-5.12, 5.12]
,[-3.6159007460797303, -1.0830926768613574]
,[-5.12, -3.0384950251269953]
,[5.12, -0.6692804811057995]
,[-4.076645861621554, -5.100594529964205]
,[-1.9308450655756113, -0.6498965525449831]
],"den":[[0.6499316759099715, 0.7204154527786923]
,[0.6499006380020669, 0.7214096573675312]
,[0.6492937777612657, 0.7204050321339203]
,[0.6494754613396929, 0.7207243995638194]
,[0.6494649449904697, 0.7213201856849649]
,[0.6501458593263948, 0.7203864985720492]
,[0.6499191032105852, 0.7209504366523739]
,[0.6500713285589497, 0.7207455011882533]
,[0.6499169792156918, 0.7206283876404607]
,[0.6504361503643691, 0.7214887547334772]
,[0.649818881894643, 0.7210665945837659]
,[0.649405427346127, 0.7215165138376858]
,[0.6500376188758654, 0.7212031698351216]
,[0.6501381231794751, 0.7215403624448175]
,[0.649338387578504, 0.7204095187553046]
,[0.649581029002412, 0.7203927454957614]
,[0.6493862442221772, 0.7215156491460468]
,[0.6495801367185239, 0.7208210097679905]
,[0.6497179090443844, 0.7208217560839014]
,[0.6500459682584159, 0.7214145942618523]
],"vol":[[0.2141390463480195, 0.46243716915341443]
,[0.21378156962468328, 0.4620530180890789]
,[0.2134433465988713, 0.4622493871622795]
,[0.21452976865560391, 0.46207517910693113]
,[0.21396625548623385, 0.4623522238577174]
,[0.21433160295228915, 0.46148708805913097]
,[0.21408756130582574, 0.461921150152791]
,[0.2134904748999425, 0.46260812988735883]
,[0.21372931390435215, 0.4626451986646143]
,[0.21423049503541272, 0.4617317622411809]
,[0.21404290143614113, 0.4618540387001436]
,[0.21444661869581397, 0.4624110542543436]
,[0.2136564771412259, 0.4620196256363713]
,[0.21415201832235298, 0.46182059153103366]
,[0.2134541618177641, 0.46243173961174594]
,[0.21390736619233386, 0.46180090725472955]
,[0.21356151657373648, 0.4618944087534811]
,[0.21373696779657447, 0.461987567417586]
,[0.21357766879446277, 0.4621167509382751]
,[0.21387102691976756, 0.4618420781626001]
]}