{
"parameters":[2, 2, 2, 2, 40, 40]
,"current_iter":12,"domain":[[-5.12, -5.12]
,[5.12, 5.12]
],"result":[29.477350018953103, 32.33673161699805, 2.55381847037839, 4.684447353770711, 10.75092751563728, 9.388355459988293, 27.17724955779783, 29.225852787222834, 26.296213533289073, 9.133210275997225, 19.149392098421416, 11.652987536959301, 23.95502563416463, 8.87303366481293, 21.8348149868932, 26.498844405156113, 20.53196818286974, 12.112728060944514, 33.93113250229559, 13.417591287028584, 23.843166107649214, 10.102387056023758, 13.76187689513229, 20.07557995883365, 29.343518129516582, 14.295622412546619, 17.071733944450415, 1.7451347811505293, 30.89168297948668, 2.456068119303188, 19.29528697252087, 2.7550893782380754, 17.603141317707365, 22.487718913358712, 20.380927701872135, 2.239194996970255, 19.527094725315646, 19.90290491475219, 10.99448607885413, 19.769995212821698]
,"population":[[5.12, -0.10562764234444183]
,[5.12, -3.2415828733564274]
,[1.0522004506020657, -0.06838343273562933]
,[2.0766168854771454, 1.1210775262167005]
,[-0.6380351250505628, 0.03572283415988127]
,[-1.418423211379114, -0.001846314894386053]
,[1.3694512753999875, -5.12]
,[-5.12, -0.03905765868761467]
,[5.12, 5.12]
,[4.220151841098147, 1.793536159736309]
,[-0.3756730776475431, 3.129862292526897]
,[5.12, -0.06184987899883923]
,[5.12, 5.12]
,[5.12, -0.3439544957058012]
,[5.12, 2.8634284383532584]
,[1.5464770266056307, 0.7667173878434216]
,[2.029439518857291, -0.527348963380112]
,[5.12, 3.290498647460975]
,[2.3267464920508885, 4.2031892012628145]
,[0.7859158383539934, 0.3605852502157195]
,[1.4637191955894517, -4.350116215017831]
,[-4.320464518670128, 1.0089107989620327]
,[1.21103845809718, 5.12]
,[3.4303555703425492, -1.199674299025744]
,[1.6461197315905662, 5.12]
,[-1.109911917929943, -5.12]
,[5.12, 0.6049692621990818]
,[0.961200021710132, -0.05383802928738261]
,[5.12, 1.283249348562315]
,[0.9316387319400126, 2.9737629466027102]
,[0.9835441984351843, -5.0966369568813406]
,[0.9318925669621543, -0.8429811218443546]
,[0.7867273491450731, -0.7711214253125364]
,[-1.4596989763540638, -0.058698454633010266]
,[5.12, 2.5448433768880636]
,[0.9688026267957294, -1.0189557286238389]
,[1.0874373945113485, -3.1957990257602233]
,[-3.211513654061844, 1.0659931032574237]
,[0.11305866543596121, 2.7673974446914884]
,[3.46978818382784, 1.9787556170012572]
],"den":[[0.759839802474054, 0.48356960162001505]
,[0.7598637401853718, 0.483600801479884]
,[0.7598303130352854, 0.4835843312074899]
,[0.7598436738310665, 0.48357344183839696]
,[0.7598417585869301, 0.48357051313255783]
,[0.7598291035580756, 0.4835992216258917]
,[0.7598559593627005, 0.48356850445267535]
,[0.7598262899130394, 0.48359708637301446]
,[0.7598562850848806, 0.4835719827286619]
,[0.7598714706857224, 0.4835685539345718]
,[0.7598684232382003, 0.48356664572098707]
,[0.7598434225996079, 0.48357241457831046]
,[0.759850256748641, 0.4835909409630499]
,[0.7598421036935389, 0.4835780223952376]
,[0.759841330369726, 0.48359071097905343]
,[0.7598336365613305, 0.48356662854901006]
,[0.7598476183668719, 0.4836009151156619]
,[0.7598269945883143, 0.48357015706339146]
,[0.7598434454661526, 0.4835996956570542]
,[0.7598322186004828, 0.4835934756693016]
,[0.7598341167432704, 0.48360934426413554]
,[0.7598359132528241, 0.48359001237785826]
,[0.7598592795075821, 0.4835841882177174]
,[0.7598563775848118, 0.4835752839826287]
,[0.7598509769605605, 0.4835922119297279]
,[0.7598650376966771, 0.4835901909744099]
,[0.7598708798651382, 0.4835917294376677]
,[0.7598489993981664, 0.4835688409189228]
,[0.7598507615634792, 0.4835674981108355]
,[0.7598527005042074, 0.48358882272595866]
,[0.7598531421972987, 0.48360839241998393]
,[0.7598635223839516, 0.4835873545497847]
,[0.759837388642245, 0.48359672175373286]
,[0.7598547582538039, 0.48358873326329294]
,[0.7598515355882233, 0.48358755078239013]
,[0.7598625359839415, 0.483588361569559]
,[0.7598336804213084, 0.48360494744928345]
,[0.7598430130679029, 0.4835911187816679]
,[0.759868191559245, 0.4835907704026567]
,[0.7598388682511306, 0.48356850171173965]
],"vol":[[0.6986324939046382, 0.5178893088942708]
,[0.698666675883425, 0.5178832303084456]
,[0.6986333042646902, 0.5178830089549159]
,[0.6986330081204832, 0.5179047642542791]
,[0.6986369856652227, 0.5178983131008399]
,[0.6986550989468554, 0.5178766548172647]
,[0.6986392062180822, 0.5178653747750677]
,[0.6986627540831765, 0.5178971931387657]
,[0.6986670796002037, 0.5178642857170312]
,[0.6986531519852428, 0.5178691123673171]
,[0.698671845271639, 0.5178786340317176]
,[0.6986420888634151, 0.5178834953100753]
,[0.6986584965094839, 0.5178980850736288]
,[0.6986556079772058, 0.5178774611356991]
,[0.698656351297117, 0.5178754942368516]
,[0.6986468014071553, 0.5179058421601448]
,[0.698638241341313, 0.5178953635833239]
,[0.6986345186591542, 0.5178662003250313]
,[0.6986666376615875, 0.5178776576773678]
,[0.6986345059710571, 0.5178841805169624]
,[0.698677184092406, 0.5178904440788578]
,[0.6986494542640673, 0.5178882147845664]
,[0.6986454744946132, 0.5178989640848988]
,[0.6986603499123922, 0.5179075139500983]
,[0.698645348928812, 0.5178955797620612]
,[0.6986686420833761, 0.5178751588954251]
,[0.6986597217951027, 0.5178703824523908]
,[0.6986745305889598, 0.5179064163967639]
,[0.6986701802419137, 0.5178958443745313]
,[0.6986430486245453, 0.5178664008563276]
,[0.6986408225386421, 0.5178841657569329]
,[0.6986680474908699, 0.5178869222621472]
,[0.6986480632186336, 0.5179020683455213]
,[0.6986767641838808, 0.5178999897362524]
,[0.6986351232551355, 0.5178782156359469]
,[0.698645640073461, 0.5178771017742786]
,[0.6986669600732962, 0.5178680426171622]
,[0.6986765753220928, 0.5178683354294591]
,[0.6986423367181566, 0.5179009144679398]
,[0.6986682679391986, 0.5179054517569213]
]}