{
"parameters":[2, 2, 2, 2, 40, 40]
,"current_iter":36,"domain":[[-5.12, -5.12]
,[5.12, 5.12]
],"result":[7.036486948663878E-09, 0.00027384256374851645, 1.0105997301565282, 1.4085063781976714E-08, 1.3709231616587658E-07, 4.2807717903770026E-07, 10.11612694869144, 1.3136919108092115E-08, 1.9080998114873182E-08, 0.002945794289615833, 0.0006680232218592153, 8.636508397330545E-09, 1.8949440848459176E-05, 0.4464871538464461, 7.900656394100396, 6.0531490930770815E-09, 1.9313687129596246E-05, 0.012777516115351162, 2.3830183870643395E-07, 0.003474192539732357, 1.3249014330085629E-08, 9.926071697918815E-08, 1.5602209302301162E-08, 0.00044729974862356414, 1.0014458595719589E-08, 6.383647388474856E-09, 0.00046234275196610497, 1.0386053972410991E-07, 1.4328724873280407E-08, 2.456068119303188, 5.299369831845979E-09, 2.4981337450816756, 1.075494182600778E-08, 2.2989414087959403E-06, 5.5263935649918494E-09, 2.239194996970255, 2.7469933847612538E-06, 5.401177993746842E-08, 3.058467434868817E-08, 4.719456480728468E-06]
,"population":[[-1.3454636749148288E-06, 5.801492237010779E-06]
,[-0.0011378516069023422, 0.00029259038673375083]
,[0.2698556573432331, -0.0001077329643827634]
,[-6.3253049568117625E-06, -5.566562131535669E-06]
,[-7.957195862883565E-06, -2.505394365518539E-05]
,[-4.55867231447715E-05, 8.920975447016843E-06]
,[-1.1145584336025585, 0.39021637595621456]
,[-7.527749003782275E-06, 3.0902978915653157E-06]
,[-1.590160682393573E-06, -9.677273020680776E-06]
,[3.8247093487424055E-05, -0.003853258926917047]
,[0.001834632099219349, -3.672809679556958E-05]
,[-6.032798502406411E-06, -2.6716812091167572E-06]
,[0.00030902157810617386, 4.560455029181248E-06]
,[0.04631055324689222, -0.010996495609098668]
,[-0.2854584584119029, -0.2126004958261663]
,[-3.976968831786347E-06, 3.833375353871486E-06]
,[0.00031199974167936173, 2.6995963615038505E-06]
,[-0.008026099120253332, -2.6198735916883624E-05]
,[-6.8571762478936715E-06, -3.397271233629796E-05]
,[6.732802487886553E-05, -0.004184282466184573]
,[-7.956279707511628E-06, 1.8653639991687238E-06]
,[-9.189812453152822E-07, 2.2349081803871588E-05]
,[-3.2052017186852233E-07, 8.862311887510509E-06]
,[0.00033104012178013215, -0.00146459976565603]
,[-6.403777240061939E-06, 3.0772962487376866E-06]
,[5.656489262139039E-06, 4.2551029024604433E-07]
,[-0.0014698745362644596, -0.0004122302390896373]
,[2.2384235026668525E-05, -4.738938319803996E-06]
,[-8.498378832879787E-06, 4.287754261147743E-08]
,[-0.26008586020724983, 0.29096458584101403]
,[-5.068133655725806E-06, 1.0127307102855362E-06]
,[-0.26384388300817324, 0.16011957070328942]
,[-7.362081585007981E-06, 1.0148188703405419E-07]
,[0.00010748587245135426, -5.886939227753511E-06]
,[-5.265455920053273E-06, 3.6177716317832355E-07]
,[-0.26057821418409827, 0.4030048019912509]
,[7.744899483940316E-07, -0.00011766769203652243]
,[-1.293031856844665E-05, 1.0249610451772051E-05]
,[-8.183803211822423E-06, -9.33745922669369E-06]
,[-6.063674869349077E-06, -0.00015411607775707615]
],"den":[[0.7598480709698053, 0.4835696128796941]
,[0.759848070969807, 0.48356961287969624]
,[0.7598480709698047, 0.4835696128796951]
,[0.7598480709698057, 0.4835696128796943]
,[0.7598480709698054, 0.48356961287969413]
,[0.7598480709698046, 0.48356961287969613]
,[0.7598480709698064, 0.48356961287969397]
,[0.7598480709698044, 0.48356961287969596]
,[0.7598480709698064, 0.48356961287969424]
,[0.7598480709698076, 0.48356961287969397]
,[0.7598480709698073, 0.48356961287969386]
,[0.7598480709698057, 0.48356961287969424]
,[0.7598480709698061, 0.4835696128796955]
,[0.7598480709698056, 0.48356961287969463]
,[0.7598480709698054, 0.4835696128796955]
,[0.7598480709698049, 0.48356961287969386]
,[0.7598480709698059, 0.48356961287969624]
,[0.7598480709698044, 0.4835696128796941]
,[0.7598480709698057, 0.48356961287969613]
,[0.7598480709698048, 0.4835696128796957]
,[0.759848070969805, 0.48356961287969685]
,[0.7598480709698051, 0.48356961287969547]
,[0.7598480709698067, 0.4835696128796951]
,[0.7598480709698064, 0.48356961287969447]
,[0.7598480709698061, 0.48356961287969563]
,[0.7598480709698071, 0.48356961287969547]
,[0.7598480709698074, 0.4835696128796956]
,[0.759848070969806, 0.483569612879694]
,[0.7598480709698061, 0.4835696128796939]
,[0.7598480709698062, 0.4835696128796954]
,[0.7598480709698062, 0.48356961287969674]
,[0.759848070969807, 0.4835696128796953]
,[0.7598480709698052, 0.48356961287969596]
,[0.7598480709698063, 0.4835696128796954]
,[0.7598480709698061, 0.4835696128796953]
,[0.7598480709698069, 0.48356961287969535]
,[0.7598480709698049, 0.4835696128796965]
,[0.7598480709698056, 0.4835696128796955]
,[0.7598480709698073, 0.4835696128796955]
,[0.7598480709698053, 0.48356961287969397]
],"vol":[[0.6986724769136142, 0.5179052427698473]
,[0.6986724769136167, 0.517905242769847]
,[0.6986724769136143, 0.5179052427698468]
,[0.6986724769136143, 0.5179052427698484]
,[0.6986724769136146, 0.517905242769848]
,[0.6986724769136159, 0.5179052427698464]
,[0.6986724769136148, 0.5179052427698456]
,[0.6986724769136164, 0.5179052427698478]
,[0.6986724769136167, 0.5179052427698455]
,[0.6986724769136157, 0.5179052427698458]
,[0.698672476913617, 0.5179052427698466]
,[0.6986724769136149, 0.517905242769847]
,[0.6986724769136161, 0.5179052427698478]
,[0.6986724769136159, 0.5179052427698465]
,[0.6986724769136159, 0.5179052427698464]
,[0.6986724769136152, 0.5179052427698484]
,[0.6986724769136147, 0.5179052427698477]
,[0.6986724769136143, 0.5179052427698457]
,[0.6986724769136167, 0.5179052427698465]
,[0.6986724769136143, 0.517905242769847]
,[0.6986724769136173, 0.5179052427698474]
,[0.6986724769136154, 0.5179052427698473]
,[0.6986724769136151, 0.517905242769848]
,[0.6986724769136162, 0.5179052427698485]
,[0.6986724769136151, 0.5179052427698477]
,[0.6986724769136168, 0.5179052427698463]
,[0.6986724769136161, 0.517905242769846]
,[0.6986724769136171, 0.5179052427698485]
,[0.6986724769136169, 0.5179052427698477]
,[0.698672476913615, 0.5179052427698457]
,[0.6986724769136149, 0.517905242769847]
,[0.6986724769136168, 0.5179052427698472]
,[0.6986724769136153, 0.5179052427698482]
,[0.6986724769136173, 0.5179052427698481]
,[0.6986724769136144, 0.5179052427698465]
,[0.6986724769136152, 0.5179052427698465]
,[0.6986724769136167, 0.5179052427698458]
,[0.6986724769136173, 0.5179052427698458]
,[0.698672476913615, 0.5179052427698481]
,[0.6986724769136168, 0.5179052427698484]
]}