{
"parameters":[2, 2, 2, 2, 40, 40]
,"current_iter":21,"domain":[[-5.12, -5.12]
,[5.12, 5.12]
],"result":[29.477350018953103, 32.33673161699805, 1.353834416478536, 4.684447353770711, 1.576073669557573, 1.049548139858853, 19.90123598156641, 1.0387243322312791, 23.923255911119544, 9.133210275997225, 13.43217497502106, 11.652987536959301, 23.95502563416463, 8.87303366481293, 21.8348149868932, 2.035463183761159, 3.2263310870995525, 12.112728060944514, 18.879470671523023, 13.417591287028584, 16.66860236120152, 2.8831556436507366, 13.76187689513229, 20.07557995883365, 12.42526895752856, 4.815656103172142, 14.46069438520023, 1.3427204661797667, 4.035968992896244, 2.456068119303188, 2.7633549614743558, 2.4981337450816756, 1.640908891155199, 8.833846546880284, 20.380927701872135, 2.239194996970255, 16.637773417744693, 19.90290491475219, 2.03913289772553, 13.297144801291331]
,"population":[[4.341331082409375, -0.12649080463746348]
,[5.12, -1.474011102689131]
,[0.953320346381825, -0.009519684226953243]
,[1.9509708791675027, 0.6975802091163933]
,[0.9352545942207985, 0.013249074626569766]
,[0.9972434487056341, -0.016437090913830756]
,[-0.9565940507376343, 0.5952420314279249]
,[0.9838297476776114, -0.009847914885988854]
,[-0.6915086079306827, -5.12]
,[2.4620747820541045, 0.008941369307343796]
,[1.0939651742737768, -0.25758252275748933]
,[5.12, 0.04387939483974028]
,[2.1471723635010664, 0.4237074342780704]
,[4.210175001718839, -0.11219324005033611]
,[3.491997938042994, 0.350319650154483]
,[1.1624399238307794, 0.09604770239254633]
,[1.9612081606781526, 0.02470135879980099]
,[5.12, 1.1209896671009947]
,[0.7203235112649722, -4.451602234805547]
,[0.5921366985281272, 0.19011923935410288]
,[0.40123947810193483, -0.0009772055603135404]
,[2.247389254319601, -0.6951981755687398]
,[1.3585428536574298, 3.3596731437158973]
,[3.6705988700839027, -1.9312034444801474]
,[1.5661522592937773, 0.013814222593852567]
,[0.6148140475690178, 0.004218560983292258]
,[4.594626571132584, 0.014952459325615104]
,[0.9531019614639421, -0.004078663815463219]
,[-0.36885168521967016, -0.02952234384159262]
,[0.9411130225115532, 0.8199560973277021]
,[0.9506079671023583, -0.08444461285398157]
,[0.943591378334963, 1.2752880624990774]
,[0.9548114722636352, 0.040825809027699334]
,[1.592119594325419, -0.11480649809348209]
,[5.12, 1.6798258401777164]
,[0.9449285931967694, 1.947442200832454]
,[0.8385119227526115, 0.2682124251957919]
,[4.164950564145439, -2.3110742532602835]
,[0.9292651773880842, 0.03212988925109588]
,[0.8855244342978157, -1.4059138012520098]
],"den":[[0.7598480619130408, 0.4835696110458057]
,[0.7598480863727141, 0.4835696429259788]
,[0.7598480522166846, 0.483569626096572]
,[0.7598480658688128, 0.4835696149697601]
,[0.7598480639118066, 0.48356961197719384]
,[0.7598480509808347, 0.4835696413116761]
,[0.7598480784222306, 0.4835696099247146]
,[0.7598480481058382, 0.48356963912986406]
,[0.759848078755055, 0.4835696134788345]
,[0.759848094271778, 0.4835696099752755]
,[0.759848091157881, 0.4835696080254533]
,[0.7598480656121032, 0.4835696139201006]
,[0.7598480725952709, 0.48356963285045335]
,[0.7598480642644383, 0.483569619650196]
,[0.7598480634742522, 0.48356963261545455]
,[0.7598480556126802, 0.4835696080079069]
,[0.7598480698993592, 0.48356964304209243]
,[0.7598480488258789, 0.48356961161336054]
,[0.7598480656354683, 0.48356964179604356]
,[0.7598480541638006, 0.48356963544042886]
,[0.7598480561033325, 0.48356965165503857]
,[0.759848057939015, 0.48356963190162033]
,[0.7598480818147711, 0.4835696259504643]
,[0.759848078849572, 0.48356961685207234]
,[0.759848073331187, 0.4835696341491335]
,[0.7598480876985176, 0.4835696320841112]
,[0.7598480936680746, 0.48356963365612066]
,[0.7598480713105039, 0.4835696102685175]
,[0.7598480731110931, 0.4835696088964295]
,[0.7598480750923126, 0.48356963068602804]
,[0.7598480755436368, 0.48356965068243946]
,[0.7598480861501635, 0.48356962918583835]
,[0.7598480594465753, 0.48356963875729425]
,[0.7598480771949313, 0.48356963059461466]
,[0.7598480739019955, 0.4835696293863498]
,[0.759848085142255, 0.4835696302148162]
,[0.7598480556574965, 0.4835696471623512]
,[0.7598480651936416, 0.48356963303214934]
,[0.7598480909211502, 0.48356963267617387]
,[0.759848060958447, 0.48356960992191395]
],"vol":[[0.6986724400652967, 0.5179052363487423]
,[0.698672474992614, 0.5179052301376128]
,[0.6986724408933267, 0.5179052299114326]
,[0.6986724405907251, 0.5179052521411065]
,[0.6986724446550001, 0.5179052455492856]
,[0.698672463163242, 0.5179052234187429]
,[0.6986724469239722, 0.5179052118927393]
,[0.6986724709852987, 0.5179052444049027]
,[0.6986724754051337, 0.5179052107799343]
,[0.698672461173827, 0.5179052157118298]
,[0.6986724802747206, 0.5179052254411142]
,[0.6986724498694736, 0.5179052304083928]
,[0.6986724666348886, 0.5179052453162862]
,[0.6986724636833719, 0.5179052242426431]
,[0.6986724644429, 0.5179052222328561]
,[0.6986724546847745, 0.517905253242516]
,[0.6986724459380563, 0.5179052425354538]
,[0.6986724421342011, 0.5179052127362904]
,[0.6986724749535587, 0.5179052244434704]
,[0.6986724421212364, 0.5179052311085406]
,[0.6986724857299544, 0.5179052375086795]
,[0.698672457395477, 0.5179052352307755]
,[0.6986724533289287, 0.5179052462144643]
,[0.6986724685287051, 0.5179052549507595]
,[0.6986724532006249, 0.5179052427563464]
,[0.6986724770016869, 0.5179052218902025]
,[0.6986724678868916, 0.517905217009609]
,[0.6986724830185914, 0.517905253829274]
,[0.698672478573385, 0.5179052430267287]
,[0.6986724508501624, 0.5179052129411943]
,[0.6986724485755367, 0.5179052310934588]
,[0.6986724763941292, 0.5179052339100695]
,[0.6986724559740998, 0.5179052493864134]
,[0.6986724853008899, 0.51790524726248]
,[0.6986724427519803, 0.5179052250135953]
,[0.6986724534981179, 0.5179052238754458]
,[0.6986724752830005, 0.5179052146187537]
,[0.6986724851079099, 0.5179052149179508]
,[0.6986724501227329, 0.5179052482073755]
,[0.6986724766193845, 0.5179052528436001]
]}