{
"parameters":[2, 2, 2, 2, 40, 40]
,"current_iter":28,"domain":[[-5.12, -5.12]
,[5.12, 5.12]
],"result":[9.108864460687416, 15.624307148977795, 1.0105997301565282, 0.008462559722591578, 1.3003308873859165, 1.049548139858853, 10.11612694869144, 0.005163248425139599, 11.246585289728985, 1.1830499801552286, 3.437760317701155, 0.5035239277924255, 20.987969457058046, 8.87303366481293, 7.900656394100396, 0.04807283462966794, 1.807496486745455, 4.206295426657817, 15.675046741971663, 5.631731723911934, 0.0602219585896826, 2.580465630033438, 0.43236611408022796, 1.5374384508332266, 0.22371856536743095, 1.13733272686542, 2.924406941917603, 1.1656790475733203, 0.03290763239716199, 2.456068119303188, 0.002786814115717462, 2.4981337450816756, 0.19507847171518833, 8.833846546880284, 4.726738520846119, 2.239194996970255, 6.856018729571456, 1.082859432836063, 1.9502315923229379, 8.607599207924967]
,"population":[[3.011802416717643, 0.0072503261414654085]
,[2.884981664973656, -0.16250215477574978]
,[-1.0037329064404035, 0.0013647858427027525]
,[0.01206692746522294, -0.011760551198152693]
,[-0.7688259232041122, -0.04324405751875553]
,[-0.6292651900876778, 0.0077262896660279575]
,[-3.680610416670763, 0.9890074479387678]
,[0.003505769856159762, -0.0037062332962669343]
,[0.12493136464338815, -1.1992797490985734]
,[0.006753179378066413, -1.238524349812904]
,[1.1012866154914054, -0.036788648966109366]
,[-0.046576448067130086, -0.019608749602643735]
,[-1.5386987721829124, -0.15389087576345317]
,[0.5636204535817364, -0.015665861236345856]
,[-0.7882643512365363, -1.3407388107347784]
,[0.008640315230959384, 0.012952511749698609]
,[1.0565942509542476, 0.018181371247122605]
,[1.0997583245914262, 0.9723592988341762]
,[-0.1498192658830321, -0.7340448242185698]
,[0.09640586792694175, -2.2299711736538517]
,[0.012824022216358966, -0.011800280599130993]
,[-0.01037755208172578, -1.0846863048434099]
,[0.02177029788428617, 0.041421669993155524]
,[0.005547010482062997, -0.9426246847781076]
,[0.03813122771219603, 0.004250359780606014]
,[-0.4637975189898319, 0.002065370199287218]
,[0.6931791615662745, 0.01699642050838732]
,[-1.1828470827292408, 0.007772585344807653]
,[-0.00430791027275332, -0.012140256349621075]
,[-1.2336376369956557, 0.9987302317055491]
,[-0.0005254568196628767, -0.0037109996574828936]
,[-1.0653618216373484, 0.667394586297642]
,[-0.03086712915478856, -0.005787000710758829]
,[1.8231442812778829, -0.03512880946712861]
,[-2.390687903192545, -0.006779092243394446]
,[-0.33003090237038557, 0.8625206497737709]
,[0.7513010339855656, -0.0108265651532263]
,[0.0028949978659880415, 1.1957262920812812]
,[-0.6648732682768771, -0.0022715457733199006]
,[0.1898204312177751, -0.10891115187911417]
],"den":[[0.7598480709130429, 0.4835696127909573]
,[0.7598480710511816, 0.4835696129710041]
,[0.7598480708582815, 0.4835696128759581]
,[0.7598480709353835, 0.4835696128131182]
,[0.759848070924331, 0.48356961279621735]
,[0.7598480708513019, 0.48356961296188716]
,[0.7598480710062804, 0.48356961278462574]
,[0.7598480708350651, 0.48356961294956513]
,[0.75984807100816, 0.48356961280469807]
,[0.7598480710957924, 0.48356961278491134]
,[0.7598480710782064, 0.4835696127738995]
,[0.7598480709339337, 0.48356961280719013]
,[0.7598480709733719, 0.48356961291410144]
,[0.7598480709263226, 0.4835696128395515]
,[0.7598480709218599, 0.4835696129127743]
,[0.7598480708774609, 0.48356961277380034]
,[0.7598480709581464, 0.4835696129716599]
,[0.7598480708391316, 0.4835696127941626]
,[0.7598480709340657, 0.4835696129646227]
,[0.7598480708692781, 0.48356961292872863]
,[0.7598480708802319, 0.48356961302030244]
,[0.759848070890599, 0.48356961290874284]
,[0.75984807102544, 0.483569612875133]
,[0.7598480710086938, 0.4835696128237488]
,[0.759848070977528, 0.4835696129214359]
,[0.7598480710586692, 0.48356961290977346]
,[0.759848071092383, 0.4835696129186515]
,[0.7598480709661161, 0.48356961278656746]
,[0.759848070976285, 0.48356961277881844]
,[0.7598480709874742, 0.4835696129018776]
,[0.7598480709900232, 0.4835696130148096]
,[0.7598480710499247, 0.4835696128934051]
,[0.7598480708991132, 0.483569612947461]
,[0.759848070999349, 0.48356961290136136]
,[0.7598480709807518, 0.48356961289453754]
,[0.7598480710442325, 0.4835696128992164]
,[0.7598480708777139, 0.4835696129949295]
,[0.7598480709315704, 0.4835696129151276]
,[0.7598480710768694, 0.4835696129131172]
,[0.7598480709076516, 0.48356961278460997]
],"vol":[[0.698672476813888, 0.5179052427634057]
,[0.698672477011144, 0.5179052427283276]
,[0.6986724768185644, 0.5179052427270502]
,[0.6986724768168554, 0.5179052428525948]
,[0.6986724768398088, 0.5179052428153668]
,[0.6986724769443362, 0.5179052426903821]
,[0.6986724768526231, 0.5179052426252876]
,[0.6986724769885122, 0.5179052428089037]
,[0.6986724770134737, 0.517905242619003]
,[0.6986724769331008, 0.5179052426468563]
,[0.6986724770409752, 0.5179052427018036]
,[0.6986724768692582, 0.5179052427298568]
,[0.6986724769639427, 0.5179052428140508]
,[0.6986724769472737, 0.5179052426950351]
,[0.6986724769515632, 0.5179052426836847]
,[0.6986724768964532, 0.5179052428588151]
,[0.6986724768470551, 0.5179052427983458]
,[0.6986724768255724, 0.5179052426300517]
,[0.6986724770109234, 0.5179052426961692]
,[0.6986724768254992, 0.517905242733811]
,[0.6986724770717843, 0.5179052427699565]
,[0.6986724769117622, 0.5179052427570918]
,[0.6986724768887959, 0.5179052428191234]
,[0.6986724769746383, 0.5179052428684626]
,[0.6986724768880712, 0.5179052427995933]
,[0.6986724770224905, 0.5179052426817494]
,[0.6986724769710135, 0.5179052426541857]
,[0.6986724770564716, 0.5179052428621289]
,[0.6986724770313667, 0.5179052428011204]
,[0.6986724768747967, 0.5179052426312089]
,[0.6986724768619506, 0.5179052427337258]
,[0.6986724770190592, 0.517905242749633]
,[0.6986724769037348, 0.5179052428370373]
,[0.6986724770693611, 0.5179052428250422]
,[0.6986724768290613, 0.5179052426993891]
,[0.6986724768897513, 0.5179052426929613]
,[0.6986724770127839, 0.517905242640683]
,[0.6986724770682712, 0.5179052426423728]
,[0.6986724768706886, 0.5179052428303785]
,[0.6986724770203313, 0.5179052428565621]
]}