{
"parameters":[2, 2, 2, 2, 20, 60]
,"current_iter":5,"domain":[[-5.12, -5.12]
,[5.12, 5.12]
],"result":[21.52119097130058, 10.208893586800333, 22.91745998891672, 23.337987284954693, 10.182861479882195, 34.390260719611334, 21.10553951495048, 31.345398115894778, 33.70537460519807, 18.02826792989051, 11.928818903219101, 10.555763694209462, 11.78006661749994, 17.44546855654757, 39.25003409621459, 17.899284936582134, 20.570728467728657, 35.067463653581704, 21.633178945801205, 7.987892194344207]
,"population":[[1.146233075311783, 1.3246502067342951]
,[5.12, 1.200630196113311]
,[-0.0441220796350934, 5.12]
,[-1.253087047415343, 5.12]
,[-5.12, -2.406777891066591]
,[-4.227125000094614, 5.12]
,[-2.08703100245675, -5.12]
,[-1.4010210255440203, 0.7387041572933082]
,[1.6250063566020652, 3.4589781553640213]
,[-3.4581481452885368, -0.37719905502799933]
,[2.128109441012012, 5.12]
,[2.0280002644593167, 4.129644924474173]
,[-1.5176534739303222, 0.3984729659648524]
,[-2.1406083675918124, -5.12]
,[5.12, -0.7227758950663965]
,[-0.17000794011317, -0.7150864155379404]
,[1.3884450406465998, 1.0002250309778098]
,[1.2349817309349573, 5.12]
,[5.12, -5.12]
,[2.5624792632092146, 5.12]
],"den":[[0.6497753061314778, 0.7190484712219049]
,[0.6497018035192428, 0.7214029029252438]
,[0.6482646637127296, 0.7190237935079855]
,[0.64869491879486, 0.7197801054486161]
,[0.6486700144378567, 0.7211910200106508]
,[0.6502825259045687, 0.7189799031396096]
,[0.6497455320162064, 0.720315396568168]
,[0.6501060254098848, 0.7198300773901228]
,[0.6497405020646543, 0.7195527342226208]
,[0.6509699804090787, 0.7215902178382151]
,[0.6495081922913111, 0.7205904766868213]
,[0.6485290673628568, 0.7216559557313397]
,[0.6500261956168483, 0.7209139082071476]
,[0.6502642055007263, 0.7217124329567938]
,[0.6483703067254104, 0.7190344185279731]
,[0.6489449195037114, 0.7189946968303664]
,[0.6484836387300547, 0.7216539080065241]
,[0.6489428064361416, 0.7200088934969915]
,[0.6492690728158086, 0.7200106608896]
,[0.6500459682584159, 0.7214145942618523]
],"vol":[[0.21450573877492426, 0.46325134654747163]
,[0.21365917807697818, 0.46234161684505753]
,[0.21285821314107792, 0.4628066494718319]
,[0.2154310302073979, 0.4623940975955945]
,[0.21409654303432668, 0.4630501828237434]
,[0.21496174287998404, 0.46100140616876484]
,[0.2143838141560384, 0.462029332981821]
,[0.21296982031671582, 0.46365620825958154]
,[0.2135354283719279, 0.4637439929121109]
,[0.2147223035456409, 0.4615808328357446]
,[0.21427805261134947, 0.4618704025830438]
,[0.21523411811942467, 0.46318950238884254]
,[0.2133629395439762, 0.46226253830308583]
,[0.2145364584356143, 0.46179119446408784]
,[0.2128838252681247, 0.46323848854502175]
,[0.21395708399128674, 0.46174457902425986]
,[0.2131380580928402, 0.4619660051728029]
,[0.2135535539838035, 0.4621866194353718]
,[0.21317630907355808, 0.4624925461833207]
,[0.21387102691976756, 0.4618420781626001]
]}