{
"parameters":[2, 2, 2, 2, 20, 60]
,"current_iter":9,"domain":[[-5.12, -5.12]
,[5.12, 5.12]
],"result":[21.52119097130058, 10.208893586800333, 22.91745998891672, 23.337987284954693, 10.182861479882195, 34.390260719611334, 21.10553951495048, 31.345398115894778, 33.70537460519807, 18.02826792989051, 11.928818903219101, 10.555763694209462, 11.78006661749994, 17.44546855654757, 39.25003409621459, 17.899284936582134, 20.570728467728657, 10.797727347505974, 21.633178945801205, 7.987892194344207]
,"population":[[-5.12, -5.12]
,[-5.12, -5.12]
,[-5.12, 1.9637360299849274]
,[-2.3054225592413036, -0.3218727916466805]
,[-5.12, -5.12]
,[-5.12, -1.2468388631664769]
,[-5.12, 5.12]
,[-2.574712052449444, -2.4435475271073863]
,[-5.12, -5.12]
,[-2.45022405449817, -5.12]
,[-5.12, 2.2191089233690477]
,[-5.12, -1.0384554839810398]
,[-2.0088791346817425, -5.12]
,[-2.89331726810485, -5.12]
,[-5.12, 5.12]
,[-2.906905535433198, -1.4894357033487378]
,[-4.935034814083192, -5.12]
,[-5.12, -1.3719777141884681]
,[-5.12, -5.12]
,[-2.047982969308198, -0.750305457929624]
],"den":[[0.6500418270413169, 0.7213783918226625]
,[0.6500407024278437, 0.7214144153806633]
,[0.6500187137292114, 0.7213780142457477]
,[0.6500252967695621, 0.7213895860603055]
,[0.6500249157249357, 0.7214111735043106]
,[0.6500495876660524, 0.7213773427090755]
,[0.6500413714878315, 0.721397776185619]
,[0.6500468871520394, 0.7213903506469914]
,[0.6500412945279642, 0.7213861072078351]
,[0.6500601059398171, 0.7214172813587345]
,[0.6500377401141401, 0.7214019849994041]
,[0.6500227591896137, 0.721418287169522]
,[0.6500456657306767, 0.7214069336050976]
,[0.6500493073580148, 0.7214191512891327]
,[0.6500203301010896, 0.7213781768119513]
,[0.650029121860357, 0.721377569057275]
,[0.6500220641170039, 0.7214182558386776]
,[0.6500290895297475, 0.7213930865906113]
,[0.6500340815096953, 0.7213931136322834]
,[0.6500459682584159, 0.7214145942618523]
],"vol":[[0.21388073821413028, 0.4618636404195682]
,[0.2138677855647243, 0.46184972126419255]
,[0.21385553054505899, 0.4618568364120982]
,[0.21389489546895238, 0.46185052423645895]
,[0.21387447738843965, 0.4618605625502636]
,[0.21388771522276637, 0.4618292156122502]
,[0.21387887272847023, 0.46184494322121766]
,[0.21385723817053787, 0.4618698349332369]
,[0.21386589215466226, 0.46187117806649386]
,[0.21388405172437897, 0.4618380810255538]
,[0.2138772545430143, 0.46184251153529093]
,[0.21389188265103454, 0.4618626941841636]
,[0.2138632530204332, 0.46184851133721133]
,[0.2138812082347629, 0.4618412996257404]
,[0.21385592241879348, 0.46186344368801874]
,[0.21387234362048257, 0.46184058639460357]
,[0.21385981226231449, 0.4618439742854876]
,[0.21386616948232048, 0.4618473497542567]
,[0.213860397514552, 0.4618520305313347]
,[0.21387102691976756, 0.4618420781626001]
]}