{
"parameters":[2, 2, 2, 2, 20, 60]
,"current_iter":1,"domain":[[-5.12, -5.12]
,[5.12, 5.12]
],"result":[46.82112376053125, 37.80737184834007, 22.91745998891672, 23.337987284954693, 38.68033188889413, 34.390260719611334, 53.17182424201212, 33.10848824768017, 39.43525721164079, 18.02826792989051, 11.928818903219101, 18.566648629413876, 11.78006661749994, 21.66098991138792, 39.25003409621459, 28.882639226633795, 26.341121734400677, 35.067463653581704, 21.633178945801205, 25.229775226553976]
,"population":[[5.12, -1.4155645953759983]
,[-5.12, -5.12]
,[5.12, 5.12]
,[5.12, 5.12]
,[5.12, 4.725858600104116]
,[2.077117694348435, 5.12]
,[5.12, -5.12]
,[5.12, 0.8261954685065815]
,[2.1802602538407205, -5.12]
,[-5.12, 4.723539563997521]
,[-5.12, 2.617193823948959]
,[-5.12, 2.2117544721763474]
,[3.7660377798819202, -3.5951834727693828]
,[-1.9996014560007316, -0.38531263725426346]
,[5.12, 3.7950797131467393]
,[5.12, 3.412150348946372]
,[-4.354007171137069, -5.12]
,[2.8064512982425933, 5.12]
,[3.7257047386392004, 1.3129078077118288]
,[5.12, -5.12]
],"den":[[0.6379222800205205, 0.6276737983502507]
,[0.6344293514206909, 0.739559098516733]
,[0.5661348163085076, 0.6265010850261098]
,[0.5865810322442, 0.6624418975699393]
,[0.5853975485802583, 0.7294901789274449]
,[0.662025946515569, 0.6244153642837358]
,[0.6365073798475402, 0.68787954670734]
,[0.6536384401805025, 0.6648166216561977]
,[0.6362683507695478, 0.6516369556242271]
,[0.6946945745665841, 0.748460518436337]
,[0.6252287233786805, 0.7009516700574081]
,[0.5786995816052164, 0.7515844586611169]
,[0.6498448366780276, 0.7163215075785777]
,[0.6611553398718624, 0.7542683213161817]
,[0.5711550936720518, 0.6270059981857902]
,[0.5984613532201715, 0.6251183774688476]
,[0.5765407607695947, 0.7514871484247119]
,[0.5983609378209972, 0.6733141685433024]
,[0.6138654911157522, 0.6733981570710772]
,[0.6507844553272912, 0.7401146842676083]
],"vol":[[0.2630097851161932, 0.5131083935940125]
,[0.2227802479142773, 0.46987699270834915]
,[0.18471747372170266, 0.4919758775305627]
,[0.30698069729723765, 0.47237093828275756]
,[0.24356433329073537, 0.5035488622727083]
,[0.2846796242112941, 0.406188641251528]
,[0.2572157871155794, 0.4550369046625484]
,[0.19002117496275905, 0.5323478874052333]
,[0.21689951972181012, 0.5365195149722284]
,[0.27330119188868623, 0.43372366232160253]
,[0.25218987697479545, 0.4474843494758585]
,[0.2976232085928303, 0.5101694881069931]
,[0.20870265239991093, 0.46611908951978465]
,[0.2644696186940555, 0.4437202886400983]
,[0.1859345914314524, 0.5124973665416661]
,[0.23693707930442298, 0.44150506937077194]
,[0.1980160274166755, 0.45202749440408985]
,[0.21776086962740476, 0.4625113376829241]
,[0.1998337579769684, 0.4770493283048975]
,[0.2328475483723016, 0.4461383404670207]
]}