{
"parameters":[2, 2, 2, 2, 40, 40]
,"current_iter":26,"domain":[[-5.12, -5.12]
,[5.12, 5.12]
],"result":[17.36750616292059, 30.024583481300173, 1.3159329161175712, 0.6863657214640693, 1.3003308873859165, 1.049548139858853, 10.11612694869144, 0.06729893081186056, 13.243945222613377, 1.1830499801552286, 12.38311171983055, 0.7125384255828546, 20.987969457058046, 8.87303366481293, 7.900656394100396, 0.3577410818897633, 3.2263310870995525, 12.112728060944514, 18.16606098340646, 5.631731723911934, 2.4552221766055027, 2.8831556436507366, 13.76187689513229, 6.618002727592591, 1.929905246012762, 1.13733272686542, 2.924406941917603, 1.1656790475733203, 0.12262923929199765, 2.456068119303188, 0.010051841154540497, 2.4981337450816756, 0.4384714517103365, 8.833846546880284, 4.726738520846119, 2.239194996970255, 12.679612934831324, 6.0606502094648995, 1.9502315923229379, 11.394786771698833]
,"population":[[2.541484239133505, -0.0003446456770742894]
,[4.347730382267159, -0.2830928720946477]
,[-0.5213449363110227, 0.009911046429748568]
,[0.014675793395657541, -0.05726663784705331]
,[-0.5761903625859642, -0.018215600180138517]
,[-1.319246224726839, 0.01948200894490594]
,[-0.6073203853275495, 1.4282922598251782]
,[0.018424907225225808, 0.0003488592540157034]
,[-1.242699421264103, 0.9174078753793329]
,[0.009680817350847977, -1.2742056158460224]
,[1.1816320474635873, -0.22735367732278333]
,[-0.05904829157590307, -0.0120227220644328]
,[1.2608302785767571, 0.22870539335436973]
,[1.2825169952461137, -0.25606902369362294]
,[0.826073873774076, 1.059696105127626]
,[-0.00299287956678446, -0.042483915398750044]
,[0.37316824285407524, 0.013343308078421195]
,[2.9396990906606915, 0.20054931128384584]
,[0.40428552286406194, 0.21050379298852126]
,[0.12471747031647012, -1.1496062968220366]
,[-1.0641230240488264, 0.051525969237674316]
,[-0.06264428250910214, -1.2452164261392753]
,[0.38405377907468313, 2.2668851212637695]
,[-0.05706991669114358, 0.699227801284254]
,[0.09810495744431141, 0.020076860446113193]
,[-0.21252733527446666, 0.012038201991285335]
,[1.1855384996270748, 0.008876260527995252]
,[-0.3327977154074322, 0.003934419412783087]
,[0.032758222006275914, 0.020893789464726826]
,[-1.2179836443287155, 0.5016898047249296]
,[0.006889138090933021, -0.0017926865794225012]
,[-0.601366665727644, 1.4650948521241338]
,[-0.04660699110030694, -0.007302349624036557]
,[2.558396923613333, -0.03245304838612652]
,[-2.72795405222323, -0.073495802776398]
,[-1.4575243369224935, 0.23427013669754426]
,[1.7689793331191985, -0.06145303869192566]
,[0.051662058845121525, -0.8122808647486891]
,[-1.4935881452114093, 0.018210592243126163]
,[-0.7209434486773014, 0.8582224466723142]
],"den":[[0.7598480707589214, 0.48356961137004717]
,[0.7598480718755314, 0.48356961282541083]
,[0.7598480703162724, 0.48356961205713056]
,[0.7598480709395066, 0.4835696115491798]
,[0.7598480708501671, 0.483569611412566]
,[0.7598480702598546, 0.48356961275171617]
,[0.7598480715125834, 0.48356961131886816]
,[0.759848070128608, 0.4835696126521142]
,[0.7598480715277771, 0.4835696114811175]
,[0.7598480722361319, 0.4835696113211764]
,[0.7598480720939793, 0.4835696112321649]
,[0.7598480709277875, 0.48356961150126176]
,[0.7598480712465765, 0.48356961236545243]
,[0.7598480708662652, 0.4835696117628467]
,[0.7598480708301923, 0.4835696123547245]
,[0.7598480704713032, 0.4835696112313638]
,[0.7598480711235053, 0.48356961283071154]
,[0.7598480701614786, 0.4835696113959566]
,[0.7598480709288541, 0.4835696127738281]
,[0.7598480704051604, 0.4835696124836875]
,[0.7598480704937021, 0.48356961322390163]
,[0.7598480705775028, 0.4835696123221372]
,[0.7598480716674565, 0.4835696120504606]
,[0.759848071532092, 0.4835696116351094]
,[0.7598480712801718, 0.4835696124247385]
,[0.7598480719360557, 0.4835696123304681]
,[0.7598480722085723, 0.48356961240223195]
,[0.7598480711879255, 0.48356961133456317]
,[0.7598480712701243, 0.4835696112719259]
,[0.7598480713605691, 0.48356961226664413]
,[0.7598480713811725, 0.4835696131795015]
,[0.7598480718653717, 0.48356961219815886]
,[0.7598480706463246, 0.48356961263510595]
,[0.7598480714565559, 0.48356961226247097]
,[0.7598480713062299, 0.4835696122073124]
,[0.7598480718193595, 0.4835696122451328]
,[0.7598480704733491, 0.4835696130188057]
,[0.7598480709086843, 0.483569612373747]
,[0.7598480720831723, 0.4835696123574964]
,[0.7598480707153432, 0.4835696113187403]
],"vol":[[0.6986724761539786, 0.5179052427838691]
,[0.6986724777484475, 0.5179052425003244]
,[0.6986724761917791, 0.517905242489999]
,[0.6986724761779649, 0.5179052435048072]
,[0.6986724763635034, 0.5179052432038836]
,[0.6986724772084242, 0.5179052421936008]
,[0.6986724764670844, 0.5179052416674266]
,[0.6986724775655094, 0.5179052431516413]
,[0.6986724777672796, 0.5179052416166259]
,[0.6986724771176053, 0.5179052418417721]
,[0.6986724779895814, 0.5179052422859243]
,[0.6986724766015496, 0.5179052425126858]
,[0.6986724773669086, 0.5179052431932469]
,[0.6986724772321686, 0.5179052422312128]
,[0.698672477266842, 0.5179052421394639]
,[0.6986724768213732, 0.5179052435550877]
,[0.6986724764220763, 0.5179052430662989]
,[0.6986724762484263, 0.5179052417059357]
,[0.6986724777466647, 0.5179052422403807]
,[0.6986724762478345, 0.5179052425446483]
,[0.6986724782386186, 0.5179052428368214]
,[0.6986724769451197, 0.5179052427328327]
,[0.6986724767594774, 0.5179052432342497]
,[0.6986724774533632, 0.5179052436330708]
,[0.6986724767536203, 0.517905243076383]
,[0.698672477840164, 0.5179052421238214]
,[0.6986724774240639, 0.5179052419010172]
,[0.698672478114842, 0.5179052435818738]
,[0.6986724779119136, 0.5179052430887262]
,[0.6986724766463192, 0.5179052417152896]
,[0.6986724765424801, 0.5179052425439598]
,[0.6986724778124282, 0.517905242672541]
,[0.6986724768802324, 0.5179052433790525]
,[0.6986724782190313, 0.5179052432820928]
,[0.6986724762766285, 0.5179052422664076]
,[0.6986724767672011, 0.5179052422144498]
,[0.698672477761704, 0.517905241791872]
,[0.6986724782102216, 0.5179052418055308]
,[0.6986724766131113, 0.5179052433252281]
,[0.6986724778227114, 0.5179052435368767]
]}