{
"parameters":[2, 2, 2, 2, 40, 40]
,"current_iter":21,"domain":[[-5.12, -5.12]
,[5.12, 5.12]
],"result":[9.476827691041455, 1.191333736606543, 13.327363424774468, 6.72684504393722, 2.23584456278253, 3.5387775748804735, 18.716683365186462, 17.689392009505948, 1.016551943657312, 4.371442016983057, 19.33445612642388, 0.9983543361387675, 4.455090705050555, 10.497900638983358, 18.133909663304642, 3.59997995009803, 1.51051745999286, 1.017868876849155, 15.85533039677022, 8.420968746331035, 10.689296645177487, 2.6857806180950057, 3.434124934587653, 20.589786988506283, 29.980523165951915, 8.189405063406308, 7.358459727248077, 14.345450671322238, 21.691483763559518, 7.329252391040713, 10.88196253891217, 7.66293238904921, 1.4276257086117319, 26.63409532693507, 12.998040749141587, 13.05497858298163, 16.725792792552408, 13.714847497363069, 23.164095849577684, 10.785658708413756]
,"population":[[5.12, 0.9230878274182986]
,[1.0316230408213012, -0.009419177866000482]
,[5.106253621472764, -0.39127262963508214]
,[1.1010119807245817, 1.925925743545901]
,[1.0192073211391128, 1.4288109875374528]
,[1.1082171309758373, -0.02091799854126095]
,[5.12, 1.937048082651639]
,[4.56626319761317, -1.3141850593652733]
,[0.9845743701552118, -0.0010826769195131803]
,[1.1334313612795825, 0.8778693735818995]
,[1.5318369937986038, -3.2926628642571063]
,[0.9908262999274657, 0.00022782179254898435]
,[3.321569838956019, -0.6145218986141925]
,[4.141437774073714, -1.6223956222209892]
,[2.039404997973238, 3.935041301813231]
,[1.0073184148862413, 1.8587006428485735]
,[2.593597567886758, -0.007667821352352987]
,[0.9867686418730973, -0.00696373464407205]
,[1.0276966525830393, -2.2775657245776593]
,[-0.19294246179096652, 0.0992608140088768]
,[1.1742463394726204, -0.609544648651907]
,[2.861874973857905, 2.144955484893339]
,[1.827234097387669, 0.1215794010708466]
,[-2.4251889777740576, 1.520979200609526]
,[1.2476967357005504, 5.12]
,[0.9013094591152099, 0.7327572540047957]
,[1.007409199968716, -0.3514002436754349]
,[1.8212268230814224, 1.760294875641783]
,[5.12, 1.0109704309197896]
,[2.153212645332472, 1.0432985996032578]
,[0.8225347003320629, -0.158862259129209]
,[-0.9098998352488674, 0.21513299717689]
,[5.106854664139284, -0.028710133916599188]
,[4.542422914075226, -0.14030180231910955]
,[2.743762122943258, -3.5277837208974314]
,[2.8505320484181826, -5.12]
,[3.65459374212534, 1.803977673845667]
,[1.8935315030475026, -5.12]
,[5.095120744722443, 5.12]
,[2.252757404041686, 2.878111292057412]
],"den":[[0.35426470059727466, 0.4589962735718923]
,[0.3542647011639845, 0.4589962745155558]
,[0.354264701499741, 0.4589962740241106]
,[0.354264701414857, 0.4589962738207535]
,[0.3542647012582878, 0.45899627386136593]
,[0.3542647027890743, 0.45899627310068747]
,[0.35426470296266255, 0.458996274958714]
,[0.3542647016464409, 0.4589962737161127]
,[0.3542647019127819, 0.45899627345802835]
,[0.354264700935199, 0.4589962739630677]
,[0.3542647008993006, 0.45899627414226324]
,[0.354264700826496, 0.45899627374774626]
,[0.3542647018637732, 0.45899627409246085]
,[0.354264702278031, 0.4589962738888407]
,[0.3542647007299177, 0.45899627312851365]
,[0.35426470184260545, 0.45899627284644523]
,[0.35426470073788574, 0.45899627445659114]
,[0.35426470154806106, 0.4589962734003611]
,[0.3542647019351149, 0.4589962732349433]
,[0.354264700576259, 0.4589962740959497]
,[0.35426470232706064, 0.4589962731749088]
,[0.3542647023550086, 0.45899627271388066]
,[0.3542647022720665, 0.4589962750799778]
,[0.3542647011775533, 0.4589962744459516]
,[0.3542647014487334, 0.45899627493808853]
,[0.3542647022747937, 0.45899627368692414]
,[0.35426470059700493, 0.45899627276135685]
,[0.3542647014824357, 0.4589962743539894]
,[0.35426470110110936, 0.4589962735916312]
,[0.35426470265365095, 0.45899627339830495]
,[0.3542647029004051, 0.4589962743235993]
,[0.35426470187888387, 0.4589962728148912]
,[0.35426470142331706, 0.45899627331005477]
,[0.354264702807574, 0.45899627408069443]
,[0.35426470069043997, 0.4589962743952705]
,[0.3542647005587826, 0.4589962743470501]
,[0.35426470273356536, 0.45899627379895885]
,[0.3542647021399956, 0.45899627439563156]
,[0.35426470069313787, 0.4589962746430401]
,[0.35426470211501254, 0.4589962740839315]
],"vol":[[0.40577019040026935, 0.4888490545645008]
,[0.40577018933371545, 0.48884905500645753]
,[0.40577018925722025, 0.4888490550943129]
,[0.40577018901137674, 0.48884905478181157]
,[0.405770188498781, 0.4888490567115889]
,[0.4057701903217183, 0.488849055620322]
,[0.4057701898660144, 0.4888490561696064]
,[0.4057701899117032, 0.4888490565442122]
,[0.4057701884971003, 0.48884905469255574]
,[0.40577019062760844, 0.48884905454810457]
,[0.40577018816903704, 0.48884905534885004]
,[0.405770190558595, 0.48884905436630777]
,[0.40577018963298345, 0.48884905603127043]
,[0.4057701901214216, 0.4888490557433078]
,[0.4057701892594697, 0.488849054932287]
,[0.40577018985287455, 0.4888490567509481]
,[0.40577018971090867, 0.4888490549199754]
,[0.4057701884978521, 0.4888490562097899]
,[0.40577019058920644, 0.48884905522377753]
,[0.4057701904365409, 0.48884905681952745]
,[0.40577018909010004, 0.48884905635279524]
,[0.40577018833690387, 0.4888490565400323]
,[0.4057701895281267, 0.4888490559709431]
,[0.40577019006823534, 0.4888490568062614]
,[0.40577019005311155, 0.4888490560742252]
,[0.4057701890019794, 0.48884905506672166]
,[0.4057701892118177, 0.4888490547452948]
,[0.4057701884299528, 0.488849054819536]
,[0.40577019013346316, 0.4888490557150548]
,[0.40577018855767677, 0.4888490547684105]
,[0.40577019020377036, 0.48884905518607963]
,[0.40577018900513134, 0.4888490559193839]
,[0.4057701905345157, 0.48884905607818413]
,[0.4057701895055803, 0.48884905589710703]
,[0.4057701889396546, 0.48884905621570723]
,[0.4057701886171908, 0.48884905520780203]
,[0.4057701894106997, 0.4888490560971968]
,[0.4057701886375778, 0.4888490559882304]
,[0.40577018972512213, 0.4888490565696198]
,[0.40577018906361706, 0.4888490548591727]
]}