{
"parameters":[2, 2, 2, 2, 40, 40]
,"current_iter":25,"domain":[[-5.12, -5.12]
,[5.12, 5.12]
],"result":[9.476827691041455, 1.0277863568567334, 13.327363424774468, 4.979700006645793, 2.23584456278253, 2.7654548930426426, 18.716683365186462, 17.689392009505948, 0.9962666004747227, 2.9298806931636587, 19.33445612642388, 0.9952703794769135, 4.455090705050555, 10.497900638983358, 18.133909663304642, 3.59997995009803, 1.51051745999286, 1.0000065140399794, 15.85533039677022, 6.117467242851193, 10.689296645177487, 2.6857806180950057, 3.434124934587653, 15.03785706760222, 23.410382662014207, 2.5459581676104204, 7.358459727248077, 14.345450671322238, 8.504797811130782, 7.329252391040713, 10.356233606559305, 4.0484300033590905, 1.4276257086117319, 17.574309642925904, 12.998040749141587, 13.05497858298163, 11.913553898905768, 13.714847497363069, 23.164095849577684, 8.36855746707531]
,"population":[[3.7314722554536592, 0.8398349581848875]
,[0.9821887605238079, 0.001644018092431318]
,[2.034657434447004, -0.5021805082768902]
,[0.9899822104122193, -1.989838486475249]
,[2.0747137962612134, 1.549249841309453]
,[1.0923470438440048, -0.03157884042502152]
,[5.12, 0.7265751374415226]
,[2.3101688249390246, -2.603814644976806]
,[0.997345645254692, 0.000946019575674915]
,[1.0612691700836772, 0.07416368332796187]
,[2.5978872944220583, -2.2400767504863013]
,[0.9961828062804791, 0.0002669704842249397]
,[1.4707780524721652, -0.8294274807247899]
,[3.640622830140653, -0.8504974502715202]
,[2.4611849469270473, 0.23039830164331476]
,[1.00012727057506, 0.7139942921667307]
,[1.5589467485580695, -0.003971188701047048]
,[0.9972889509380037, 0.008739464004165476]
,[4.432657969689692, -1.617277644046092]
,[1.036705529183483, -0.16206398368592942]
,[1.358724947121413, -0.470920099128364]
,[2.1817009458661616, 0.29877401078788435]
,[2.529903540334896, 0.020362058976895275]
,[2.6219643363895195, -0.21956413745166586]
,[2.9706345952212576, 1.7271133780790042]
,[0.9974852750307182, -0.5493481237134344]
,[1.5648680799098087, -0.13007890522152374]
,[2.421499995789765, 2.661858436782329]
,[1.812907191430531, 1.2443137223997063]
,[2.8113645611953544, 1.637656222729832]
,[0.9527561702434887, -0.3204410792409117]
,[0.8699132304319008, 0.025937632754975404]
,[3.3106599828996846, -0.0023378077251665335]
,[-2.3350174922450955, 0.09000922070488102]
,[5.12, -2.1204787346552063]
,[1.4946716299022487, -2.561513382968425]
,[2.2008169796956243, 0.023704042598966732]
,[1.7358278956747537, -1.6574366498344526]
,[1.3469226764353184, 2.4284018107280616]
,[0.9287339588697656, -0.22106866451004475]
],"den":[[0.35426470088031375, 0.458996273733365]
,[0.3542647008803803, 0.45899627373347585]
,[0.3542647008804197, 0.4589962737334181]
,[0.3542647008804098, 0.45899627373339424]
,[0.35426470088039136, 0.458996273733399]
,[0.35426470088057116, 0.45899627373330965]
,[0.3542647008805916, 0.45899627373352786]
,[0.35426470088043693, 0.4589962737333819]
,[0.35426470088046824, 0.4589962737333516]
,[0.3542647008803534, 0.45899627373341095]
,[0.3542647008803492, 0.458996273733432]
,[0.3542647008803407, 0.45899627373338564]
,[0.35426470088046247, 0.4589962737334261]
,[0.35426470088051115, 0.45899627373340224]
,[0.3542647008803293, 0.4589962737333129]
,[0.35426470088045997, 0.4589962737332798]
,[0.35426470088033024, 0.4589962737334689]
,[0.3542647008804254, 0.45899627373334484]
,[0.35426470088047085, 0.4589962737333254]
,[0.35426470088031126, 0.45899627373342655]
,[0.3542647008805169, 0.45899627373331836]
,[0.3542647008805202, 0.4589962737332642]
,[0.35426470088051043, 0.4589962737335421]
,[0.35426470088038187, 0.45899627373346763]
,[0.35426470088041373, 0.4589962737335255]
,[0.35426470088051076, 0.4589962737333785]
,[0.3542647008803137, 0.4589962737332698]
,[0.35426470088041767, 0.45899627373345686]
,[0.35426470088037293, 0.4589962737333673]
,[0.35426470088055523, 0.4589962737333446]
,[0.35426470088058426, 0.45899627373345325]
,[0.35426470088046425, 0.45899627373327606]
,[0.35426470088041073, 0.45899627373333424]
,[0.3542647008805733, 0.4589962737334248]
,[0.3542647008803247, 0.4589962737334617]
,[0.3542647008803092, 0.45899627373345603]
,[0.35426470088056466, 0.45899627373339164]
,[0.35426470088049494, 0.45899627373346175]
,[0.35426470088032497, 0.4589962737334908]
,[0.354264700880492, 0.4589962737334251]
],"vol":[[0.405770190456393, 0.48884905438250237]
,[0.4057701904562677, 0.48884905438255427]
,[0.40577019045625873, 0.4888490543825646]
,[0.40577019045622986, 0.4888490543825279]
,[0.40577019045616963, 0.48884905438275456]
,[0.4057701904563838, 0.4888490543826264]
,[0.4057701904563302, 0.4888490543826909]
,[0.4057701904563356, 0.4888490543827349]
,[0.40577019045616947, 0.4888490543825174]
,[0.4057701904564197, 0.4888490543825004]
,[0.40577019045613094, 0.4888490543825945]
,[0.4057701904564116, 0.4888490543824791]
,[0.40577019045630286, 0.4888490543826747]
,[0.40577019045636026, 0.4888490543826408]
,[0.405770190456259, 0.48884905438254556]
,[0.4057701904563287, 0.48884905438275916]
,[0.405770190456312, 0.4888490543825441]
,[0.4057701904561696, 0.4888490543826956]
,[0.4057701904564152, 0.4888490543825798]
,[0.4057701904563973, 0.48884905438276727]
,[0.40577019045623913, 0.4888490543827124]
,[0.40577019045615065, 0.4888490543827344]
,[0.40577019045629054, 0.48884905438266757]
,[0.405770190456354, 0.48884905438276566]
,[0.4057701904563522, 0.4888490543826797]
,[0.40577019045622875, 0.4888490543825614]
,[0.4057701904562534, 0.48884905438252363]
,[0.4057701904561616, 0.48884905438253234]
,[0.40577019045636165, 0.4888490543826375]
,[0.40577019045617657, 0.4888490543825263]
,[0.4057701904563699, 0.48884905438257537]
,[0.40577019045622914, 0.4888490543826615]
,[0.4057701904564088, 0.48884905438268017]
,[0.4057701904562879, 0.4888490543826589]
,[0.4057701904562215, 0.4888490543826963]
,[0.40577019045618357, 0.4888490543825779]
,[0.40577019045627677, 0.4888490543826824]
,[0.40577019045618595, 0.4888490543826696]
,[0.40577019045631374, 0.4888490543827379]
,[0.405770190456236, 0.488849054382537]
]}