{
"parameters":[2, 2, 2, 2, 40, 40]
,"current_iter":23,"domain":[[-5.12, -5.12]
,[5.12, 5.12]
],"result":[9.476827691041455, 1.191333736606543, 13.327363424774468, 6.72684504393722, 2.23584456278253, 2.7654548930426426, 18.716683365186462, 17.689392009505948, 0.9962666004747227, 4.371442016983057, 19.33445612642388, 0.9983543361387675, 4.455090705050555, 10.497900638983358, 18.133909663304642, 3.59997995009803, 1.51051745999286, 1.0000065140399794, 15.85533039677022, 8.420968746331035, 10.689296645177487, 2.6857806180950057, 3.434124934587653, 15.03785706760222, 29.980523165951915, 2.5459581676104204, 7.358459727248077, 14.345450671322238, 8.504797811130782, 7.329252391040713, 10.356233606559305, 7.66293238904921, 1.4276257086117319, 26.63409532693507, 12.998040749141587, 13.05497858298163, 16.725792792552408, 13.714847497363069, 23.164095849577684, 10.785658708413756]
,"population":[[3.5188985582930967, 1.639439707820902]
,[1.044706410977506, -0.02488589231220425]
,[5.12, -1.2834720099195023]
,[1.095672811656947, 1.3480854022004312]
,[2.494239419015661, 0.4808375465175091]
,[1.116714199812691, -0.011657677002318251]
,[2.395616809247182, 0.6681707741819333]
,[1.7345905357795852, -2.840212100399791]
,[0.997345645254692, 0.000946019575674915]
,[1.0236440041369017, 0.26837029659577744]
,[1.2005109062059742, -2.8459291446665307]
,[1.008179943102261, 0.0023157371827686826]
,[3.4625456408602355, -0.36611178986647575]
,[1.8937334972724353, -1.383693814875298]
,[1.4012957227498468, 2.5270678090103287]
,[0.9993859867975307, 1.4181983295556955]
,[2.163823990572707, 0.000720225235929045]
,[0.9974842343924066, -0.0043665352874409065]
,[2.6940632274191674, -1.8673899082196574]
,[2.9202210171740903, -0.144328437633008]
,[1.4072254675604003, -1.3430004014510826]
,[1.6979449186688087, 0.2360229402243277]
,[2.3867017640816246, 0.09683041955172081]
,[-0.07508187636280073, 1.2866812326648283]
,[1.6113456421107486, 5.12]
,[0.9968704237510265, 1.048029651818735]
,[2.1653418386681595, -0.293475411815673]
,[1.363466501812345, 0.6936386598644038]
,[0.08115734053831414, -0.8056026350450183]
,[1.2488701459725926, 1.9812951838824204]
,[0.9467651289909781, -0.2982035515345365]
,[-0.6427601163955092, 0.2054610532294656]
,[3.2274361009056896, -0.020252473187304585]
,[5.12, -0.6094447603653876]
,[5.12, -0.8741299969682355]
,[1.1830243120736847, -2.990220692025707]
,[3.843712346667316, 3.5862109878177497]
,[1.846799741423116, -5.12]
,[1.0914396318680537, 5.12]
,[2.7123570638871177, 1.0353498876977962]
],"den":[[0.3542647008784535, 0.458996273733526]
,[0.35426470087932144, 0.4589962737349712]
,[0.3542647008798357, 0.4589962737342186]
,[0.3542647008797057, 0.4589962737339071]
,[0.3542647008794659, 0.45899627373396934]
,[0.3542647008818103, 0.4589962737328043]
,[0.3542647008820761, 0.45899627373564994]
,[0.35426470088006035, 0.45899627373374685]
,[0.35426470088046824, 0.4589962737333516]
,[0.35426470087897105, 0.4589962737341251]
,[0.3542647008789161, 0.45899627373439955]
,[0.3542647008788046, 0.4589962737337953]
,[0.3542647008803932, 0.4589962737343233]
,[0.3542647008810276, 0.4589962737340114]
,[0.3542647008786567, 0.45899627373284696]
,[0.35426470088036077, 0.45899627373241497]
,[0.3542647008786689, 0.45899627373488094]
,[0.3542647008799097, 0.4589962737332633]
,[0.35426470088050244, 0.45899627373300994]
,[0.3542647008784213, 0.4589962737343286]
,[0.35426470088110273, 0.458996273732918]
,[0.35426470088114553, 0.45899627373221197]
,[0.35426470088101847, 0.4589962737358356]
,[0.35426470087934225, 0.4589962737348646]
,[0.35426470087975753, 0.45899627373561835]
,[0.3542647008810227, 0.45899627373370216]
,[0.35426470087845313, 0.45899627373228463]
,[0.35426470087980916, 0.4589962737347238]
,[0.3542647008792252, 0.4589962737335562]
,[0.3542647008816029, 0.45899627373326013]
,[0.3542647008819808, 0.4589962737346772]
,[0.35426470088041634, 0.4589962737323666]
,[0.3542647008797186, 0.458996273733125]
,[0.35426470088183865, 0.45899627373430524]
,[0.3542647008785962, 0.458996273734787]
,[0.35426470087839457, 0.45899627373471313]
,[0.3542647008817253, 0.45899627373387375]
,[0.35426470088081624, 0.4589962737347876]
,[0.35426470087860035, 0.4589962737351665]
,[0.35426470088077794, 0.4589962737343102]
],"vol":[[0.4057701904590842, 0.4888490543823213]
,[0.4057701904574508, 0.48884905438299814]
,[0.4057701904573336, 0.4888490543831327]
,[0.40577019045695706, 0.4888490543826541]
,[0.405770190456172, 0.4888490543856096]
,[0.4057701904589639, 0.4888490543839383]
,[0.40577019045826596, 0.48884905438477955]
,[0.40577019045833596, 0.48884905438535325]
,[0.40577019045616947, 0.4888490543825174]
,[0.40577019045943236, 0.4888490543822962]
,[0.40577019045566703, 0.48884905438352255]
,[0.40577019045932666, 0.48884905438201776]
,[0.4057701904579091, 0.48884905438456766]
,[0.40577019045865714, 0.4888490543841266]
,[0.40577019045733703, 0.48884905438288456]
,[0.40577019045824586, 0.48884905438566983]
,[0.4057701904580284, 0.4888490543828657]
,[0.40577019045617063, 0.48884905438484105]
,[0.40577019045937357, 0.488849054383331]
,[0.40577019045913976, 0.4888490543857749]
,[0.40577019045707763, 0.4888490543850601]
,[0.4057701904559241, 0.4888490543853468]
,[0.4057701904577485, 0.4888490543844753]
,[0.40577019045857565, 0.4888490543857546]
,[0.4057701904585525, 0.48884905438463344]
,[0.4057701904569427, 0.48884905438309045]
,[0.40577019045726404, 0.4888490543825982]
,[0.4057701904560666, 0.48884905438271187]
,[0.4057701904586756, 0.4888490543840834]
,[0.4057701904562622, 0.4888490543826336]
,[0.40577019045878326, 0.48884905438327325]
,[0.4057701904569475, 0.4888490543843963]
,[0.4057701904592898, 0.4888490543846395]
,[0.40577019045771395, 0.4888490543843622]
,[0.40577019045684726, 0.48884905438485016]
,[0.4057701904563534, 0.4888490543833065]
,[0.4057701904575687, 0.48884905438466864]
,[0.4057701904563846, 0.48884905438450177]
,[0.4057701904580502, 0.48884905438539217]
,[0.4057701904570371, 0.4888490543827726]
]}