{
"parameters":[2, 2, 2, 2, 20, 60]
,"current_iter":54,"domain":[[-5.12, -5.12]
,[5.12, 5.12]
],"result":[2.031276592262543E-06, 1.2752522753345374E-06, 1.298783846692686E-06, 1.3341798723587317E-06, 2.387644702395164E-06, 1.4889445765220444E-06, 0.0001392834424205347, 0.0038710680137281628, 2.1833422163552996E-06, 1.5715140371241887E-06, 1.5229208441641173, 1.897629356172068, 1.5115308062974009E-06, 7.843319057622942, 1.0425201621128632, 0.0007792042651750819, 11.938344363064477, 0.008770232301728242, 2.179488165054977E-06, 5.035896589443837]
,"population":[[-8.730746694897526E-05, -5.114786415329641E-05]
,[-7.061488341054843E-05, -3.796679482184937E-05]
,[6.139174816208897E-05, -5.270297858935835E-05]
,[-8.059577905124902E-05, -1.514218127151555E-05]
,[-8.496858626575325E-05, -6.939249985015035E-05]
,[-8.501040975594715E-05, -1.6682045925319795E-05]
,[-8.161374599952277E-05, -0.0008339078227933526]
,[-0.004198243331159412, -0.0013740418723865327]
,[-8.206063658470086E-05, -6.535472505759634E-05]
,[-8.482029834517004E-05, -2.6958685622814573E-05]
,[0.3164241160924661, -0.018876305955991986]
,[-0.1492109997696283, -0.0053681598729423295]
,[-7.725819988378148E-05, -4.0621144274657626E-05]
,[0.2816521001407989, -0.32673706969581773]
,[-0.004432920901921688, 0.25661534588945945]
,[3.146050806041026E-05, 0.0019815797200368997]
,[-0.2670776918917765, -0.06376784315126073]
,[0.003855870241122261, 0.005416859713217869]
,[-8.50344199042974E-05, -6.127731366879338E-05]
,[0.11287111872134016, 0.3707083349677329]
],"den":[[0.6500459682584158, 0.721414594261852]
,[0.6500459682584158, 0.721414594261852]
,[0.6500459682584158, 0.721414594261852]
,[0.6500459682584158, 0.721414594261852]
,[0.6500459682584158, 0.721414594261852]
,[0.6500459682584158, 0.721414594261852]
,[0.6500459682584158, 0.721414594261852]
,[0.6500459682584158, 0.721414594261852]
,[0.6500459682584158, 0.721414594261852]
,[0.6500459682584158, 0.721414594261852]
,[0.6500459682584158, 0.721414594261852]
,[0.6500459682584158, 0.721414594261852]
,[0.6500459682584158, 0.721414594261852]
,[0.6500459682584158, 0.721414594261852]
,[0.6500459682584158, 0.721414594261852]
,[0.6500459682584158, 0.721414594261852]
,[0.6500459682584158, 0.721414594261852]
,[0.6500459682584158, 0.721414594261852]
,[0.6500459682584158, 0.721414594261852]
,[0.6500459682584158, 0.721414594261852]
],"vol":[[0.2138710269197674, 0.46184207816260037]
,[0.2138710269197674, 0.46184207816260037]
,[0.2138710269197674, 0.46184207816260037]
,[0.2138710269197674, 0.46184207816260037]
,[0.2138710269197674, 0.46184207816260037]
,[0.2138710269197674, 0.46184207816260037]
,[0.2138710269197674, 0.46184207816260037]
,[0.2138710269197674, 0.46184207816260037]
,[0.2138710269197674, 0.46184207816260037]
,[0.2138710269197674, 0.46184207816260037]
,[0.2138710269197674, 0.46184207816260037]
,[0.2138710269197674, 0.46184207816260037]
,[0.2138710269197674, 0.46184207816260037]
,[0.2138710269197674, 0.46184207816260037]
,[0.2138710269197674, 0.46184207816260037]
,[0.2138710269197674, 0.46184207816260037]
,[0.2138710269197674, 0.46184207816260037]
,[0.2138710269197674, 0.46184207816260037]
,[0.2138710269197674, 0.46184207816260037]
,[0.2138710269197674, 0.46184207816260037]
]}