{
"parameters":[2, 2, 2, 2, 20, 60]
,"current_iter":45,"domain":[[-5.12, -5.12]
,[5.12, 5.12]
],"result":[13.83682290863748, 0.08009550634308837, 9.36711086701591, 0.6027653827637423, 0.07020829493581893, 0.061488293468059396, 21.10553951495048, 3.6423389053117567, 0.12885792276517094, 0.059488099927822446, 1.5229208441641173, 1.897629356172068, 0.06166116099659469, 7.843319057622942, 1.0425201621128632, 5.9096249195956325, 19.2253800430124, 5.131191207127552, 15.490397138767126, 5.035896589443837]
,"population":[[0.20155144561495364, 0.8132061684697905]
,[0.01548951828358311, -0.012809159854972928]
,[-0.4207439337557485, -0.06235669376576737]
,[0.04840224770573748, -0.04346339850168218]
,[0.01365755348504478, -0.012944633818120629]
,[0.0074884806886474625, -0.015939804916166297]
,[-2.087788686277436, 0.4639418441762414]
,[-0.08164694865087753, -0.9083181951523573]
,[0.007193193650073331, -0.024473485043102913]
,[0.013149053251392751, -0.011274052968948142]
,[0.9955922107215341, -0.07152596491871938]
,[-0.6535108594547605, -0.025191860811185615]
,[0.01731431926539046, 0.0033635342774900896]
,[0.30147602983617605, -1.043886618310207]
,[0.017348672127599336, 0.353831319162479]
,[1.5426341761387135, 0.3893558863009146]
,[-0.32654613535170673, -0.7856414151541969]
,[-0.0022715966044026797, -0.4123556302491981]
,[0.001208916249599538, -0.6658050436490448]
,[1.1702045030387664, 1.016061126209834]
],"den":[[0.6500459682584158, 0.721414594261852]
,[0.6500459682584158, 0.721414594261852]
,[0.6500459682584158, 0.721414594261852]
,[0.6500459682584158, 0.721414594261852]
,[0.6500459682584158, 0.721414594261852]
,[0.6500459682584158, 0.721414594261852]
,[0.6500459682584158, 0.721414594261852]
,[0.6500459682584158, 0.721414594261852]
,[0.6500459682584158, 0.721414594261852]
,[0.6500459682584158, 0.721414594261852]
,[0.6500459682584158, 0.721414594261852]
,[0.6500459682584158, 0.721414594261852]
,[0.6500459682584158, 0.721414594261852]
,[0.6500459682584158, 0.721414594261852]
,[0.6500459682584158, 0.721414594261852]
,[0.6500459682584158, 0.721414594261852]
,[0.6500459682584158, 0.721414594261852]
,[0.6500459682584158, 0.721414594261852]
,[0.6500459682584158, 0.721414594261852]
,[0.6500459682584158, 0.721414594261852]
],"vol":[[0.2138710269197674, 0.46184207816260037]
,[0.2138710269197674, 0.46184207816260037]
,[0.2138710269197674, 0.46184207816260037]
,[0.2138710269197674, 0.46184207816260037]
,[0.2138710269197674, 0.46184207816260037]
,[0.2138710269197674, 0.46184207816260037]
,[0.2138710269197674, 0.46184207816260037]
,[0.2138710269197674, 0.46184207816260037]
,[0.2138710269197674, 0.46184207816260037]
,[0.2138710269197674, 0.46184207816260037]
,[0.2138710269197674, 0.46184207816260037]
,[0.2138710269197674, 0.46184207816260037]
,[0.2138710269197674, 0.46184207816260037]
,[0.2138710269197674, 0.46184207816260037]
,[0.2138710269197674, 0.46184207816260037]
,[0.2138710269197674, 0.46184207816260037]
,[0.2138710269197674, 0.46184207816260037]
,[0.2138710269197674, 0.46184207816260037]
,[0.2138710269197674, 0.46184207816260037]
,[0.2138710269197674, 0.46184207816260037]
]}