{
"parameters":[2, 2, 2, 2, 40, 40]
,"current_iter":3,"domain":[[-5.12, -5.12]
,[5.12, 5.12]
],"result":[47.174858284032524, 32.33673161699805, 18.017953806555496, 19.24459705813578, 10.75092751563728, 9.388355459988293, 27.17724955779783, 36.28474462516453, 26.296213533289073, 9.133210275997225, 38.62584280513349, 11.652987536959301, 23.95502563416463, 18.74211228773701, 23.435946322972878, 33.521476607265434, 31.68057586234947, 32.905367779236485, 33.93113250229559, 44.66240058787761, 23.843166107649214, 10.102387056023758, 40.14458313933423, 20.07557995883365, 30.291474270373243, 17.885913955304652, 21.219149137009527, 24.352783656651997, 30.89168297948668, 14.04532550101997, 33.92634750707753, 7.37210905973099, 27.84560477434018, 29.94418857278131, 44.484212832669456, 29.925066656610905, 27.018111468831773, 29.228295750732332, 10.99448607885413, 26.611694320217282]
,"population":[[5.12, 2.324252974220787]
,[5.12, 0.2967640226955771]
,[4.018941625873103, 5.12]
,[-0.4366598826884296, 4.990524269787004]
,[2.158484011932866, -0.08897554276781806]
,[-3.7552217374190486, -2.8590730759928213]
,[-0.8132542591099474, 3.8189485965462593]
,[5.12, -5.12]
,[5.12, -4.202975431493221]
,[-0.7495120177144878, -3.602882261356447]
,[1.259931656690335, -5.12]
,[0.002223321631880104, -1.3172261911352006]
,[5.12, 5.12]
,[-5.12, -2.5464420898500637]
,[5.12, 5.12]
,[2.1986002247827767, 3.327996115912569]
,[-0.6902510715540782, -1.6713286092351316]
,[4.749716703385284, -5.12]
,[-5.12, -1.916918608689672]
,[1.3156138599189506, -5.12]
,[5.12, -5.12]
,[-1.297765770924915, 2.41122631697247]
,[-5.12, 5.12]
,[-1.2351959704582147, -5.12]
,[5.12, 5.12]
,[2.1786229609520817, -0.208664190414094]
,[0.5145673857861581, -1.7723056482194317]
,[2.142245111997412, 5.12]
,[-2.8816042755465894, -1.6191862200944964]
,[3.2264345645749715, 5.12]
,[0.8468285465324739, 5.12]
,[5.12, 1.3839049788125957]
,[2.4521332765475976, 5.12]
,[5.12, 4.570205965677319]
,[5.12, 5.12]
,[1.5259140500599435, -1.5584369004194474]
,[-3.3964245993017617, -5.12]
,[-5.12, -1.9996487729078227]
,[-5.12, -5.12]
,[1.8112333745440026, 0.3722044264555557]
],"den":[[0.7291936533391217, 0.44668985235664055]
,[0.8118557625684366, 0.5544297356807804]
,[0.6964245630274709, 0.4975543127297852]
,[0.7425622887938498, 0.45995095936633584]
,[0.735948535378083, 0.4498375028725219]
,[0.6922479758890581, 0.5489741571778182]
,[0.7849868942372727, 0.44290109555902374]
,[0.6825318493039617, 0.5416006658599896]
,[0.7861116835732167, 0.4549123369727436]
,[0.838550857011376, 0.44307196728007175]
,[0.8280273597311268, 0.4364824918835896]
,[0.7416947320755979, 0.45640360747672193]
,[0.7652945310026366, 0.5203792323234023]
,[0.737140263351, 0.47576861565204065]
,[0.7344698084924995, 0.519585047700404]
,[0.7079014193289067, 0.43642319332223856]
,[0.7561836264930375, 0.5548221446693891]
,[0.6849652458709061, 0.44860791881015516]
,[0.7417736952141747, 0.5506110895984752]
,[0.703004892968012, 0.529132122783996]
,[0.7095595917176549, 0.5839298226170229]
,[0.7157633288667803, 0.5171726262479872]
,[0.7964520746472109, 0.49706053803136624]
,[0.7864311058993595, 0.46631228295639005]
,[0.7677815789731842, 0.5247681559329267]
,[0.8163363505334794, 0.5177893588783317]
,[0.8365106253863336, 0.5231020061973599]
,[0.7609526270964616, 0.44406298649045417]
,[0.7670377661320503, 0.43942597891205004]
,[0.7737333490194456, 0.5130645002051987]
,[0.7752586110666008, 0.5806428983081264]
,[0.8111036470238183, 0.5079945694316125]
,[0.7208581685463841, 0.5403415563952821]
,[0.780839204698742, 0.5127555662162213]
,[0.7697106414583277, 0.5086722031806398]
,[0.8076973938403834, 0.5114720271330522]
,[0.7080528773456503, 0.5687466672710354]
,[0.7402805302716847, 0.5209932785798105]
,[0.8272273220479063, 0.5197902502913396]
,[0.7259675789528927, 0.4428916305135836]
],"vol":[[0.673518614463358, 0.5187819939691073]
,[0.7915564012274815, 0.497791318680178]
,[0.6763169634882692, 0.4970269369307153]
,[0.6752943133089816, 0.572152704319481]
,[0.689029638016839, 0.5498754722494643]
,[0.7515787282346303, 0.4750847214193778]
,[0.6966976886746926, 0.4361322890908013]
,[0.7780135743373567, 0.5460080002894889]
,[0.792950522829902, 0.43237153547631363]
,[0.7448554474937139, 0.4490390058056942]
,[0.8094074199619123, 0.48191937821370345]
,[0.7066520882499832, 0.49870642678558336]
,[0.7633112489166314, 0.5490880448308608]
,[0.7533365204426242, 0.47786911386266767]
,[0.7559033653207239, 0.4710769855251361]
,[0.7229255239279009, 0.5758749470696415]
,[0.6933657599109485, 0.5396901485211413]
,[0.680510530972942, 0.43898309217594855]
,[0.7914244129324305, 0.4785478148738704]
,[0.6804667162217748, 0.5010725947868541]
,[0.827843526051939, 0.5227020325679514]
,[0.7320864142454564, 0.515003795849353]
,[0.7183434071150802, 0.5521234614021332]
,[0.7697114511589356, 0.5816480003872967]
,[0.7179098011685334, 0.5404366605904942]
,[0.7983461161240468, 0.46991897884453654]
,[0.7675424259207826, 0.4534248850447957]
,[0.8186804031114561, 0.5778579106663944]
,[0.8036577111783595, 0.5413504248435363]
,[0.7099663516034178, 0.4396755702366709]
,[0.7022791941456642, 0.5010216252035394]
,[0.7962928592339222, 0.5105404355898908]
,[0.7272828326470456, 0.5628431466409545]
,[0.8263934908366802, 0.5556652579885364]
,[0.6825983320324948, 0.480474566867976]
,[0.7189151867901447, 0.4766281609325969]
,[0.7925377704930334, 0.4453449264939056]
,[0.8257413101190347, 0.44635607086535467]
,[0.7075079844319336, 0.5588585570777498]
,[0.7970541151280099, 0.5745268000610084]
]}