{
"parameters":[2, 2, 2, 2, 40, 40]
,"current_iter":24,"domain":[[-5.12, -5.12]
,[5.12, 5.12]
],"result":[9.476827691041455, 1.171534806393506, 13.327363424774468, 5.6799541269777185, 2.23584456278253, 2.7654548930426426, 18.716683365186462, 17.689392009505948, 0.9962666004747227, 4.371442016983057, 19.33445612642388, 0.9976579173043358, 4.455090705050555, 10.497900638983358, 18.133909663304642, 3.59997995009803, 1.51051745999286, 1.0000065140399794, 15.85533039677022, 8.420968746331035, 10.689296645177487, 2.6857806180950057, 3.434124934587653, 15.03785706760222, 29.980523165951915, 2.5459581676104204, 7.358459727248077, 14.345450671322238, 8.504797811130782, 7.329252391040713, 10.356233606559305, 7.66293238904921, 1.4276257086117319, 17.574309642925904, 12.998040749141587, 13.05497858298163, 16.725792792552408, 13.714847497363069, 23.164095849577684, 8.36855746707531]
,"population":[[1.0323562786347458, 0.28298888401525846]
,[1.0148805865094241, -0.022229275132720914]
,[5.12, -1.49586439310074]
,[1.0058613049444456, 1.9306680413547077]
,[1.6691615016196817, 1.2227120446488648]
,[1.1386468747357994, -0.006969819189860419]
,[5.12, 1.3353824709979396]
,[5.12, -0.04593867892112091]
,[0.997345645254692, 0.000946019575674915]
,[1.1402445578688847, 1.3604390264949633]
,[2.5729274358364904, -4.887830679366054]
,[0.9981082592151861, 0.0019201063107344386]
,[3.550412903467793, -1.532337015960253]
,[1.4911655469701155, -0.18259828877945125]
,[2.768567748837235, 1.1514517510194022]
,[1.0265753764681813, 1.6390231615330224]
,[2.439435902702167, -2.578987707574636E-05]
,[0.9973042255489928, 0.009838603742910571]
,[2.3306780609786926, -1.472873297073683]
,[2.1367412088096476, -0.05075218417807309]
,[1.2513646923736537, -0.8076373491941921]
,[1.1044097138275417, 1.222429017992951]
,[1.454846016059257, 0.002878274658605434]
,[2.3093031270985116, -0.4481248418337449]
,[1.1696561761793578, 5.12]
,[0.9977019810011428, -1.2678941529723395]
,[2.5222299770748613, -0.13233343684735]
,[2.5448839075876153, 2.9644735469725556]
,[1.709878219113918, 1.1387606187473998]
,[1.2258489516955804, 0.5734771810006061]
,[0.9652939454593076, -0.35219261523100237]
,[-0.5878506461932027, 0.026772196991962403]
,[3.750410682171603, -0.0006002449184470939]
,[3.1666134623321973, -0.11589822708136785]
,[5.12, -3.3403259150473854]
,[2.0749608425716946, -3.2607476377577913]
,[4.4893575832325965, 3.7249512439696457]
,[1.3405843765225227, -5.12]
,[3.1837993152454187, 5.12]
,[2.0341073352801473, 0.14719626450819087]
],"den":[[0.3542647008800137, 0.45899627373339097]
,[0.3542647008802095, 0.458996273733717]
,[0.3542647008803255, 0.45899627373354723]
,[0.3542647008802962, 0.45899627373347696]
,[0.3542647008802421, 0.458996273733491]
,[0.354264700880771, 0.45899627373322816]
,[0.354264700880831, 0.45899627373387014]
,[0.3542647008803762, 0.45899627373344076]
,[0.35426470088046824, 0.4589962737333516]
,[0.35426470088013046, 0.45899627373352614]
,[0.3542647008801181, 0.45899627373358803]
,[0.35426470088009293, 0.4589962737334517]
,[0.3542647008804513, 0.4589962737335708]
,[0.3542647008805944, 0.4589962737335005]
,[0.35426470088005957, 0.45899627373323776]
,[0.354264700880444, 0.4589962737331403]
,[0.3542647008800623, 0.4589962737336966]
,[0.35426470088034223, 0.4589962737333317]
,[0.35426470088047596, 0.4589962737332745]
,[0.35426470088000644, 0.45899627373357205]
,[0.3542647008806114, 0.4589962737332538]
,[0.35426470088062106, 0.4589962737330945]
,[0.35426470088059236, 0.458996273733912]
,[0.3542647008802142, 0.45899627373369295]
,[0.3542647008803079, 0.458996273733863]
,[0.3542647008805933, 0.4589962737334307]
,[0.3542647008800136, 0.4589962737331109]
,[0.3542647008803195, 0.4589962737336612]
,[0.3542647008801878, 0.4589962737333978]
,[0.3542647008807242, 0.45899627373333096]
,[0.35426470088080947, 0.45899627373365065]
,[0.35426470088045653, 0.4589962737331294]
,[0.3542647008802991, 0.4589962737333005]
,[0.35426470088077744, 0.4589962737335668]
,[0.3542647008800459, 0.45899627373367546]
,[0.3542647008800004, 0.45899627373365876]
,[0.35426470088075185, 0.4589962737334694]
,[0.35426470088054673, 0.4589962737336756]
,[0.35426470088004686, 0.45899627373376106]
,[0.35426470088053813, 0.4589962737335679]
],"vol":[[0.40577019045682705, 0.48884905438247317]
,[0.4057701904564585, 0.4888490543826259]
,[0.4057701904564321, 0.48884905438265625]
,[0.40577019045634716, 0.4888490543825482]
,[0.40577019045617, 0.488849054383215]
,[0.4057701904567999, 0.488849054382838]
,[0.4057701904566424, 0.4888490543830278]
,[0.40577019045665824, 0.4888490543831572]
,[0.40577019045616947, 0.4888490543825174]
,[0.4057701904569056, 0.4888490543824675]
,[0.4057701904560561, 0.4888490543827442]
,[0.40577019045688173, 0.48884905438240467]
,[0.40577019045656193, 0.48884905438298]
,[0.4057701904567307, 0.48884905438288045]
,[0.40577019045643287, 0.48884905438260023]
,[0.4057701904566379, 0.4888490543832286]
,[0.40577019045658885, 0.48884905438259596]
,[0.40577019045616974, 0.48884905438304166]
,[0.40577019045689233, 0.48884905438270093]
,[0.4057701904568396, 0.4888490543832523]
,[0.40577019045637436, 0.48884905438309106]
,[0.4057701904561141, 0.48884905438315573]
,[0.4057701904565257, 0.4888490543829591]
,[0.4057701904567123, 0.4888490543832477]
,[0.4057701904567071, 0.4888490543829948]
,[0.4057701904563439, 0.4888490543826467]
,[0.40577019045641644, 0.4888490543825356]
,[0.40577019045614626, 0.48884905438256127]
,[0.40577019045673485, 0.4888490543828707]
,[0.4057701904561904, 0.4888490543825436]
,[0.40577019045675916, 0.48884905438268794]
,[0.405770190456345, 0.4888490543829413]
,[0.40577019045687346, 0.4888490543829962]
,[0.4057701904565179, 0.48884905438293363]
,[0.4057701904563224, 0.4888490543830437]
,[0.40577019045621093, 0.48884905438269544]
,[0.40577019045648516, 0.48884905438300275]
,[0.405770190456218, 0.4888490543829651]
,[0.4057701904565938, 0.488849054383166]
,[0.4057701904563652, 0.488849054382575]
]}