{
"parameters":[2, 2, 2, 2, 40, 40]
,"current_iter":2,"domain":[[-5.12, -5.12]
,[5.12, 5.12]
],"result":[47.174858284032524, 32.33673161699805, 18.017953806555496, 19.24459705813578, 21.83034818581892, 9.388355459988293, 46.43092057887321, 36.28474462516453, 26.296213533289073, 9.133210275997225, 38.62584280513349, 11.652987536959301, 23.95502563416463, 18.74211228773701, 23.435946322972878, 33.521476607265434, 34.434390280355174, 32.905367779236485, 56.55481337783217, 47.66715641503281, 23.843166107649214, 10.102387056023758, 40.14458313933423, 20.07557995883365, 30.291474270373243, 19.912488334347138, 21.219149137009527, 24.352783656651997, 31.006233254046645, 14.04532550101997, 46.13593348850268, 7.37210905973099, 27.84560477434018, 29.94418857278131, 44.484212832669456, 29.925066656610905, 27.018111468831773, 29.228295750732332, 10.99448607885413, 35.439060119026365]
,"population":[[-4.137223295620011, 5.12]
,[5.12, -0.46317912384671556]
,[-5.12, -5.12]
,[1.3002751487770015, -1.940973289633908]
,[0.45156584280516765, -0.10439040031430746]
,[5.12, -2.0270903808193736]
,[5.12, 5.12]
,[-4.697702034813102, 1.9704287470404218]
,[3.0747877280544884, -3.417508779117994]
,[3.7953538032313308, -1.2863830622134724]
,[5.12, -2.538767823226114]
,[-5.12, -5.12]
,[-0.69459864855796, -2.8190153984641837]
,[5.12, 2.818457586659005]
,[1.3769287595413757, -2.5654618269694884]
,[2.6791924669453504, 5.12]
,[4.947097377953005, 5.12]
,[-5.12, 0.7832887513643676]
,[5.12, 5.093716881731692]
,[-5.12, 4.3182242782139495]
,[-0.25909187873931605, 2.3911875068340915]
,[-5.12, 0.17972788408174156]
,[-0.41580826465461573, 5.12]
,[5.12, -1.5813264754029235]
,[5.12, -4.9212598851706755]
,[5.12, 5.12]
,[5.12, -0.36264185522550396]
,[-3.732735049426026, -5.12]
,[-5.12, -5.12]
,[-5.12, -0.17139048482754626]
,[-5.12, -5.12]
,[-3.4206598606223, -4.452553118880932]
,[-1.7469337779579437, -5.12]
,[-5.12, -0.07230161138024283]
,[3.7129789687338333, 5.12]
,[-5.12, 2.593690408693223]
,[4.2522618270366275, -5.12]
,[3.0545413314044287, -0.43308288898288616]
,[2.987856852449272, 5.12]
,[-1.2854064165317975, 4.533256369599259]
],"den":[[0.6323125398709427, 0.3741801501347418]
,[0.8127453462216822, 0.6093521011691309]
,[0.5607849804895382, 0.485205835472417]
,[0.6614932665021132, 0.4031261663371475]
,[0.6470569292195969, 0.3810507637845373]
,[0.5516684294436212, 0.5974437994244283]
,[0.7540966453639362, 0.36591014555890883]
,[0.5304603087828643, 0.5813491250508545]
,[0.7565518076907861, 0.39212798606938437]
,[0.871014737736669, 0.3662831201229759]
,[0.8480443083028851, 0.3518997763001356]
,[0.6595995851673147, 0.3953830944203514]
,[0.7111126422308119, 0.5350275051031964]
,[0.6496582035466721, 0.437652555031195]
,[0.6438292007684399, 0.5332939785621464]
,[0.58583637840158, 0.3517703408679056]
,[0.691225585338758, 0.6102086417983508]
,[0.5357718665888722, 0.3783668581222525]
,[0.6597719439520651, 0.6010168550023631]
,[0.5751483618374771, 0.5541330977890101]
,[0.5894557960562296, 0.6737441608821361]
,[0.6029971599787709, 0.5280282047170491]
,[0.7791225574289653, 0.4841280362803644]
,[0.757249034839408, 0.4170115060430885]
,[0.7165413089928704, 0.5446075389434731]
,[0.8225254627487272, 0.5293743934400156]
,[0.8665613706360221, 0.5409707085336068]
,[0.7016352418353893, 0.36844629233021714]
,[0.7149177327307018, 0.3583247469421109]
,[0.7295326853588194, 0.5190610888564242]
,[0.7328619896090294, 0.6665695438436162]
,[0.8111036470238183, 0.5079945694316125]
,[0.6141180499472065, 0.5786007720710181]
,[0.7450431712839004, 0.5183867553906077]
,[0.7207520188460971, 0.5094736916092933]
,[0.803668561871039, 0.5155850780441635]
,[0.5861669772123308, 0.6406027451370343]
,[0.6565127004675974, 0.5363678300756155]
,[0.8462980058468302, 0.5337418896994033]
,[0.6252707445377417, 0.36588948549195766]
],"vol":[[0.5283042760961305, 0.5285299052626307]
,[0.7859542359126405, 0.48271197870728616]
,[0.5344124430957516, 0.48104350514104516]
,[0.5321802275923695, 0.6450261710273482]
,[0.562161354450653, 0.5963999801692237]
,[0.6986919606486286, 0.43314858013640567]
,[0.5788989856620458, 0.34812417482229796]
,[0.7563932885270773, 0.5879581580849926]
,[0.7889972900454729, 0.33991529490159234]
,[0.6840165498312959, 0.37629663665945917]
,[0.8249189978392663, 0.4480670998468486]
,[0.6006272027091536, 0.4847094540331884]
,[0.7243014164435311, 0.5946812030867034]
,[0.7025288259793928, 0.4392262830550534]
,[0.7081316714564873, 0.42440059340763037]
,[0.6361484553811532, 0.6531509903864455]
,[0.571626134013229, 0.5741677075956567]
,[0.543566058421265, 0.35434683724649907]
,[0.7856661351285747, 0.44070773482619885]
,[0.54347042066672, 0.489874266989778]
,[0.8651608739662763, 0.5370864685052952]
,[0.6561446200577941, 0.5202829479075359]
,[0.626146724197757, 0.6013068352597084]
,[0.7382716195094566, 0.6657522682999732]
,[0.625200259868269, 0.575797175666383]
,[0.8007746575608488, 0.4218729250829104]
,[0.7335371248974231, 0.38587002532331727]
,[0.8451598359755611, 0.6574793542521788]
,[0.81236867579706, 0.5777917176646037]
,[0.6078614947375204, 0.35585836122038933]
,[0.5910821576761499, 0.4897630118446852]
,[0.7962928592339222, 0.5105404355898908]
,[0.6456594810210969, 0.6247054989143154]
,[0.8619957729830586, 0.6090377811981356]
,[0.5481232589063401, 0.44491340139676677]
,[0.6273947907224087, 0.43651756170969447]
,[0.7880963444591171, 0.3682332917566672]
,[0.8605722090523809, 0.37044039266743856]
,[0.6024954317138815, 0.6160080354241155]
,[0.7979545097604076, 0.6502082884591791]
]}