{
"parameters":[2, 2, 2, 2, 40, 40]
,"current_iter":18,"domain":[[-5.12, -5.12]
,[5.12, 5.12]
],"result":[9.476827691041455, 1.191333736606543, 13.410102345139723, 6.72684504393722, 2.23584456278253, 6.714724292978746, 18.716683365186462, 17.689392009505948, 1.8065951443159332, 4.371442016983057, 19.33445612642388, 0.9983543361387675, 4.455090705050555, 10.497900638983358, 18.133909663304642, 3.59997995009803, 9.372212831102065, 1.0231160893975222, 15.85533039677022, 12.793481796585015, 17.403904830141666, 2.6857806180950057, 30.174669757032532, 20.589786988506283, 29.980523165951915, 8.189405063406308, 7.358459727248077, 14.345450671322238, 21.691483763559518, 7.329252391040713, 23.564829169793956, 7.66293238904921, 11.393766583409096, 26.63409532693507, 12.998040749141587, 13.05497858298163, 16.725792792552408, 13.714847497363069, 23.164095849577684, 10.785658708413756]
,"population":[[4.1733759456281065, 1.6499779466399733]
,[1.042672619606966, -0.02018413019821992]
,[-0.3223910950543132, 0.28591055407993926]
,[0.8899090232378102, -1.112565005271195]
,[3.124678071692691, 1.572836849064849]
,[2.486282062684758, -0.1720470586675732]
,[1.787164364432233, 0.35544287712262146]
,[5.12, -0.4127124265845666]
,[0.9315837014714703, -0.012079995222132742]
,[1.0871520371216763, 1.786130187907777]
,[2.6770348606712076, -5.12]
,[0.9908262999274657, 0.00022782179254898435]
,[5.12, -0.6773182666866955]
,[4.685211258736384, -0.9421382571942936]
,[5.12, 5.12]
,[1.0199008565206644, 1.2034997270153056]
,[5.12, -0.005901463522525038]
,[1.0054969920269967, 0.005557962631953181]
,[5.023759019451315, -1.882555102812811]
,[2.050726437695852, -0.2185472102906289]
,[0.6115471025118728, 1.6716721039508298]
,[3.526369015659022, 2.2544085269921594]
,[1.6466357580134656, 5.12]
,[3.995360813356617, -1.9324042419592946]
,[4.1609588834752165, 5.12]
,[0.8084405371359886, 1.2586320138714067]
,[2.256895065056753, -0.05004097918334076]
,[1.284726526517651, 5.12]
,[1.6738585702385782, 0.8082353029523721]
,[1.1109466166028854, 2.3271754010358543]
,[1.5094890212593957, 1.1879541764875374]
,[-0.13187617809025687, 0.22491650496801308]
,[2.1931938053011955, -0.019790521170491515]
,[5.12, -1.1802227222562456]
,[1.2441058710820263, -4.633622221229944]
,[2.4038313068988746, -3.9382982660233834]
,[5.12, 0.3816630399239425]
,[1.6287182727593186, -5.12]
,[2.546867394337266, 5.12]
,[3.7442427470211777, 5.12]
],"den":[[0.35426469504690394, 0.4589962693137624]
,[0.35426470933593585, 0.4589962931073066]
,[0.354264717801705, 0.458996280716001]
,[0.35426471566143736, 0.4589962755885514]
,[0.3542647117136996, 0.45899627661255515]
,[0.35426475031097293, 0.45899625743279576]
,[0.3542647546878305, 0.4589963042811052]
,[0.35426472150059984, 0.458996272950137]
,[0.3542647282161252, 0.4589962664427932]
,[0.3542647035673337, 0.45899627917686314]
,[0.3542647026621915, 0.458996283695103]
,[0.354264700826496, 0.45899627374774626]
,[0.35426472698041744, 0.4589962824393845]
,[0.35426473742552006, 0.4589962773053016]
,[0.35426469839136965, 0.45899625813440675]
,[0.35426472644669493, 0.4589962510223294]
,[0.35426469859227494, 0.45899629162057104]
,[0.3542647190200467, 0.4589962649887717]
,[0.3542647287792279, 0.4589962608179241]
,[0.35426469451701514, 0.4589962825273517]
,[0.3542647386617555, 0.4589962593042134]
,[0.3542647393664356, 0.45899624767984243]
,[0.354264737275132, 0.45899630733865315]
,[0.35426470967805873, 0.45899629135230635]
,[0.3542647165155986, 0.45899630376105405]
,[0.35426473734389485, 0.45899627221417627]
,[0.3542646950401042, 0.4589962488769079]
,[0.3542647173653691, 0.4589962890335688]
,[0.35426470775059976, 0.45899626981145836]
,[0.3542647468964072, 0.45899626493692847]
,[0.35426475311807054, 0.45899628826731376]
,[0.3542647273614191, 0.4589962502267256]
,[0.35426471587475067, 0.45899626271178595]
,[0.35426475077742675, 0.45899628214270694]
,[0.3542646973959767, 0.45899629007443293]
,[0.35426469407636585, 0.4589962888586023]
,[0.35426474891137016, 0.4589962750390202]
,[0.3542647339450947, 0.45899629008353643]
,[0.3542646974640011, 0.4589962963216982]
,[0.35426473331517166, 0.45899628222432576]
],"vol":[[0.4057701865665705, 0.48884905936354894]
,[0.4057701596744649, 0.48884907050705373]
,[0.4057701577457136, 0.48884907272223993]
,[0.40577015154701124, 0.48884906484282553]
,[0.4057701386224137, 0.48884911350026283]
,[0.4057701845859823, 0.4888490859850417]
,[0.40577017309585706, 0.48884909983470637]
,[0.40577017424785616, 0.48884910928002373]
,[0.4057701385800372, 0.4888490625923299]
,[0.40577019229870054, 0.488849058950135]
,[0.4057701303082454, 0.4888490791401434]
,[0.405770190558595, 0.48884905436630777]
,[0.40577016722021225, 0.4888490963467017]
,[0.4057701795356999, 0.48884908908600766]
,[0.40577015780243125, 0.48884906863691585]
,[0.4057701727645486, 0.48884911449266555]
,[0.40577016918501957, 0.48884906832649117]
,[0.40577013859899386, 0.4888491008478946]
,[0.40577019133043235, 0.48884907598656463]
,[0.40577018748112004, 0.4888491162218262]
,[0.4057701535319413, 0.4888491044536339]
,[0.4057701345408422, 0.4888491091746301]
,[0.40577016457635257, 0.488849094825607]
,[0.4057701781946601, 0.4888491158873352]
,[0.405770177813329, 0.48884909742976307]
,[0.4057701513100672, 0.4888490720265549]
,[0.4057701566009318, 0.48884906392209104]
,[0.40577013688697905, 0.4888490657940111]
,[0.4057701798393147, 0.48884908837363594]
,[0.4057701401074137, 0.4888490645049327]
,[0.40577018161204237, 0.4888490750360474]
,[0.4057701513895398, 0.4888490935255921]
,[0.4057701899514588, 0.48884909752958394]
,[0.40577016400786653, 0.48884909296390283]
,[0.4057701497386084, 0.48884910099709417]
,[0.4057701416080002, 0.4888490755837558]
,[0.4057701616155461, 0.4888490980089702]
,[0.4057701421220389, 0.4888490952614907]
,[0.40577016954339895, 0.4888491099206516]
,[0.4057701528641982, 0.4888490667934117]
]}