{
"parameters":[2, 2, 2, 2, 20, 60]
,"current_iter":37,"domain":[[-5.12, -5.12]
,[5.12, 5.12]
],"result":[21.52119097130058, 10.208893586800333, 15.194564681524717, 16.541592310394307, 10.182861479882195, 33.514206713093714, 21.10553951495048, 5.611554450724473, 0.5673919216529892, 4.061342793300147, 1.5229208441641173, 5.431602396576746, 4.982819858204767, 7.843319057622942, 1.0425201621128632, 5.9096249195956325, 19.49200510840507, 10.797727347505974, 16.50989968493638, 5.035896589443837]
,"population":[[-0.3863316334895302, -0.4691555919806079]
,[1.4423668625134873, -0.9757795614352136]
,[2.068535602431375, 0.3003657433679655]
,[-0.2576753859897167, 2.864548938656381]
,[-4.983182399126053, -0.72470858459747]
,[4.535494309304997, 2.353677644856921]
,[-1.3411959545540995, 1.356651048753559]
,[3.2676143075137185, 0.7346508513373633]
,[-0.007563752173957983, -0.05318692998936503]
,[-0.9965721062722614, -0.12769248115821474]
,[1.5007203946307868, -0.10398791971624219]
,[2.3854578276694296, 0.8619917107969058]
,[0.21514129788566022, 1.1630393314838465]
,[1.0420543001978761, -1.6460419291272161]
,[-0.011618177271760144, 0.38589964396724663]
,[2.5268178981386535, 0.5527451828938698]
,[-2.1811694155509356, -1.822432073452336]
,[0.35303019934681545, 1.0750034106135764]
,[-0.5132740444099017, -1.1649138992377033]
,[1.1347065192639272, 1.1292982077283682]
],"den":[[0.6500459682584158, 0.721414594261852]
,[0.6500459682584158, 0.721414594261852]
,[0.6500459682584158, 0.721414594261852]
,[0.6500459682584158, 0.721414594261852]
,[0.6500459682584158, 0.721414594261852]
,[0.6500459682584158, 0.721414594261852]
,[0.6500459682584158, 0.721414594261852]
,[0.6500459682584158, 0.721414594261852]
,[0.6500459682584158, 0.721414594261852]
,[0.6500459682584158, 0.721414594261852]
,[0.6500459682584158, 0.721414594261852]
,[0.6500459682584158, 0.721414594261852]
,[0.6500459682584158, 0.721414594261852]
,[0.6500459682584158, 0.721414594261852]
,[0.6500459682584158, 0.721414594261852]
,[0.6500459682584158, 0.721414594261852]
,[0.6500459682584158, 0.721414594261852]
,[0.6500459682584158, 0.721414594261852]
,[0.6500459682584158, 0.721414594261852]
,[0.6500459682584158, 0.721414594261852]
],"vol":[[0.2138710269197674, 0.46184207816260037]
,[0.2138710269197674, 0.46184207816260037]
,[0.2138710269197674, 0.46184207816260037]
,[0.21387102691976742, 0.46184207816260037]
,[0.2138710269197674, 0.46184207816260037]
,[0.2138710269197674, 0.4618420781626003]
,[0.2138710269197674, 0.46184207816260037]
,[0.2138710269197674, 0.46184207816260037]
,[0.2138710269197674, 0.46184207816260037]
,[0.2138710269197674, 0.4618420781626003]
,[0.2138710269197674, 0.46184207816260037]
,[0.21387102691976742, 0.46184207816260037]
,[0.2138710269197674, 0.46184207816260037]
,[0.2138710269197674, 0.46184207816260037]
,[0.2138710269197674, 0.46184207816260037]
,[0.2138710269197674, 0.46184207816260037]
,[0.2138710269197674, 0.46184207816260037]
,[0.2138710269197674, 0.46184207816260037]
,[0.2138710269197674, 0.46184207816260037]
,[0.2138710269197674, 0.46184207816260037]
]}