{
"parameters":[2, 2, 2, 2, 20, 60]
,"current_iter":56,"domain":[[-5.12, -5.12]
,[5.12, 5.12]
],"result":[9.331250243604927E-07, 9.266721647804843E-07, 1.298783846692686E-06, 9.448019664404228E-07, 9.126072644249916E-07, 9.714645869962624E-07, 9.03760712489543E-07, 2.188666954339169E-06, 9.388503681151406E-07, 9.24768167820389E-07, 1.5229208441641173, 1.897629356172068, 9.003466594492693E-07, 7.843319057622942, 0.013010268611045817, 1.246369446761264E-06, 0.021000205255074178, 4.7408559268546924E-05, 9.468341168883398E-07, 2.3813575331382006]
,"population":[[-6.632275893249593E-05, 1.7456529160127104E-05]
,[-6.714025012636943E-05, 1.2771052702569222E-05]
,[-8.814950106997421E-05, 1.177731030417666E-05]
,[-6.705295287516811E-05, 1.631558085761891E-05]
,[-6.719669862948403E-05, 9.199033273361721E-06]
,[-6.735643240333238E-05, 1.896842774205594E-05]
,[-6.715427845573559E-05, 6.762406418553109E-06]
,[-6.715138122716893E-05, -8.076335564763039E-05]
,[-6.667736977745713E-05, 1.692412072697061E-05]
,[-6.714176759971915E-05, 1.238139229078093E-05]
,[0.26287258024074894, -0.0028611878552462465]
,[-0.2184655785865212, -0.0028115391241079176]
,[-6.640133708273788E-05, 1.1361385273103448E-05]
,[0.4522345011708259, -0.12781868676827107]
,[0.00024464048819936794, -0.00809523149537389]
,[-6.405342933538886E-05, 4.6685253068569956E-05]
,[-0.010147953699934976, -0.0017046413405285275]
,[-6.36831482969799E-05, 0.00048467370335790125]
,[-6.680178126119721E-05, 1.760857155103391E-05]
,[0.03721176718897396, 0.10495890180976739]
],"den":[[0.6500459682584158, 0.721414594261852]
,[0.6500459682584158, 0.721414594261852]
,[0.6500459682584158, 0.721414594261852]
,[0.6500459682584158, 0.721414594261852]
,[0.6500459682584158, 0.721414594261852]
,[0.6500459682584158, 0.721414594261852]
,[0.6500459682584158, 0.721414594261852]
,[0.6500459682584158, 0.721414594261852]
,[0.6500459682584158, 0.721414594261852]
,[0.6500459682584158, 0.721414594261852]
,[0.6500459682584158, 0.721414594261852]
,[0.6500459682584158, 0.721414594261852]
,[0.6500459682584158, 0.721414594261852]
,[0.6500459682584158, 0.721414594261852]
,[0.6500459682584158, 0.721414594261852]
,[0.6500459682584158, 0.721414594261852]
,[0.6500459682584158, 0.721414594261852]
,[0.6500459682584158, 0.721414594261852]
,[0.6500459682584158, 0.721414594261852]
,[0.6500459682584158, 0.721414594261852]
],"vol":[[0.2138710269197674, 0.46184207816260037]
,[0.2138710269197674, 0.46184207816260037]
,[0.2138710269197674, 0.46184207816260037]
,[0.2138710269197674, 0.46184207816260037]
,[0.2138710269197674, 0.46184207816260037]
,[0.2138710269197674, 0.46184207816260037]
,[0.2138710269197674, 0.46184207816260037]
,[0.2138710269197674, 0.46184207816260037]
,[0.2138710269197674, 0.46184207816260037]
,[0.2138710269197674, 0.46184207816260037]
,[0.2138710269197674, 0.46184207816260037]
,[0.2138710269197674, 0.46184207816260037]
,[0.2138710269197674, 0.46184207816260037]
,[0.2138710269197674, 0.46184207816260037]
,[0.2138710269197674, 0.46184207816260037]
,[0.2138710269197674, 0.46184207816260037]
,[0.2138710269197674, 0.46184207816260037]
,[0.2138710269197674, 0.46184207816260037]
,[0.2138710269197674, 0.46184207816260037]
,[0.2138710269197674, 0.46184207816260037]
]}