{
"parameters":[2, 2, 2, 2, 20, 60]
,"current_iter":52,"domain":[[-5.12, -5.12]
,[5.12, 5.12]
],"result":[1.1851010141228357E-05, 4.8020162568107594E-05, 0.0005024055169169372, 3.680636172731511E-05, 2.387644702395164E-06, 3.879647123206098E-05, 0.004360066523641848, 0.15572936473727594, 0.0001356519971853487, 3.205973125375294E-05, 1.5229208441641173, 1.897629356172068, 1.9619473084375727E-05, 7.843319057622942, 1.0425201621128632, 3.546870299920335, 19.2253800430124, 5.131191207127552, 7.418890715982229E-06, 5.035896589443837]
,"population":[[-0.00017102762526845602, 0.0001745991220842198]
,[0.00047398449817177255, 0.00013185455617149985]
,[0.0015671374462501422, 0.0002765625553494527]
,[-4.2954650033560056E-05, 0.0004285771145134868]
,[-8.496858626575325E-05, -6.939249985015035E-05]
,[-8.761872014097038E-05, 0.0004334485022661251]
,[-6.244015063260786E-05, -0.0046877179930531684]
,[-0.026757577879043298, -0.008407273864985394]
,[0.000808716035556916, 0.00017244381367774485]
,[-6.933283518647999E-05, 0.000395968269220531]
,[0.12451516747114696, -0.011213478118859895]
,[-0.18185343096302076, -0.003448685130584353]
,[0.0001850279701375882, 0.00025427757414610915]
,[0.18445678952572062, -0.42506338617905765]
,[-0.003789060339086299, 0.3631488662226982]
,[0.0027791578883318265, 0.13793468638332324]
,[-0.09486117354702778, -0.5430806847077658]
,[-0.036799442050721026, -0.26166418750727083]
,[-8.653166725483918E-05, 0.00017293746659299104]
,[0.20218790780879833, 0.5435053498416348]
],"den":[[0.6500459682584158, 0.721414594261852]
,[0.6500459682584158, 0.721414594261852]
,[0.6500459682584158, 0.721414594261852]
,[0.6500459682584158, 0.721414594261852]
,[0.6500459682584158, 0.721414594261852]
,[0.6500459682584158, 0.721414594261852]
,[0.6500459682584158, 0.721414594261852]
,[0.6500459682584158, 0.721414594261852]
,[0.6500459682584158, 0.721414594261852]
,[0.6500459682584158, 0.721414594261852]
,[0.6500459682584158, 0.721414594261852]
,[0.6500459682584158, 0.721414594261852]
,[0.6500459682584158, 0.721414594261852]
,[0.6500459682584158, 0.721414594261852]
,[0.6500459682584158, 0.721414594261852]
,[0.6500459682584158, 0.721414594261852]
,[0.6500459682584158, 0.721414594261852]
,[0.6500459682584158, 0.721414594261852]
,[0.6500459682584158, 0.721414594261852]
,[0.6500459682584158, 0.721414594261852]
],"vol":[[0.2138710269197674, 0.46184207816260037]
,[0.2138710269197674, 0.46184207816260037]
,[0.2138710269197674, 0.46184207816260037]
,[0.2138710269197674, 0.46184207816260037]
,[0.2138710269197674, 0.46184207816260037]
,[0.2138710269197674, 0.46184207816260037]
,[0.2138710269197674, 0.46184207816260037]
,[0.2138710269197674, 0.46184207816260037]
,[0.2138710269197674, 0.46184207816260037]
,[0.2138710269197674, 0.46184207816260037]
,[0.2138710269197674, 0.46184207816260037]
,[0.2138710269197674, 0.46184207816260037]
,[0.2138710269197674, 0.46184207816260037]
,[0.2138710269197674, 0.46184207816260037]
,[0.2138710269197674, 0.46184207816260037]
,[0.2138710269197674, 0.46184207816260037]
,[0.2138710269197674, 0.46184207816260037]
,[0.2138710269197674, 0.46184207816260037]
,[0.2138710269197674, 0.46184207816260037]
,[0.2138710269197674, 0.46184207816260037]
]}