{
"parameters":[2, 2, 2, 2, 20, 60]
,"current_iter":30,"domain":[[-5.12, -5.12]
,[5.12, 5.12]
],"result":[21.52119097130058, 10.208893586800333, 15.194564681524717, 18.261716570975718, 10.182861479882195, 34.390260719611334, 21.10553951495048, 5.611554450724473, 33.70537460519807, 18.02826792989051, 11.928818903219101, 10.555763694209462, 5.211292816951238, 7.843319057622942, 11.161187662954738, 10.298257229431638, 20.570728467728657, 10.797727347505974, 16.50989968493638, 5.035896589443837]
,"population":[[-5.12, -2.7556681890780235]
,[-3.864674034183402, -2.235858112984845]
,[-2.005248869548065, -0.7401208789521452]
,[-1.9321799229034584, -3.8427293308655512]
,[-5.12, -2.3871588844647187]
,[-5.12, -5.12]
,[-5.12, 1.1062640603505933]
,[-1.9493965448818773, -0.9549296680489313]
,[-5.12, -5.12]
,[-2.4144070809387546, -2.5449538499492776]
,[-5.12, -0.5370647693085502]
,[-5.12, -1.0203792864510133]
,[-1.9576199836740793, -0.982322580877473]
,[-2.1901845693326836, -4.796374251824265]
,[-2.971670185705917, -0.9169261475807757]
,[-1.673864105686678, -0.9832940609041886]
,[-5.12, -3.2210416277808473]
,[-3.695826742626731, -1.11442697148768]
,[-5.12, -2.7900404174902285]
,[-1.9723217347898174, -0.9954395255922033]
],"den":[[0.6500459682584158, 0.7214145942618514]
,[0.6500459682584158, 0.7214145942618523]
,[0.6500459682584152, 0.7214145942618514]
,[0.6500459682584153, 0.7214145942618517]
,[0.6500459682584153, 0.7214145942618522]
,[0.650045968258416, 0.7214145942618514]
,[0.6500459682584158, 0.7214145942618518]
,[0.6500459682584159, 0.7214145942618517]
,[0.6500459682584158, 0.7214145942618516]
,[0.6500459682584162, 0.7214145942618524]
,[0.6500459682584157, 0.721414594261852]
,[0.6500459682584153, 0.7214145942618524]
,[0.6500459682584159, 0.7214145942618521]
,[0.650045968258416, 0.7214145942618524]
,[0.6500459682584152, 0.7214145942618514]
,[0.6500459682584154, 0.7214145942618514]
,[0.6500459682584153, 0.7214145942618524]
,[0.6500459682584154, 0.7214145942618517]
,[0.6500459682584155, 0.7214145942618517]
,[0.6500459682584159, 0.7214145942618523]
],"vol":[[0.2138710269197678, 0.4618420781626006]
,[0.21387102691976748, 0.46184207816260026]
,[0.21387102691976717, 0.4618420781626004]
,[0.21387102691976814, 0.4618420781626003]
,[0.21387102691976764, 0.46184207816260053]
,[0.21387102691976798, 0.46184207816259976]
,[0.21387102691976775, 0.46184207816260014]
,[0.21387102691976723, 0.46184207816260076]
,[0.21387102691976742, 0.4618420781626008]
,[0.21387102691976786, 0.4618420781626]
,[0.2138710269197677, 0.4618420781626001]
,[0.2138710269197681, 0.4618420781626006]
,[0.21387102691976737, 0.46184207816260026]
,[0.2138710269197678, 0.4618420781626001]
,[0.21387102691976717, 0.4618420781626006]
,[0.2138710269197676, 0.46184207816260003]
,[0.21387102691976728, 0.46184207816260014]
,[0.21387102691976745, 0.4618420781626002]
,[0.2138710269197673, 0.4618420781626003]
,[0.21387102691976756, 0.4618420781626001]
]}