{
"parameters":[2, 2, 2, 2, 20, 60]
,"current_iter":53,"domain":[[-5.12, -5.12]
,[5.12, 5.12]
],"result":[3.560597937379839E-06, 8.18469692553947E-06, 0.00011050209052854143, 1.7781929200211266E-05, 2.387644702395164E-06, 9.408330901905515E-06, 0.0006686387085323986, 0.028302037953402248, 4.183756171727282E-06, 8.400593367596798E-06, 1.5229208441641173, 1.897629356172068, 1.5011362094696779E-05, 7.843319057622942, 1.0425201621128632, 0.5169267353947635, 19.2253800430124, 0.23478705114827214, 4.404686343661979E-06, 5.035896589443837]
,"population":[[-6.438877673771638E-05, -0.00011747920677413742]
,[-0.00013203450010650558, -0.00015434393920352895]
,[-0.0007096896958824903, -0.0002309323914273412]
,[-0.00010146794132468428, -0.0002816638270309265]
,[-8.496858626575325E-05, -6.939249985015035E-05]
,[-8.46215402968074E-05, -0.00020065421566592393]
,[-9.465041379977365E-05, 0.001833403247473788]
,[0.011287055703494241, 0.0039132273283351456]
,[-9.977803801015235E-05, -0.00010551144738663476]
,[-9.059093812882346E-05, -0.00018476112956799704]
,[0.15678316026402028, -0.0055260544596717615]
,[-0.3430421890422331, -0.0018266038687328589]
,[-0.00017321487166431683, -0.00021368608466194777]
,[0.7981514531378902, -0.2535578787402119]
,[-0.004490047630271969, 0.3050178576591233]
,[-0.0005216136422864991, -0.05126241343695372]
,[-0.5133720979190644, -0.16862520715672885]
,[-0.024561572928520944, -0.024134598409521334]
,[-8.452338480240255E-05, -0.00012270991711612835]
,[0.18774203601525485, 0.14092261411649756]
],"den":[[0.6500459682584158, 0.721414594261852]
,[0.6500459682584158, 0.721414594261852]
,[0.6500459682584158, 0.721414594261852]
,[0.6500459682584158, 0.721414594261852]
,[0.6500459682584158, 0.721414594261852]
,[0.6500459682584158, 0.721414594261852]
,[0.6500459682584158, 0.721414594261852]
,[0.6500459682584158, 0.721414594261852]
,[0.6500459682584158, 0.721414594261852]
,[0.6500459682584158, 0.721414594261852]
,[0.6500459682584158, 0.721414594261852]
,[0.6500459682584158, 0.721414594261852]
,[0.6500459682584158, 0.721414594261852]
,[0.6500459682584158, 0.721414594261852]
,[0.6500459682584158, 0.721414594261852]
,[0.6500459682584158, 0.721414594261852]
,[0.6500459682584158, 0.721414594261852]
,[0.6500459682584158, 0.721414594261852]
,[0.6500459682584158, 0.721414594261852]
,[0.6500459682584158, 0.721414594261852]
],"vol":[[0.2138710269197674, 0.46184207816260037]
,[0.2138710269197674, 0.46184207816260037]
,[0.2138710269197674, 0.46184207816260037]
,[0.2138710269197674, 0.46184207816260037]
,[0.2138710269197674, 0.46184207816260037]
,[0.2138710269197674, 0.46184207816260037]
,[0.2138710269197674, 0.46184207816260037]
,[0.2138710269197674, 0.46184207816260037]
,[0.2138710269197674, 0.46184207816260037]
,[0.2138710269197674, 0.46184207816260037]
,[0.2138710269197674, 0.46184207816260037]
,[0.2138710269197674, 0.46184207816260037]
,[0.2138710269197674, 0.46184207816260037]
,[0.2138710269197674, 0.46184207816260037]
,[0.2138710269197674, 0.46184207816260037]
,[0.2138710269197674, 0.46184207816260037]
,[0.2138710269197674, 0.46184207816260037]
,[0.2138710269197674, 0.46184207816260037]
,[0.2138710269197674, 0.46184207816260037]
,[0.2138710269197674, 0.46184207816260037]
]}