{
"parameters":[2, 2, 2, 2, 20, 60]
,"current_iter":59,"domain":[[-5.12, -5.12]
,[5.12, 5.12]
],"result":[8.794697645697624E-07, 8.837797693672655E-07, 1.0420252944953745E-06, 8.839564813456491E-07, 8.833991778089967E-07, 8.843942662650761E-07, 8.833395401808275E-07, 8.788710594842541E-07, 8.797761488210654E-07, 8.845743515450977E-07, 0.0006479531888228252, 0.0010605585178868893, 8.811098783922944E-07, 0.00016469110492778327, 8.804894964242749E-07, 8.8435786693708E-07, 8.725856748270644E-07, 8.834433824489452E-07, 8.819353425337795E-07, 1.1224716569557813E-06]
,"population":[[-6.465079077080115E-05, -1.5914251444987363E-05]
,[-6.465399765169122E-05, -1.691612697283395E-05]
,[-7.108640333701704E-05, -1.4109444382816762E-05]
,[-6.46479069895572E-05, -1.6620820761428182E-05]
,[-6.464541907039818E-05, -1.6700475295203652E-05]
,[-6.46901234001937E-05, -1.7065167983054303E-05]
,[-6.46319615527858E-05, -1.6755692961241104E-05]
,[-6.465686855507679E-05, -1.5794294051047432E-05]
,[-6.463890146926103E-05, -1.6010774453714416E-05]
,[-6.463764834398487E-05, -1.7024445726302653E-05]
,[-0.0017830001013396603, 0.00029490181312132074]
,[0.002312069332518141, 1.4112694727769798E-05]
,[-6.462693112552697E-05, -1.626699014761695E-05]
,[-0.0009021417256082037, 0.00012756126200407742]
,[-6.473445430167098E-05, -1.573462944663853E-05]
,[-6.469003704966191E-05, -1.6634285339757028E-05]
,[-6.422746732295291E-05, -1.6526377794956608E-05]
,[-6.469089932646339E-05, -1.6373906421630117E-05]
,[-6.470903528932194E-05, -1.606725605222635E-05]
,[-7.311580895776364E-05, -1.7661354740662232E-05]
],"den":[[0.6500459682584158, 0.721414594261852]
,[0.6500459682584158, 0.721414594261852]
,[0.6500459682584158, 0.721414594261852]
,[0.6500459682584158, 0.721414594261852]
,[0.6500459682584158, 0.721414594261852]
,[0.6500459682584158, 0.721414594261852]
,[0.6500459682584158, 0.721414594261852]
,[0.6500459682584158, 0.721414594261852]
,[0.6500459682584158, 0.721414594261852]
,[0.6500459682584158, 0.721414594261852]
,[0.6500459682584158, 0.721414594261852]
,[0.6500459682584158, 0.721414594261852]
,[0.6500459682584158, 0.721414594261852]
,[0.6500459682584158, 0.721414594261852]
,[0.6500459682584158, 0.721414594261852]
,[0.6500459682584158, 0.721414594261852]
,[0.6500459682584158, 0.721414594261852]
,[0.6500459682584158, 0.721414594261852]
,[0.6500459682584158, 0.721414594261852]
,[0.6500459682584158, 0.721414594261852]
],"vol":[[0.2138710269197674, 0.46184207816260037]
,[0.2138710269197674, 0.46184207816260037]
,[0.2138710269197674, 0.46184207816260037]
,[0.2138710269197674, 0.46184207816260037]
,[0.2138710269197674, 0.46184207816260037]
,[0.2138710269197674, 0.46184207816260037]
,[0.2138710269197674, 0.46184207816260037]
,[0.2138710269197674, 0.46184207816260037]
,[0.2138710269197674, 0.46184207816260037]
,[0.2138710269197674, 0.46184207816260037]
,[0.2138710269197674, 0.46184207816260037]
,[0.2138710269197674, 0.46184207816260037]
,[0.2138710269197674, 0.46184207816260037]
,[0.2138710269197674, 0.46184207816260037]
,[0.2138710269197674, 0.46184207816260037]
,[0.2138710269197674, 0.46184207816260037]
,[0.2138710269197674, 0.46184207816260037]
,[0.2138710269197674, 0.46184207816260037]
,[0.2138710269197674, 0.46184207816260037]
,[0.2138710269197674, 0.46184207816260037]
]}