{
"parameters":[2, 2, 2, 2, 40, 40]
,"current_iter":22,"domain":[[-5.12, -5.12]
,[5.12, 5.12]
],"result":[9.476827691041455, 1.191333736606543, 13.327363424774468, 6.72684504393722, 2.23584456278253, 2.7654548930426426, 18.716683365186462, 17.689392009505948, 0.9962666004747227, 4.371442016983057, 19.33445612642388, 0.9983543361387675, 4.455090705050555, 10.497900638983358, 18.133909663304642, 3.59997995009803, 1.51051745999286, 1.0043884424913934, 15.85533039677022, 8.420968746331035, 10.689296645177487, 2.6857806180950057, 3.434124934587653, 20.589786988506283, 29.980523165951915, 8.189405063406308, 7.358459727248077, 14.345450671322238, 17.836997291411393, 7.329252391040713, 10.356233606559305, 7.66293238904921, 1.4276257086117319, 26.63409532693507, 12.998040749141587, 13.05497858298163, 16.725792792552408, 13.714847497363069, 23.164095849577684, 10.785658708413756]
,"population":[[5.12, 0.036717724759517414]
,[1.0086922076103457, -0.03833795680012482]
,[4.129849126466329, -0.1355342163807569]
,[1.0690030172611178, 2.096370239448829]
,[2.1954932078741733, 1.5277109055977858]
,[0.9032869023532941, 0.028378699384653774]
,[1.2434267138988653, 1.5116179279642716]
,[2.6621596887796173, -2.5777760865535995]
,[0.997345645254692, 0.000946019575674915]
,[1.0735913630422669, 1.7910028617664009]
,[1.973388838057995, -5.12]
,[0.9908262999274657, 0.00022782179254898435]
,[1.9731820081929583, -0.21683883402293064]
,[3.667418456318004, -0.31621240648097126]
,[1.2029436737246726, 5.12]
,[1.0103857261106632, 1.402097318207678]
,[1.988353133242942, -0.003953097604180025]
,[0.9947343753355338, 0.006891019692473957]
,[2.5763917235076312, -0.5541388579447365]
,[2.768904199739005, -0.11961874991160426]
,[1.3941518267720718, -0.9605598579548624]
,[2.4327978087922855, 1.832567665162655]
,[2.3319663026598185, 0.15312139587891604]
,[-2.3016141310276037, 0.5651989541649085]
,[3.9309679509439546, 5.12]
,[0.8031022052881908, 0.6619972573647686]
,[2.8880226283278674, -0.06255006389842986]
,[1.9815270770356141, 3.265463373191655]
,[2.01728976954643, 1.7391035652924403]
,[1.909942086570858, 1.9668704441958176]
,[1.0254529604657066, 0.23599820855787562]
,[-0.6809206813208684, 0.08786918155186933]
,[1.8703388256962015, -0.03227496750295292]
,[4.1951648784858, -0.24114511002270572]
,[3.682806909369423, -4.278147195582533]
,[1.1327059786817686, -0.7779813762984321]
,[1.038981130041245, 2.774904659571979]
,[1.2578286243276038, -1.4815639049667764]
,[1.4581604989169674, 5.12]
,[1.7790549055121785, 3.698984730877455]
],"den":[[0.35426470081510714, 0.4589962737390089]
,[0.35426470084326417, 0.4589962737858949]
,[0.35426470085994627, 0.45899627376147745]
,[0.3542647008557288, 0.45899627375137364]
,[0.35426470084794964, 0.45899627375339147]
,[0.35426470092400686, 0.4589962737155971]
,[0.3542647009326316, 0.4589962738079133]
,[0.35426470086723505, 0.4589962737461745]
,[0.35426470088046824, 0.4589962737333516]
,[0.35426470083189693, 0.45899627375844454]
,[0.35426470083011335, 0.45899627376734786]
,[0.354264700826496, 0.45899627374774626]
,[0.35426470087803325, 0.45899627376487345]
,[0.35426470089861567, 0.45899627375475655]
,[0.35426470082169753, 0.45899627371697965]
,[0.3542647008769815, 0.45899627370296503]
,[0.35426470082209344, 0.45899627378296526]
,[0.354264700862347, 0.4589962737304864]
,[0.35426470088157785, 0.4589962737222676]
,[0.35426470081406297, 0.45899627376504676]
,[0.3542647009010517, 0.4589962737192848]
,[0.3542647009024403, 0.4589962736963786]
,[0.3542647008983193, 0.4589962738139383]
,[0.35426470084393835, 0.4589962737824366]
,[0.35426470085741196, 0.4589962738068885]
,[0.3542647008984548, 0.4589962737447243]
,[0.35426470081509376, 0.4589962736987374]
,[0.35426470085908646, 0.4589962737778675]
,[0.3542647008401402, 0.4589962737399897]
,[0.35426470091727835, 0.45899627373038426]
,[0.3542647009295384, 0.45899627377635754]
,[0.354264700878784, 0.4589962737013973]
,[0.35426470085614914, 0.45899627372599955]
,[0.354264700924926, 0.4589962737642888]
,[0.35426470081973604, 0.4589962737799186]
,[0.35426470081319467, 0.4589962737775227]
,[0.3542647009212489, 0.4589962737502908]
,[0.3542647008917574, 0.4589962737799365]
,[0.3542647008198701, 0.458996273792229]
,[0.3542647008905161, 0.4589962737644497]
],"vol":[[0.40577019055072855, 0.488849054376155]
,[0.4057701904977367, 0.48884905439811366]
,[0.4057701904939361, 0.4888490544024788]
,[0.4057701904817213, 0.4888490543869521]
,[0.40577019045625295, 0.4888490544828332]
,[0.4057701905468257, 0.48884905442861354]
,[0.40577019052418406, 0.4888490544559048]
,[0.40577019052645413, 0.4888490544745171]
,[0.40577019045616947, 0.4888490543825174]
,[0.4057701905620239, 0.4888490543753404]
,[0.4057701904398696, 0.48884905441512544]
,[0.405770190558595, 0.48884905436630777]
,[0.4057701905126059, 0.4888490544490316]
,[0.40577019053687396, 0.4888490544347241]
,[0.40577019049404783, 0.4888490543944285]
,[0.4057701905235312, 0.4888490544847888]
,[0.4057701905164776, 0.48884905439381676]
,[0.4057701904562068, 0.48884905445790133]
,[0.40577019056011593, 0.48884905440891124]
,[0.4057701905525307, 0.48884905448819616]
,[0.4057701904856327, 0.48884905446500654]
,[0.40577019044821006, 0.48884905447430943]
,[0.4057701905073961, 0.4888490544460342]
,[0.4057701905342314, 0.48884905448753707]
,[0.40577019053348, 0.4888490544511658]
,[0.4057701904812544, 0.4888490544011079]
,[0.4057701904916802, 0.48884905438513776]
,[0.40577019045283325, 0.4888490543888264]
,[0.40577019053747226, 0.4888490544333204]
,[0.4057701904591792, 0.4888490543862863]
,[0.40577019054096547, 0.4888490544070382]
,[0.405770190481411, 0.4888490544434725]
,[0.4057701905573986, 0.48884905445136245]
,[0.4057701905062759, 0.48884905444236565]
,[0.4057701904781578, 0.4888490544581953]
,[0.40577019046213614, 0.4888490544081175]
,[0.4057701905015617, 0.48884905445230714]
,[0.4057701904631491, 0.48884905444689314]
,[0.4057701905171838, 0.4888490544757795]
,[0.4057701904843169, 0.4888490543907958]
]}