{
"parameters":[2, 2, 2, 2, 40, 40]
,"current_iter":29,"domain":[[-5.12, -5.12]
,[5.12, 5.12]
],"result":[8.950847940863394, 12.199129881774414, 1.0105997301565282, 0.006291728200395141, 1.3003308873859165, 0.009641036316294205, 10.11612694869144, 0.0046086678662558, 2.173516309658983, 1.1830499801552286, 3.437760317701155, 0.04710798843854391, 8.808857936807485, 8.87303366481293, 7.900656394100396, 0.04807283462966794, 1.807496486745455, 4.206295426657817, 13.716837444738985, 5.631731723911934, 0.00378390505173698, 2.580465630033438, 0.0828528728444855, 1.5374384508332266, 0.005453248529176946, 0.5098260328110307, 2.924406941917603, 1.1656790475733203, 0.001523452729827568, 2.456068119303188, 0.002786814115717462, 2.4981337450816756, 0.03923475085993289, 6.776005227435281, 4.726738520846119, 2.239194996970255, 6.856018729571456, 1.082859432836063, 0.9982916634231565, 5.850917963707287]
,"population":[[-0.23207546384060204, -0.01025123006672322]
,[-0.7425857880709353, 0.07796111927585084]
,[0.7095134720651703, -0.005431038355706444]
,[0.0022308159984114283, -0.005171023669248061]
,[-1.0736012588268948, -0.00551917613091177]
,[-0.006945891284488512, 0.0005984013359954031]
,[-2.413210609638654, 0.7647132652114548]
,[-0.003075265601059955, -0.0037113008945355206]
,[-0.027177759665500477, 0.10285990961715573]
,[0.00421884730326357, -0.5535083273039109]
,[-0.5633065051789125, 0.019544500928462397]
,[0.015403693224109529, 0.0005994891044391244]
,[-0.8093223965765759, -0.09660090425761612]
,[0.7525572897523688, -0.17771800442923938]
,[-0.44778892496505524, -0.9092599919490064]
,[-0.004245197967941829, -0.016920321525331735]
,[-0.6424191227676235, -0.010373505522756801]
,[-0.11192009758294867, -1.1290999688602834]
,[0.0993870695969673, 0.2778749079795593]
,[0.006485264310527282, -0.5548301577732975]
,[-0.004193174666138448, 0.0012211339389797114]
,[0.005695582079350763, 0.6410676809139653]
,[-0.018293363643855903, -0.009130381248027652]
,[-0.0035343257816964724, 0.9276419929916077]
,[0.00489878525602312, -0.0018684367323195386]
,[-0.050896745873575185, -0.0010964997111283323]
,[0.6767943748523474, 0.007472520870100557]
,[-0.2971440843157174, -0.002197442111121233]
,[0.002119747698705105, -0.0017848721037849401]
,[-0.7806716644842224, 0.28049518462073453]
,[-0.0005254568196628767, -0.0037109996574828936]
,[-1.0680817236548454, 1.1531229337663713]
,[0.01366091870083584, -0.003355201040901097]
,[1.867664195425605, -0.011359151856228595]
,[-1.3036342323572252, -0.017570768032099268]
,[-0.2419776874022826, 1.1662968616397988]
,[0.7993054388758439, -0.008874934640981342]
,[-0.005661608594448921, 1.046933100360952]
,[-0.9930023568060323, 0.0036019507438338496]
,[-0.15340606111941135, 0.08898882826359994]
],"den":[[0.7598480709294104, 0.4835696128385528]
,[0.7598480710381781, 0.48356961298031803]
,[0.7598480708862925, 0.4835696129054808]
,[0.759848070947001, 0.4835696128560019]
,[0.7598480709382985, 0.4835696128426945]
,[0.7598480708807969, 0.48356961297313955]
,[0.7598480710028238, 0.48356961283356753]
,[0.7598480708680123, 0.4835696129634374]
,[0.7598480710043037, 0.48356961284937205]
,[0.7598480710733038, 0.4835696128337924]
,[0.7598480710594568, 0.4835696128251219]
,[0.7598480709458595, 0.48356961285133426]
,[0.7598480709769123, 0.48356961293551404]
,[0.7598480709398666, 0.48356961287681494]
,[0.7598480709363528, 0.4835696129344691]
,[0.759848070901394, 0.4835696128250438]
,[0.7598480709649241, 0.4835696129808344]
,[0.7598480708712142, 0.48356961284107663]
,[0.7598480709459634, 0.48356961297529344]
,[0.759848070894951, 0.4835696129470312]
,[0.7598480709035758, 0.48356961301913454]
,[0.7598480709117387, 0.4835696129312948]
,[0.7598480710179097, 0.4835696129048311]
,[0.7598480710047241, 0.48356961286437217]
,[0.7598480709801848, 0.4835696129412891]
,[0.7598480710440737, 0.48356961293210626]
,[0.7598480710706191, 0.48356961293909667]
,[0.7598480709711992, 0.48356961283509636]
,[0.759848070979206, 0.48356961282899497]
,[0.7598480709880162, 0.48356961292588924]
,[0.7598480709900232, 0.4835696130148096]
,[0.7598480710371884, 0.4835696129192182]
,[0.7598480709184425, 0.4835696129617807]
,[0.7598480709973662, 0.4835696129254828]
,[0.7598480709827231, 0.4835696129201098]
,[0.7598480710327065, 0.48356961292379386]
,[0.7598480709015931, 0.4835696129991564]
,[0.7598480709439986, 0.48356961293632206]
,[0.7598480710584041, 0.48356961293473905]
,[0.7598480709251655, 0.4835696128335551]
],"vol":[[0.698672476824107, 0.5179052427570952]
,[0.6986724769794225, 0.5179052427294754]
,[0.6986724768277891, 0.5179052427284696]
,[0.6986724768264435, 0.5179052428273209]
,[0.6986724768445166, 0.5179052427980082]
,[0.6986724769268193, 0.5179052426995978]
,[0.6986724768546063, 0.5179052426483438]
,[0.6986724769616026, 0.5179052427929194]
,[0.6986724769812568, 0.5179052426433953]
,[0.6986724769179727, 0.5179052426653266]
,[0.6986724770029109, 0.517905242708591]
,[0.6986724768677044, 0.5179052427306795]
,[0.6986724769422571, 0.5179052427969721]
,[0.6986724769291323, 0.5179052427032615]
,[0.6986724769325098, 0.5179052426943245]
,[0.6986724768891173, 0.5179052428322186]
,[0.6986724768502222, 0.5179052427846063]
,[0.6986724768333071, 0.5179052426520949]
,[0.6986724769792487, 0.5179052427041545]
,[0.6986724768332495, 0.5179052427337929]
,[0.6986724770271694, 0.5179052427622531]
,[0.6986724769011712, 0.5179052427521237]
,[0.698672476883088, 0.5179052428009662]
,[0.6986724769506786, 0.5179052428398149]
,[0.6986724768825174, 0.5179052427855885]
,[0.6986724769883564, 0.5179052426928007]
,[0.6986724769478245, 0.5179052426710975]
,[0.6986724770151125, 0.5179052428348279]
,[0.6986724769953454, 0.517905242786791]
,[0.6986724768720654, 0.5179052426530061]
,[0.6986724768619506, 0.5179052427337258]
,[0.6986724769856547, 0.5179052427462508]
,[0.6986724768948506, 0.5179052428150712]
,[0.6986724770252614, 0.5179052428056266]
,[0.6986724768360543, 0.5179052427066898]
,[0.6986724768838403, 0.5179052427016287]
,[0.6986724769807137, 0.5179052426604659]
,[0.6986724770244033, 0.5179052426617963]
,[0.6986724768688307, 0.5179052428098282]
,[0.6986724769866564, 0.5179052428304447]
]}