{
"parameters":[2, 2, 2, 2, 20, 60]
,"current_iter":35,"domain":[[-5.12, -5.12]
,[5.12, 5.12]
],"result":[21.52119097130058, 10.208893586800333, 15.194564681524717, 16.541592310394307, 10.182861479882195, 33.514206713093714, 21.10553951495048, 5.611554450724473, 0.5673919216529892, 18.02826792989051, 1.5229208441641173, 5.431602396576746, 4.982819858204767, 7.843319057622942, 1.0425201621128632, 5.9096249195956325, 20.570728467728657, 10.797727347505974, 16.50989968493638, 5.035896589443837]
,"population":[[-1.6090444018926195, -1.624125515323474]
,[1.5793761737191514, -2.181807197999058]
,[3.6746618161408873, 0.577997389768476]
,[0.24980817049828413, -2.1041020514816404]
,[-1.2928695502717156, -0.9127160015287435]
,[5.12, 2.1516360280898708]
,[-1.8172048311666666, 2.5660875664717953]
,[0.051369005475059626, 1.3303396650749317]
,[-0.007563752173957983, -0.05318692998936503]
,[-3.380551893297625, -0.1213224556288031]
,[1.6614388621674874, -0.18821439775114765]
,[3.3434272928393547, 0.30465101409595924]
,[0.23341783634281685, 1.5664792987154992]
,[0.47936365965679134, -1.275110698543964]
,[-0.02239161315258689, 1.7191291053006674]
,[3.2697297496185955, 1.2663189177516987]
,[-2.3581315954417015, -1.5681889304787238]
,[0.4784445011584522, 0.3773235172336631]
,[-0.42735692420848237, -0.16481264217122882]
,[3.0263579991536993, 0.8469184009902287]
],"den":[[0.6500459682584158, 0.721414594261852]
,[0.6500459682584158, 0.721414594261852]
,[0.6500459682584158, 0.721414594261852]
,[0.6500459682584158, 0.721414594261852]
,[0.6500459682584158, 0.721414594261852]
,[0.6500459682584158, 0.721414594261852]
,[0.6500459682584158, 0.721414594261852]
,[0.6500459682584158, 0.721414594261852]
,[0.6500459682584158, 0.721414594261852]
,[0.6500459682584158, 0.721414594261852]
,[0.6500459682584158, 0.721414594261852]
,[0.6500459682584158, 0.721414594261852]
,[0.6500459682584158, 0.721414594261852]
,[0.6500459682584158, 0.721414594261852]
,[0.6500459682584158, 0.721414594261852]
,[0.6500459682584158, 0.721414594261852]
,[0.6500459682584158, 0.721414594261852]
,[0.6500459682584158, 0.721414594261852]
,[0.6500459682584158, 0.721414594261852]
,[0.6500459682584158, 0.721414594261852]
],"vol":[[0.2138710269197674, 0.46184207816260037]
,[0.2138710269197674, 0.46184207816260037]
,[0.2138710269197674, 0.46184207816260037]
,[0.21387102691976742, 0.46184207816260037]
,[0.2138710269197674, 0.46184207816260037]
,[0.2138710269197674, 0.4618420781626003]
,[0.2138710269197674, 0.46184207816260037]
,[0.2138710269197674, 0.46184207816260037]
,[0.2138710269197674, 0.46184207816260037]
,[0.2138710269197674, 0.4618420781626003]
,[0.2138710269197674, 0.46184207816260037]
,[0.21387102691976742, 0.46184207816260037]
,[0.2138710269197674, 0.46184207816260037]
,[0.2138710269197674, 0.46184207816260037]
,[0.2138710269197674, 0.46184207816260037]
,[0.2138710269197674, 0.46184207816260037]
,[0.2138710269197674, 0.46184207816260037]
,[0.2138710269197674, 0.46184207816260037]
,[0.2138710269197674, 0.46184207816260037]
,[0.2138710269197674, 0.46184207816260037]
]}