{
"parameters":[2, 2, 2, 2, 20, 60]
,"current_iter":50,"domain":[[-5.12, -5.12]
,[5.12, 5.12]
],"result":[0.0002709768088546838, 0.00513715318750485, 0.039329645373712196, 0.0022852690841297374, 0.0011022350311424844, 0.002277601832464171, 1.195737366726135, 3.6423389053117567, 0.004136870748229882, 0.003839664440514312, 1.5229208441641173, 1.897629356172068, 0.0007691813223082988, 7.843319057622942, 1.0425201621128632, 5.9096249195956325, 19.2253800430124, 5.131191207127552, 0.00396072186360108, 5.035896589443837]
,"population":[[8.155667946118652E-05, 0.0011658557171525402]
,[0.0049991456400857795, 0.0009510687248142522]
,[0.013925741844086228, 0.0021068583934237663]
,[0.0013966942061019397, 0.003093300853188801]
,[0.0019029572804027985, -0.0013909171225616936]
,[0.0021283592306913382, 0.002636402483607243]
,[0.0546536313831299, -0.05568260946035038]
,[-0.07850390373530496, -0.6751117090492086]
,[0.004170037059499719, 0.0018611326025225188]
,[0.003961064638035354, 0.0019143499890963583]
,[0.697237947862881, -0.0007798703308252186]
,[-0.13909395536313748, -0.0031548452210512657]
,[0.0014730385902689642, -0.0013066211634150124]
,[0.69258731157476, -0.4316304790764744]
,[-0.0014393547864073914, 0.5401414616482766]
,[1.2472335521294005, 0.28265969234539]
,[-0.24358148776091088, -0.6990266388741884]
,[-0.016370075203698008, -0.1985789252259074]
,[0.0017649300351818948, -0.004104886730844834]
,[1.1018886337941214, 0.5981269893276063]
],"den":[[0.6500459682584158, 0.721414594261852]
,[0.6500459682584158, 0.721414594261852]
,[0.6500459682584158, 0.721414594261852]
,[0.6500459682584158, 0.721414594261852]
,[0.6500459682584158, 0.721414594261852]
,[0.6500459682584158, 0.721414594261852]
,[0.6500459682584158, 0.721414594261852]
,[0.6500459682584158, 0.721414594261852]
,[0.6500459682584158, 0.721414594261852]
,[0.6500459682584158, 0.721414594261852]
,[0.6500459682584158, 0.721414594261852]
,[0.6500459682584158, 0.721414594261852]
,[0.6500459682584158, 0.721414594261852]
,[0.6500459682584158, 0.721414594261852]
,[0.6500459682584158, 0.721414594261852]
,[0.6500459682584158, 0.721414594261852]
,[0.6500459682584158, 0.721414594261852]
,[0.6500459682584158, 0.721414594261852]
,[0.6500459682584158, 0.721414594261852]
,[0.6500459682584158, 0.721414594261852]
],"vol":[[0.2138710269197674, 0.46184207816260037]
,[0.2138710269197674, 0.46184207816260037]
,[0.2138710269197674, 0.46184207816260037]
,[0.2138710269197674, 0.46184207816260037]
,[0.2138710269197674, 0.46184207816260037]
,[0.2138710269197674, 0.46184207816260037]
,[0.2138710269197674, 0.46184207816260037]
,[0.2138710269197674, 0.46184207816260037]
,[0.2138710269197674, 0.46184207816260037]
,[0.2138710269197674, 0.46184207816260037]
,[0.2138710269197674, 0.46184207816260037]
,[0.2138710269197674, 0.46184207816260037]
,[0.2138710269197674, 0.46184207816260037]
,[0.2138710269197674, 0.46184207816260037]
,[0.2138710269197674, 0.46184207816260037]
,[0.2138710269197674, 0.46184207816260037]
,[0.2138710269197674, 0.46184207816260037]
,[0.2138710269197674, 0.46184207816260037]
,[0.2138710269197674, 0.46184207816260037]
,[0.2138710269197674, 0.46184207816260037]
]}