{
"parameters":[2, 2, 2, 2, 40, 40]
,"current_iter":10,"domain":[[-5.12, -5.12]
,[5.12, 5.12]
],"result":[9.476827691041455, 1.191333736606543, 16.688598248990253, 30.19627187578816, 2.23584456278253, 36.54762184824908, 23.220369887817842, 17.689392009505948, 9.194011740940887, 4.371442016983057, 20.752468431057427, 29.90813049700501, 4.455090705050555, 11.900868837970943, 18.133909663304642, 3.59997995009803, 9.372212831102065, 21.006743611801767, 15.85533039677022, 34.00838307634723, 23.204083873965423, 2.6857806180950057, 30.174669757032532, 29.012206269597524, 29.980523165951915, 10.4102366230677, 7.358459727248077, 14.345450671322238, 30.91332305182629, 7.329252391040713, 30.579072808627178, 37.329186859591395, 22.93776611775248, 26.63409532693507, 12.998040749141587, 13.05497858298163, 23.828023511373875, 13.714847497363069, 23.164095849577684, 10.785658708413756]
,"population":[[-2.143057800368319, -0.9709177563193774]
,[0.9701255164689125, 0.01939512017926459]
,[1.9425044811901095, -5.12]
,[0.4614061048636484, 5.12]
,[0.07641287448377868, -0.9719693863488547]
,[-5.12, 5.12]
,[-5.12, -5.12]
,[5.12, -5.12]
,[-0.5347506772945548, -3.628739119815993]
,[-0.3079296201263814, -0.9018173989244762]
,[2.1989104318911687, -3.009249703018743]
,[-5.12, -2.0524985973831127]
,[-0.945007366515309, 0.8930676225454661]
,[-2.431814748560007, -1.146147414552024]
,[-1.853492010501181, -2.88696428503207]
,[0.9248611623144382, -1.052669442539183]
,[4.548361052032525, -4.188166629275846]
,[5.12, -2.8456489301131334]
,[1.5987280036299092, -1.2672175195183406]
,[-5.12, 2.3164762417477567]
,[-0.2049064516269376, 3.993732514754993]
,[-0.0675124688199099, -0.8720266003317505]
,[-0.3096008030512154, 5.12]
,[-4.20526258591288, 0.8657299438329542]
,[0.972949336096888, 5.12]
,[-1.6317411131871506, -3.2096144068891888]
,[-0.09916215356214761, 0.17462534950477537]
,[-0.011412683710574648, 2.361906648484409]
,[-5.12, -2.9432332692001495]
,[-0.0955516961842966, -1.1523731852946313]
,[5.12, -0.426903396205895]
,[5.12, -5.12]
,[-5.12, -0.9784078789572088]
,[5.12, -3.8364959521500976]
,[2.6306930174482197, -3.6178205254273883]
,[0.1131527480497696, -5.12]
,[-5.12, -5.12]
,[-0.16735660047184223, -5.050440730854275]
,[-0.9946073927712459, -4.163591604533393]
,[-0.051355748786532394, 1.752833723145963]
],"den":[[0.3542578748181463, 0.45898492322566087]
,[0.35426472686888133, 0.4589963329959623]
,[0.35426878647768456, 0.4589903909660904]
,[0.3542677601504586, 0.45898793218892986]
,[0.3542658670831344, 0.4589884232316945]
,[0.354284375718091, 0.4589792259197009]
,[0.35428647456218065, 0.45900169119206785]
,[0.3542705602168437, 0.45898666698432333]
,[0.35427378052740377, 0.4589835465034929]
,[0.35426196063845283, 0.45898965289992755]
,[0.35426152659365956, 0.458991819541357]
,[0.3542606463185779, 0.45898704946363195]
,[0.35427318796575213, 0.45899121738392634]
,[0.35427819672868816, 0.4589887554259404]
,[0.3542594785970915, 0.45897956236476367]
,[0.3542729320286387, 0.45897615189472685]
,[0.3542595749376414, 0.45899562005840744]
,[0.3542693707117384, 0.4589828492534017]
,[0.35427405055326366, 0.4589808491977022]
,[0.35425762071940187, 0.4589912595670287]
,[0.3542787895433832, 0.45898012332468885]
,[0.3542791274601449, 0.45897454906464097]
,[0.35427812461278474, 0.45900315738473346]
,[0.3542648909278087, 0.4589954914168619]
,[0.35426816974825937, 0.4590014418108051]
,[0.35427815758676745, 0.4589863140674487]
,[0.3542578715574611, 0.45897512309606514]
,[0.3542685772405814, 0.45899437950759003]
,[0.35426396664919163, 0.45898516188688054]
,[0.35428273832391877, 0.4589828243928779]
,[0.3542857218117602, 0.45899401206362067]
,[0.35427337066834075, 0.4589757703770973]
,[0.35426786244105374, 0.45898175736542035]
,[0.3542845993977328, 0.4589910751174883]
,[0.3542590012741475, 0.4589948786354181]
,[0.3542574094138764, 0.45899429560548966]
,[0.3542837045635071, 0.45898766867104085]
,[0.3542765277527118, 0.4589948830008352]
,[0.3542590338940123, 0.4589978744001924]
,[0.3542762256843042, 0.45899111425635764]
],"vol":[[0.40578299167070797, 0.4888437600943736]
,[0.40577009604045605, 0.4888491037636282]
,[0.4057691711421545, 0.48885016601670356]
,[0.4057661986648182, 0.4888463875838812]
,[0.40576000090426567, 0.4888697203912911]
,[0.40578204191491657, 0.4888565259570582]
,[0.4057765320300068, 0.48886316731707513]
,[0.405777084450678, 0.48886769665078184]
,[0.4057599805833623, 0.4888453083987771]
,[0.4057857404115984, 0.48884356184906835]
,[0.40575601399294436, 0.4888532436080195]
,[0.4057849059749582, 0.4888413637563825]
,[0.40577371446920385, 0.48886149470657836]
,[0.4057796201419486, 0.48885801297006015]
,[0.4057691983400557, 0.48884820697231424]
,[0.4057763731569391, 0.4888701962803317]
,[0.4057746566575441, 0.48884805811368875]
,[0.4057599896736912, 0.48886365317345387]
,[0.4057852760958317, 0.48885173136546334]
,[0.405783430226668, 0.48887102546851924]
,[0.4057671505026548, 0.48886538224151266]
,[0.4057580436593603, 0.48886764611115735]
,[0.40577244665339046, 0.4888607652927125]
,[0.40577897707018523, 0.4888708650693348]
,[0.4057787942096611, 0.48886201406936125]
,[0.4057660850425415, 0.488849832413342]
,[0.40576862218241105, 0.4888459460620438]
,[0.40575916870749423, 0.48884684370798015]
,[0.40577976573499935, 0.4888576713648957]
,[0.40576071300954913, 0.48884622555338664]
,[0.4057806158150103, 0.48885127556186597]
,[0.4057661231521829, 0.4888601418937094]
,[0.40578461483363315, 0.48886206193668863]
,[0.4057721740460407, 0.48885987254562774]
,[0.4057653314774503, 0.48886372471945144]
,[0.4057614325890765, 0.48885153820568295]
,[0.40577102685136257, 0.4888622918178197]
,[0.4057616790871835, 0.48886097431295455]
,[0.40577482851201574, 0.48886800385249185]
,[0.4057668302983763, 0.4888473229527525]
]}