{
"parameters":[2, 2, 2, 2, 40, 40]
,"current_iter":5,"domain":[[-5.12, -5.12]
,[5.12, 5.12]
],"result":[31.58745354515689, 26.72086544358242, 16.688598248990253, 35.36836500957624, 22.015893385287008, 36.54762184824908, 23.220369887817842, 17.689392009505948, 9.194011740940887, 5.136058656291695, 37.5643700516078, 29.90813049700501, 28.320709873487072, 11.900868837970943, 22.584283233569526, 23.823322638585683, 9.372212831102065, 21.006743611801767, 15.85533039677022, 37.45855048007979, 30.298574137296157, 2.6857806180950057, 30.174669757032532, 38.39477397815864, 29.980523165951915, 10.4102366230677, 32.89530307314024, 18.73036553374785, 30.91332305182629, 34.46792045084034, 33.17558353164848, 37.329186859591395, 22.93776611775248, 26.63409532693507, 12.998040749141587, 13.05497858298163, 30.46434227463052, 13.714847497363069, 28.294325805029416, 43.41534952591581]
,"population":[[-5.12, -2.162999752631446]
,[-1.4701712402254734, -1.4837080401778784]
,[2.9321299879472242, -5.12]
,[-5.12, -4.98303666226307]
,[5.12, -3.7133588835409683]
,[-5.12, 5.12]
,[-5.12, -3.3510121003019266]
,[5.12, -5.12]
,[-3.9152377510135272, -2.117052379379206]
,[-1.1034595398180294, -0.9275404367234878]
,[-5.12, 3.9113779315410486]
,[4.027528332567084, -0.7007232363011306]
,[0.7932039881014316, -4.408394112820263]
,[-1.242054032441838, -0.8068196880276607]
,[4.658831402700888, -0.5344220880352123]
,[-2.269440527142335, -1.241488002168475]
,[5.12, -4.243028049798402]
,[3.463469569730383, -5.12]
,[1.6594559746386772, -5.12]
,[5.12, -1.8055275912191235]
,[0.40705122428284085, -5.12]
,[-0.03229435593225117, -0.3268156533655857]
,[0.08021737518609345, -5.12]
,[-5.12, 2.799555779775789]
,[4.132548391279901, 5.12]
,[-4.2442579823940045, -4.063660480040754]
,[-0.1465686989742113, 5.12]
,[-5.12, -1.6980873990855745]
,[-5.12, -5.12]
,[-3.98070598910166, -5.12]
,[-5.12, -2.5520634516961143]
,[5.12, -2.277261658309214]
,[-2.4930118815150104, -0.9947790199691207]
,[-3.2922118796285984, 1.1013808717143871]
,[5.12, -5.12]
,[0.25574090571100366, -5.12]
,[-0.7254465064489957, -3.8630749422016373]
,[-0.18754323957431562, -5.12]
,[-0.6690392459206198, -5.12]
,[-5.12, -3.6283664016169945]
],"den":[[0.35054915984020973, 0.46079527726825986]
,[0.35175173631863155, 0.46279776118428984]
,[0.3524642222950452, 0.4617548988888382]
,[0.35228409563969126, 0.4613233685786738]
,[0.3519518508382304, 0.4614095495632419]
,[0.35520022857318784, 0.459795365504212]
,[0.3555685884455368, 0.46373815711136]
,[0.35277552427953945, 0.4611013174936692]
,[0.35334070832186887, 0.460553654174595]
,[0.35126624609448504, 0.46162536379909047]
,[0.35119006859972274, 0.46200562251592175]
,[0.3510355749818744, 0.4611684449330113]
,[0.35323671015667313, 0.4618999402332948]
,[0.3541157784423259, 0.46146785166897336]
,[0.35083063277593113, 0.4598544136540813]
,[0.35319179164038367, 0.45925585546978615]
,[0.3508475411269716, 0.4626726363176975]
,[0.35256675891629885, 0.4604312825530647]
,[0.3533880994986517, 0.4600802606425881]
,[0.3505045639688351, 0.4619073436237022]
,[0.35421982101818195, 0.45995286552454817]
,[0.3542791274601449, 0.45897454906464097]
,[0.35410312166371843, 0.4639954828202138]
,[0.3517805296558033, 0.4626500589459303]
,[0.3523559825389534, 0.4636943891866403]
,[0.35410890879775037, 0.4610393784408805]
,[0.3505485875701737, 0.45907529506249006]
,[0.35242749991390265, 0.4624549121222712]
,[0.35161831315050024, 0.4608371637603739]
,[0.3549128559611646, 0.4604269193803039]
,[0.3554364761794781, 0.4623904234762061]
,[0.35326877556951575, 0.4591888968109705]
,[0.3523020482597962, 0.4602396495873777]
,[0.3552394857074897, 0.46187497161022]
,[0.35074685970312813, 0.4625425120845334]
,[0.35046747856702426, 0.4624401867945797]
,[0.3550824368715253, 0.46127711959027456]
,[0.35382286303206184, 0.46254327824171526]
,[0.3507525846873183, 0.4630682869790471]
,[0.35376984819374424, 0.4618818407192689]
],"vol":[[0.4101365710215064, 0.4846755052385727]
,[0.4078733096687923, 0.48561335161516367]
,[0.40771098440509695, 0.48579978347504743]
,[0.4071892965972544, 0.4851366455892999]
,[0.4061015520157246, 0.4892316948602093]
,[0.40996988311752186, 0.48691599159586046]
,[0.4090028648849478, 0.48808159057490536]
,[0.40909981806452334, 0.48887651612190036]
,[0.40609798557389165, 0.484947242055636]
,[0.4106189917255922, 0.48464071198466546]
,[0.405401824888482, 0.4863399194241106]
,[0.41047254303234887, 0.48425493338149145]
,[0.40850836586863865, 0.48778803728425585]
,[0.40954484726767876, 0.4871769714000656]
,[0.4077157578017825, 0.4854559592983344]
,[0.4089749816976108, 0.48931521627425406]
,[0.40867372563902943, 0.4854298337063731]
,[0.4060995809817597, 0.488166861317276]
,[0.41053750149133694, 0.4860745116800494]
,[0.41021354025339823, 0.4894607438322261]
,[0.40735634991279446, 0.4884703232526166]
,[0.4057580436593603, 0.48886764611115735]
,[0.40828585650099203, 0.4876600207251147]
,[0.40943198427140315, 0.48943259280213813]
,[0.4093998911399211, 0.48787918860385604]
,[0.4071693551982895, 0.4857412340609723]
,[0.40761463863934716, 0.48505915582793546]
,[0.40595549643303264, 0.4852166981361694]
,[0.4095703997314665, 0.48711701762104126]
,[0.4062265308136357, 0.4851082082543981]
,[0.4097195939311851, 0.4859945153831559]
,[0.40717604367157867, 0.4875506104176405]
,[0.410421445963313, 0.4878875896102369]
,[0.40823801225708023, 0.4875033381950447]
,[0.40703709995257403, 0.48817941807395904]
,[0.40635282138668216, 0.4860406109666097]
,[0.40803667263053184, 0.48792793514353117]
,[0.4063960833000887, 0.4876967050458139]
,[0.4087038871415174, 0.48893043188594354]
,[0.4073001521190989, 0.4853008085015154]
]}