{
"parameters":[2, 2, 2, 2, 20, 60]
,"current_iter":48,"domain":[[-5.12, -5.12]
,[5.12, 5.12]
],"result":[1.8262429830989735, 0.03579788040290843, 1.2015953866657263, 0.0022852690841297374, 0.03577575273898148, 0.036319617641234814, 21.10553951495048, 3.6423389053117567, 0.03699010385497559, 0.03949068924412735, 1.5229208441641173, 1.897629356172068, 0.03418570762479689, 7.843319057622942, 1.0425201621128632, 5.9096249195956325, 19.2253800430124, 5.131191207127552, 0.07272859873699389, 5.035896589443837]
,"population":[[-0.03330649164518451, -0.09123742524925868]
,[0.00954514952333068, -0.009454284643895007]
,[0.07827048823332033, -0.007230050344036374]
,[0.0013966942061019397, 0.003093300853188801]
,[0.009422015036495346, -0.009571176393119402]
,[0.009677434553943655, -0.00945896697807257]
,[-1.6865028966014202, 1.7268209784587523]
,[-0.028803349833800868, -0.7760809157866697]
,[0.011209641940279694, -0.007801103479302672]
,[0.010325845112073635, -0.00961747792828766]
,[0.8511082528468761, -0.016129927390442698]
,[-0.5685249384315594, -0.030596574658049172]
,[0.007418864298449838, -0.010831864434354582]
,[0.7685826896305206, -0.4092124479700078]
,[0.00988405697445738, 0.1772220490849127]
,[1.1663113460006282, 0.414611374166171]
,[-0.6565330544226151, -0.7251040754057385]
,[-0.03844752069367164, -0.49420089166703524]
,[0.006357785421062332, -0.018069946566585598]
,[1.2171908011041062, 0.4050187838010446]
],"den":[[0.6500459682584158, 0.721414594261852]
,[0.6500459682584158, 0.721414594261852]
,[0.6500459682584158, 0.721414594261852]
,[0.6500459682584158, 0.721414594261852]
,[0.6500459682584158, 0.721414594261852]
,[0.6500459682584158, 0.721414594261852]
,[0.6500459682584158, 0.721414594261852]
,[0.6500459682584158, 0.721414594261852]
,[0.6500459682584158, 0.721414594261852]
,[0.6500459682584158, 0.721414594261852]
,[0.6500459682584158, 0.721414594261852]
,[0.6500459682584158, 0.721414594261852]
,[0.6500459682584158, 0.721414594261852]
,[0.6500459682584158, 0.721414594261852]
,[0.6500459682584158, 0.721414594261852]
,[0.6500459682584158, 0.721414594261852]
,[0.6500459682584158, 0.721414594261852]
,[0.6500459682584158, 0.721414594261852]
,[0.6500459682584158, 0.721414594261852]
,[0.6500459682584158, 0.721414594261852]
],"vol":[[0.2138710269197674, 0.46184207816260037]
,[0.2138710269197674, 0.46184207816260037]
,[0.2138710269197674, 0.46184207816260037]
,[0.2138710269197674, 0.46184207816260037]
,[0.2138710269197674, 0.46184207816260037]
,[0.2138710269197674, 0.46184207816260037]
,[0.2138710269197674, 0.46184207816260037]
,[0.2138710269197674, 0.46184207816260037]
,[0.2138710269197674, 0.46184207816260037]
,[0.2138710269197674, 0.46184207816260037]
,[0.2138710269197674, 0.46184207816260037]
,[0.2138710269197674, 0.46184207816260037]
,[0.2138710269197674, 0.46184207816260037]
,[0.2138710269197674, 0.46184207816260037]
,[0.2138710269197674, 0.46184207816260037]
,[0.2138710269197674, 0.46184207816260037]
,[0.2138710269197674, 0.46184207816260037]
,[0.2138710269197674, 0.46184207816260037]
,[0.2138710269197674, 0.46184207816260037]
,[0.2138710269197674, 0.46184207816260037]
]}