{
"parameters":[2, 2, 2, 2, 20, 60]
,"current_iter":33,"domain":[[-5.12, -5.12]
,[5.12, 5.12]
],"result":[21.52119097130058, 10.208893586800333, 15.194564681524717, 18.261716570975718, 10.182861479882195, 34.390260719611334, 21.10553951495048, 5.611554450724473, 29.043373135674464, 18.02826792989051, 11.928818903219101, 10.555763694209462, 4.982819858204767, 7.843319057622942, 1.0425201621128632, 5.9096249195956325, 20.570728467728657, 10.797727347505974, 16.50989968493638, 5.035896589443837]
,"population":[[-1.0986212712693229, -3.474027132486419]
,[1.638957326910574, -2.303089063464318]
,[2.221643247494555, -1.2454142648260271]
,[1.6555700679895111, -3.160283083245575]
,[-3.333364837446804, -1.735634243854228]
,[-2.605601719245247, -5.12]
,[-2.3065913629076316, 0.5636854249049938]
,[3.1558521005404034, -1.034544799398302]
,[0.024480199861749465, -5.12]
,[-4.433072795629835, -1.1024964621213285]
,[-3.4636929203027127, -0.9025938213000693]
,[-3.305200364136582, -1.2668336442065231]
,[0.16641427975538206, -1.011442926144578]
,[2.58907519385323, -4.255331485268033]
,[0.011051599928804556, -1.0058059246030164]
,[1.6598828499163825, -1.0872313169717944]
,[-0.34506465326027663, -1.9211751399421693]
,[1.4842073553955644, -1.1539396123393235]
,[-0.038479799506456164, -3.4878756008789162]
,[3.5826198137827263, -1.0180062794389702]
],"den":[[0.6500459682584158, 0.7214145942618518]
,[0.6500459682584158, 0.7214145942618521]
,[0.6500459682584157, 0.7214145942618518]
,[0.6500459682584157, 0.721414594261852]
,[0.6500459682584157, 0.721414594261852]
,[0.6500459682584158, 0.7214145942618518]
,[0.6500459682584158, 0.721414594261852]
,[0.6500459682584158, 0.721414594261852]
,[0.6500459682584158, 0.721414594261852]
,[0.6500459682584159, 0.7214145942618521]
,[0.6500459682584158, 0.721414594261852]
,[0.6500459682584157, 0.7214145942618521]
,[0.6500459682584158, 0.721414594261852]
,[0.6500459682584158, 0.7214145942618521]
,[0.6500459682584157, 0.7214145942618518]
,[0.6500459682584158, 0.7214145942618518]
,[0.6500459682584157, 0.7214145942618521]
,[0.6500459682584158, 0.721414594261852]
,[0.6500459682584158, 0.721414594261852]
,[0.6500459682584158, 0.7214145942618521]
],"vol":[[0.2138710269197675, 0.4618420781626003]
,[0.21387102691976742, 0.46184207816260026]
,[0.21387102691976737, 0.46184207816260026]
,[0.21387102691976756, 0.46184207816260026]
,[0.21387102691976745, 0.4618420781626003]
,[0.2138710269197675, 0.46184207816260014]
,[0.21387102691976748, 0.46184207816260026]
,[0.21387102691976737, 0.46184207816260037]
,[0.2138710269197674, 0.46184207816260037]
,[0.2138710269197675, 0.46184207816260014]
,[0.21387102691976748, 0.4618420781626002]
,[0.21387102691976753, 0.4618420781626003]
,[0.2138710269197674, 0.46184207816260026]
,[0.2138710269197675, 0.4618420781626002]
,[0.21387102691976737, 0.4618420781626003]
,[0.21387102691976745, 0.4618420781626002]
,[0.2138710269197674, 0.46184207816260026]
,[0.21387102691976742, 0.46184207816260026]
,[0.2138710269197674, 0.46184207816260026]
,[0.21387102691976745, 0.4618420781626002]
]}