{
"parameters":[2, 2, 2, 2, 20, 60]
,"current_iter":27,"domain":[[-5.12, -5.12]
,[5.12, 5.12]
],"result":[21.52119097130058, 10.208893586800333, 22.04353305436923, 18.261716570975718, 10.182861479882195, 34.390260719611334, 21.10553951495048, 7.580220926173794, 33.70537460519807, 18.02826792989051, 11.928818903219101, 10.555763694209462, 6.7890205995420345, 11.543528843788813, 28.944823600207503, 17.899284936582134, 20.570728467728657, 10.797727347505974, 16.50989968493638, 5.035896589443837]
,"population":[[-3.7103968623764, -2.195285270862027]
,[-2.0085696115530456, -5.12]
,[-1.6352846505809615, -1.4862898250444931]
,[-0.9834712656305531, -4.17084509360903]
,[-2.059612285267117, -3.9961615677851987]
,[-4.857810433700896, -5.12]
,[-5.12, 2.59199380578383]
,[-1.8892528531495147, -0.935461321623028]
,[-5.12, -5.12]
,[-5.12, -5.12]
,[-3.951518629203527, -0.6386044326293234]
,[-5.12, -1.0744866762690877]
,[-1.893945367311785, -0.9764465336446637]
,[-1.838629028244883, 0.2992912026318444]
,[-5.12, 5.12]
,[-4.476231612742585, -1.21212503906375]
,[-5.12, -5.12]
,[-2.6992464983598268, -1.1636288424748624]
,[-4.938708544989586, -1.5227930048798624]
,[-1.9723217347898174, -0.9954395255922033]
],"den":[[0.6500459682584114, 0.7214145942618138]
,[0.6500459682584103, 0.7214145942618521]
,[0.6500459682583869, 0.7214145942618134]
,[0.6500459682583939, 0.7214145942618257]
,[0.6500459682583936, 0.7214145942618487]
,[0.6500459682584198, 0.7214145942618128]
,[0.650045968258411, 0.7214145942618344]
,[0.6500459682584169, 0.7214145942618265]
,[0.6500459682584109, 0.721414594261822]
,[0.6500459682584309, 0.7214145942618551]
,[0.6500459682584071, 0.7214145942618388]
,[0.6500459682583912, 0.7214145942618562]
,[0.6500459682584155, 0.7214145942618442]
,[0.6500459682584194, 0.7214145942618571]
,[0.6500459682583887, 0.7214145942618135]
,[0.650045968258398, 0.721414594261813]
,[0.6500459682583904, 0.7214145942618562]
,[0.6500459682583979, 0.7214145942618294]
,[0.6500459682584032, 0.7214145942618294]
,[0.6500459682584159, 0.7214145942618523]
],"vol":[[0.21387102691977788, 0.461842078162623]
,[0.21387102691976412, 0.4618420781626082]
,[0.2138710269197511, 0.46184207816261574]
,[0.21387102691979293, 0.4618420781626091]
,[0.21387102691977122, 0.46184207816261974]
,[0.2138710269197853, 0.46184207816258643]
,[0.2138710269197759, 0.46184207816260314]
,[0.2138710269197529, 0.46184207816262957]
,[0.2138710269197621, 0.461842078162631]
,[0.2138710269197814, 0.46184207816259587]
,[0.21387102691977417, 0.46184207816260053]
,[0.2138710269197897, 0.46184207816262196]
,[0.2138710269197593, 0.4618420781626069]
,[0.21387102691977838, 0.46184207816259926]
,[0.21387102691975152, 0.4618420781626228]
,[0.21387102691976895, 0.4618420781625985]
,[0.21387102691975562, 0.4618420781626021]
,[0.2138710269197624, 0.4618420781626057]
,[0.21387102691975626, 0.4618420781626107]
,[0.21387102691976756, 0.4618420781626001]
]}