{
"parameters":[2, 2, 2, 2, 20, 60]
,"current_iter":32,"domain":[[-5.12, -5.12]
,[5.12, 5.12]
],"result":[21.52119097130058, 10.208893586800333, 15.194564681524717, 18.261716570975718, 10.182861479882195, 34.390260719611334, 21.10553951495048, 5.611554450724473, 32.90496577669411, 18.02826792989051, 11.928818903219101, 10.555763694209462, 4.982819858204767, 7.843319057622942, 1.0425201621128632, 5.9096249195956325, 20.570728467728657, 10.797727347505974, 16.50989968493638, 5.035896589443837]
,"population":[[-3.3557245821440667, -2.105411519036773]
,[-3.8154409256215365, -3.399050263451162]
,[-1.969265022860412, -1.363855832342117]
,[-1.6320524152919111, -1.8872884421338953]
,[-3.5976527337694453, -2.710965995277333]
,[-5.12, -5.12]
,[-5.12, 2.7471709876202315]
,[-2.04748678407217, -1.069520765071396]
,[-1.9884541431332792, 5.12]
,[-5.12, -3.847780565072574]
,[-5.12, 0.6221501345766833]
,[-5.12, -1.2772854434887422]
,[-1.9887279663289015, -1.0012102262353342]
,[-2.0299250127350175, -5.12]
,[0.011051599928804556, -1.0058059246030164]
,[-2.079945920577116, -1.077605150666182]
,[-5.12, -5.052143211848218]
,[-2.4416128819488128, -1.2761548438453392]
,[-5.12, -4.54125233070845]
,[-2.0163853415477546, -1.0073510395448915]
],"den":[[0.6500459682584159, 0.7214145942618518]
,[0.6500459682584159, 0.7214145942618522]
,[0.6500459682584157, 0.7214145942618518]
,[0.6500459682584157, 0.721414594261852]
,[0.6500459682584157, 0.7214145942618521]
,[0.6500459682584159, 0.7214145942618518]
,[0.6500459682584159, 0.7214145942618521]
,[0.6500459682584159, 0.721414594261852]
,[0.6500459682584159, 0.721414594261852]
,[0.650045968258416, 0.7214145942618522]
,[0.6500459682584158, 0.7214145942618521]
,[0.6500459682584157, 0.7214145942618522]
,[0.6500459682584159, 0.7214145942618521]
,[0.6500459682584159, 0.7214145942618522]
,[0.6500459682584157, 0.7214145942618518]
,[0.6500459682584158, 0.7214145942618518]
,[0.6500459682584157, 0.7214145942618522]
,[0.6500459682584158, 0.721414594261852]
,[0.6500459682584158, 0.721414594261852]
,[0.6500459682584159, 0.7214145942618522]
],"vol":[[0.21387102691976756, 0.4618420781626003]
,[0.21387102691976745, 0.4618420781626002]
,[0.21387102691976737, 0.46184207816260026]
,[0.21387102691976764, 0.4618420781626002]
,[0.2138710269197675, 0.4618420781626003]
,[0.2138710269197676, 0.46184207816260003]
,[0.21387102691976753, 0.4618420781626002]
,[0.21387102691976737, 0.46184207816260037]
,[0.21387102691976742, 0.46184207816260037]
,[0.21387102691976756, 0.4618420781626001]
,[0.21387102691976753, 0.46184207816260014]
,[0.21387102691976762, 0.4618420781626003]
,[0.21387102691976742, 0.4618420781626002]
,[0.21387102691976756, 0.46184207816260014]
,[0.21387102691976737, 0.4618420781626003]
,[0.21387102691976748, 0.46184207816260014]
,[0.2138710269197674, 0.4618420781626002]
,[0.21387102691976745, 0.4618420781626002]
,[0.2138710269197674, 0.4618420781626002]
,[0.21387102691976748, 0.46184207816260014]
]}