{
"parameters":[2, 2, 2, 2, 40, 40]
,"current_iter":1,"domain":[[-5.12, -5.12]
,[5.12, 5.12]
],"result":[47.174858284032524, 32.33673161699805, 18.017953806555496, 39.84832609402442, 30.83565152351392, 9.388355459988293, 46.43092057887321, 36.28474462516453, 26.296213533289073, 9.133210275997225, 38.62584280513349, 11.652987536959301, 23.95502563416463, 18.74211228773701, 23.435946322972878, 33.521476607265434, 34.434390280355174, 32.905367779236485, 57.849427451571785, 47.66715641503281, 23.843166107649214, 10.102387056023758, 40.14458313933423, 20.07557995883365, 30.291474270373243, 19.912488334347138, 21.219149137009527, 24.352783656651997, 31.006233254046645, 14.04532550101997, 46.13593348850268, 7.37210905973099, 27.84560477434018, 33.934453024827434, 44.484212832669456, 29.925066656610905, 27.018111468831773, 29.39336202593619, 10.99448607885413, 35.439060119026365]
,"population":[[-5.12, -1.360515086880002]
,[-4.751817795112184, -5.12]
,[1.1625747072220647, -4.475887682205149]
,[5.12, 2.424921638955955]
,[5.12, -2.49791980959588]
,[-5.12, -2.135453656579493]
,[-5.12, 3.8271014983360283]
,[5.12, -5.12]
,[5.12, 5.12]
,[-0.026207623124020252, -2.999534987632518]
,[5.12, -5.12]
,[5.12, -4.781042838684149]
,[3.983677012591884, 5.12]
,[2.00804159151719, -2.8009743976502244]
,[5.12, -0.7434089334033771]
,[4.428540968475522, -5.12]
,[5.12, -0.8368600250954683]
,[5.12, 1.9919505907847306]
,[-5.12, 5.12]
,[5.12, -5.12]
,[3.351887396087998, -5.12]
,[-5.12, -0.2093560517745695]
,[5.12, 2.1916689846613373]
,[-0.8423047232997476, -2.362048027304715]
,[5.12, 1.0383314130438626]
,[-5.12, 1.1863161226499819]
,[-1.5875904724216374, -5.12]
,[5.12, 5.12]
,[1.6945195840413554, 2.2448982705104896]
,[-0.2974181208785769, -1.0065003017008873]
,[3.418694216691475, -5.12]
,[-5.12, 5.12]
,[4.877733411369352, 2.7252656063601775]
,[-1.9167979356002602, -5.12]
,[3.608695934372655, 3.805675751472849]
,[0.9897419987516964, -5.12]
,[-5.12, 2.9935819713209915]
,[-5.12, 4.872603953382418]
,[3.4495646295066043, 5.12]
,[-3.9653567182852916, 0.565740192172588]
],"den":[[0.6158982452909423, 0.36189503521841415]
,[0.812896065878127, 0.6186574430864937]
,[0.537803947501956, 0.48311366770038316]
,[0.6477579700591561, 0.3934985014720547]
,[0.6319962743928538, 0.36939642004127854]
,[0.5278504322646749, 0.6056558745910129]
,[0.7488629973751255, 0.35286578543487845]
,[0.5046952553685304, 0.5880835947003418]
,[0.7515435610561948, 0.38149061007472934]
,[0.8765150017443695, 0.3532730017152308]
,[0.8514357236023953, 0.33756916468490855]
,[0.6456904353165176, 0.3850445605113763]
,[0.7019327572009638, 0.5375093207624964]
,[0.6348363641944118, 0.43119465808035934]
,[0.6284722175254505, 0.5356166441621388]
,[0.5651552418211354, 0.3374278461599032]
,[0.6802199271183211, 0.6195926202342276]
,[0.51049445193854, 0.36646611276055086]
,[0.645878617862927, 0.6095569620702033]
,[0.5534859893602768, 0.558368942669698]
,[0.5691069477452495, 0.6889611516145516]
,[0.5838915051351792, 0.5298674348461085]
,[0.7761864660653695, 0.48193691888092366]
,[0.7523047986133258, 0.40865861406746506]
,[0.7078598141616629, 0.5479688698093443]
,[0.8235740666246841, 0.5313372132632769]
,[0.8716527838869541, 0.5439981525153055]
,[0.6915852640787813, 0.3556347685080884]
,[0.7060871820573738, 0.3445839933039647]
,[0.7220438912276976, 0.520077074006395]
,[0.7256788492745624, 0.6811278537308583]
,[0.8111036470238183, 0.5079945694316125]
,[0.5960333718559854, 0.585082923380185]
,[0.7389783500175786, 0.5193408319348916]
,[0.7124570971114065, 0.5096094855396005]
,[0.802985968201429, 0.5162819406922141]
,[0.5655161919527874, 0.6527771183170387]
,[0.6423201526581293, 0.5389726970951344]
,[0.8495290981672173, 0.5361056767257891]
,[0.6082099630892841, 0.3528432286269183]
],"vol":[[0.5037010191570735, 0.5301814664574157]
,[0.7850050767992508, 0.4801571285458218]
,[0.5103699593073967, 0.4783354772457923]
,[0.5079328105530155, 0.657372917537458]
,[0.5406664179788668, 0.6042824966974356]
,[0.6897315043588091, 0.4260434576628359]
,[0.5589406827155519, 0.33321320754168304]
,[0.7527302243085773, 0.5950656553368596]
,[0.788327504933143, 0.3242506940911224]
,[0.6737087865077309, 0.3639721016405092]
,[0.8275470808532288, 0.4423316035315607]
,[0.5826637045434391, 0.48233798630577096]
,[0.7176920902414715, 0.6024059236607479]
,[0.6939206212014403, 0.4326791369129972]
,[0.7000378477213716, 0.4164923435669635]
,[0.6214460607149002, 0.666243653069307]
,[0.5510001315860319, 0.5800091434626624]
,[0.520363941588614, 0.34000715461045766]
,[0.7846905263152325, 0.43429659648768987]
,[0.5202595236083571, 0.48797696580604427]
,[0.8714834472696011, 0.5395235830304111]
,[0.6432780154523517, 0.5211773797933141]
,[0.6105260995111828, 0.6096398359657923]
,[0.7329448572565674, 0.6800018178719586]
,[0.6094927430282702, 0.5817882082854169]
,[0.801186118506294, 0.41373261732200817]
,[0.7277757023838147, 0.37442439543650585]
,[0.8496461718132011, 0.6709693915062533]
,[0.8138445500331077, 0.5839658634173517]
,[0.5905621560052492, 0.34165744722987657]
,[0.572242356525091, 0.48785549664777056]
,[0.7962928592339222, 0.5105404355898908]
,[0.6318302661180772, 0.6351866632741803]
,[0.8680277675168837, 0.6180805376970896]
,[0.5253395254732514, 0.43888837314557627]
,[0.6118887474147257, 0.4297217356930859]
,[0.7873438461375538, 0.35516848435704784]
,[0.8664735102979115, 0.3575782128206885]
,[0.5847034502511779, 0.625690710809331]
,[0.7981070610906448, 0.6630307901868093]
]}