{
"parameters":[2, 2, 2, 2, 40, 40]
,"current_iter":3,"domain":[[-5.12, -5.12]
,[5.12, 5.12]
],"result":[31.58745354515689, 26.72086544358242, 16.688598248990253, 35.36836500957624, 22.015893385287008, 36.54762184824908, 23.220369887817842, 17.689392009505948, 9.194011740940887, 11.527403397613572, 37.5643700516078, 33.811512002692616, 28.320709873487072, 11.900868837970943, 22.584283233569526, 23.823322638585683, 9.372212831102065, 21.006743611801767, 15.85533039677022, 37.45855048007979, 30.298574137296157, 2.6857806180950057, 32.01872108309792, 45.856705705037896, 40.4694409141877, 10.4102366230677, 38.121037564663155, 20.73693218362541, 30.91332305182629, 34.46792045084034, 33.17558353164848, 37.329186859591395, 22.93776611775248, 26.723747982352773, 12.998040749141587, 13.05497858298163, 39.66420529717381, 13.714847497363069, 28.294325805029416, 43.41534952591581]
,"population":[[5.12, 5.12]
,[5.12, -5.12]
,[2.3441339360730673, -1.5694058503222454]
,[-5.12, -5.12]
,[-5.12, 0.6704157535712691]
,[-5.12, -3.8852443796545355]
,[-5.12, 1.6777127514111734]
,[-2.8275554419345643, 3.4947016809957603]
,[-2.1185559097166595, -5.12]
,[-1.3281675123413932, 0.6529170960674153]
,[-5.12, -0.6974169765468154]
,[-5.12, -2.057800691742997]
,[-5.12, 1.7838097011257283]
,[1.791074177217261, -0.959322939861635]
,[5.12, -0.4092973479927081]
,[1.355346593276336, -0.8305861683015618]
,[5.12, -4.961491717524293]
,[3.2882568166230524, 5.12]
,[5.12, -3.6583615454811564]
,[5.12, 4.694449732644323]
,[5.12, 1.5429234388333462]
,[-0.30953490458121924, -0.28185448764474463]
,[0.3086310393259141, -5.12]
,[-3.3804375492426053, -5.12]
,[0.2814473818585821, -5.12]
,[-1.1981546060845978, 0.6042118280954228]
,[-5.12, 2.174655767394759]
,[5.12, 5.12]
,[-5.12, -1.5779928044995528]
,[0.836216417906521, 5.12]
,[-4.683482997128627, 4.352662940249153]
,[-1.4669888360930785, 3.7666864303537]
,[-5.12, 5.12]
,[0.43505790447707526, 5.12]
,[5.12, -0.35718776877744673]
,[-1.6477507648312726, 1.0830338798943562]
,[5.12, -0.26069576963246066]
,[-4.769664099174014, -2.8057555889909302]
,[5.12, 1.4050076395449702]
,[-5.12, 5.12]
],"den":[[0.3480987775014942, 0.4619913949530098]
,[0.3500913801849507, 0.46530939999988724]
,[0.3512719300244005, 0.4635814348802639]
,[0.350973470123296, 0.4628664130338737]
,[0.35042295887113495, 0.4630092101567135]
,[0.35580534103784, 0.4603345964873719]
,[0.3564156929641336, 0.4668675840167996]
,[0.3517877401876614, 0.46249848667261223]
,[0.3527242188728843, 0.46159103885636177]
,[0.3492869497468169, 0.46336680240402267]
,[0.3491607278530696, 0.4639968700572334]
,[0.3489047404767778, 0.46260971312528826]
,[0.3525518996676097, 0.46382176036256134]
,[0.354008467176091, 0.4631058135199225]
,[0.34856516258144765, 0.460432436004437]
,[0.3524774721715616, 0.459440658212644]
,[0.3485931787835442, 0.4651020750193869]
,[0.3514418275322336, 0.46138827585058584]
,[0.35280274343055196, 0.46080665196776593]
,[0.3480248846102174, 0.46383402737082]
,[0.3541808599673725, 0.4605955653062351]
,[0.3542791274601449, 0.45897454906464097]
,[0.3539874955942668, 0.4672939584779543]
,[0.35013908915144354, 0.4650646655636259]
,[0.3510925827377079, 0.4667950629873177]
,[0.35399708455514245, 0.46239585708936976]
,[0.34809782928170946, 0.459141479608572]
,[0.35121108307078003, 0.4647413180747399]
,[0.34987030537796404, 0.46206079855276805]
,[0.355329180520697, 0.46138104631474547]
,[0.35619679024934625, 0.4646344639565133]
,[0.3526050302824377, 0.45932971141996126]
,[0.3510032166214507, 0.46107075062992986]
,[0.3558703879371917, 0.46378038873569705]
,[0.3484263552351675, 0.46488646636510333]
,[0.3479634361514363, 0.46471691902154083]
,[0.35561016670586765, 0.46278978101915785]
,[0.35352312254895857, 0.46488773584516047]
,[0.3484358412171942, 0.4657576462729933]
,[0.35343527989529777, 0.46379177046930764]
],"vol":[[0.4130130212245706, 0.48192150064596245]
,[0.40926292239451556, 0.4834754601988032]
,[0.40899395841439795, 0.48378436747493225]
,[0.4081295505829743, 0.4826855846911743]
,[0.4063272179987583, 0.48947085474469215]
,[0.4127368285908886, 0.4856338625687884]
,[0.41113453288682905, 0.48756519558182626]
,[0.411295178940746, 0.4888823432281606]
,[0.40632130860198035, 0.48237175351602096]
,[0.4138123656378073, 0.48186385014942795]
,[0.40516780886640874, 0.48467934285558073]
,[0.41356970825644196, 0.48122463634997503]
,[0.41031517537855877, 0.4870787940221905]
,[0.41203256770589775, 0.48606629166375087]
,[0.40900186766858293, 0.4832146698386915]
,[0.4110883319882518, 0.48960924510633475]
,[0.4105891673683645, 0.4831713811784]
,[0.4063239521045402, 0.4877064844837105]
,[0.4136773408286861, 0.4842395769092847]
,[0.4131405549829329, 0.48985037621752403]
,[0.40840634868338477, 0.4882093041193316]
,[0.4057580436593603, 0.48886764611115735]
,[0.40994648966831704, 0.48686667766714076]
,[0.411845559966035, 0.48980373151832873]
,[0.41179238342295515, 0.4872298267151584]
,[0.4080965087882924, 0.4836873543354818]
,[0.40883431881158067, 0.482557188444278]
,[0.40608521197982483, 0.48281822733184776]
,[0.4120749067245181, 0.48596695156928627]
,[0.4065343009515361, 0.4826384656007443]
,[0.41232211325819784, 0.48410702747170914]
,[0.4081075912184442, 0.48668539084157675]
,[0.41348504324036645, 0.48724374671788484]
,[0.40986721440348595, 0.48660706338441506]
,[0.40787736916412504, 0.48772729033474055]
,[0.4067435574431298, 0.48418340530291876]
,[0.40953360578287407, 0.48731059703414337]
,[0.40681524003986447, 0.48692746155671246]
,[0.4106391433090826, 0.4889716786658985]
,[0.40831323204878284, 0.48295759355320855]
]}