{
"parameters":[2, 2, 2, 2, 40, 40]
,"current_iter":33,"domain":[[-5.12, -5.12]
,[5.12, 5.12]
],"result":[9.476827691041455, 0.9949591334387016, 6.398137153334042, 0.9949676908808875, 2.23584456278253, 0.9949591063543792, 18.716683365186462, 15.613525809529992, 0.9949606256837829, 0.9949591174149326, 4.603884096677864, 0.9949591129959767, 4.455090705050555, 7.384472459764012, 0.9960424892843172, 0.996232638466493, 1.51051745999286, 0.9949590696881145, 1.4445597958540208, 0.9951756349021892, 0.9949611112095322, 2.6857806180950057, 3.434124934587653, 1.825536971747285, 0.9951205437345472, 0.9949590800067849, 6.253361613713206, 3.424225854674768, 8.504797811130782, 0.9961264771684899, 1.0000725674559696, 0.9949590673933972, 1.4276257086117319, 8.91197874459479, 12.998040749141587, 2.038920469422676, 0.9949615001659495, 13.714847497363069, 13.149211582631198, 6.24362739534687]
,"population":[[1.7445806080788713, 0.6315367125075606]
,[0.9949494510094601, -1.7334030347883593E-05]
,[0.9698328792534062, 0.17120862590843794]
,[0.9948698302270049, -0.00018877509951547748]
,[1.054526960711334, 0.45385068210848944]
,[0.9949581957243862, -1.575139563952395E-05]
,[1.6861569736469832, 0.7601081551930713]
,[3.1194651181219, -0.13051342180431583]
,[0.9950209347393864, -6.346267779133995E-05]
,[0.9949688087773738, -1.4165183923329568E-05]
,[1.3112641067376907, -0.12352489757809171]
,[0.9949579935314514, -1.677391174405127E-05]
,[1.068253175367412, -0.5225871896370058]
,[0.29024498583923153, 0.0028987343693236034]
,[0.9953767068868195, 0.0022992297890564975]
,[0.9949560310085299, -0.0025337018496341787]
,[1.563719486602655, -0.0025778661567785735]
,[0.9949580624842126, 7.946940037669557E-06]
,[1.4787230053576805, -0.028800315679658673]
,[0.9954946300225821, -0.0008969466807401654]
,[0.9948602358856483, 2.5996339982166836E-05]
,[1.5007648724756324, 0.7100039282705403]
,[1.6463106912537033, 0.055359760228940735]
,[0.9320543427738118, 0.01729519648780578]
,[0.994056850089764, -3.482619847472901E-05]
,[0.9949581996259189, -1.073798080340472E-05]
,[0.39792598959183156, 0.0002267699843902845]
,[0.9927384670854452, -0.1129791079684065]
,[1.0513492347984186, 0.3136654919698278]
,[0.9950348021608352, 0.0024246078828952314]
,[0.9951996390246046, 0.00507137862017291]
,[0.9949581457145061, -7.188604541173763E-06]
,[1.3549994639134777, -0.00787474548976748]
,[1.527383599747518, -0.007464763678445523]
,[2.5172099597790654, -0.38537324014837404]
,[0.9955132224543366, -0.07317794023123514]
,[0.9949574116645414, -0.00011096334337920588]
,[1.2346073483065059, -1.4939668642748554]
,[0.5211965585261076, -0.7568277962109254]
,[0.7829901213512053, -0.0777702824447735]
],"den":[[0.3542647008804241, 0.458996273733344]
,[0.3542647008804249, 0.45899627373334534]
,[0.35426470088042533, 0.4589962737333447]
,[0.3542647008804252, 0.4589962737333444]
,[0.354264700880425, 0.45899627373334445]
,[0.35426470088042705, 0.4589962737333434]
,[0.3542647008804273, 0.4589962737333459]
,[0.3542647008804255, 0.45899627373334423]
,[0.3542647008804259, 0.4589962737333439]
,[0.35426470088042455, 0.45899627373334456]
,[0.3542647008804245, 0.4589962737333448]
,[0.3542647008804244, 0.4589962737333443]
,[0.3542647008804258, 0.45899627373334473]
,[0.3542647008804264, 0.45899627373334445]
,[0.3542647008804243, 0.45899627373334345]
,[0.3542647008804258, 0.45899627373334306]
,[0.3542647008804243, 0.45899627373334523]
,[0.3542647008804254, 0.4589962737333438]
,[0.3542647008804259, 0.45899627373334356]
,[0.35426470088042405, 0.45899627373334473]
,[0.35426470088042644, 0.4589962737333435]
,[0.35426470088042644, 0.4589962737333429]
,[0.35426470088042633, 0.45899627373334606]
,[0.3542647008804249, 0.45899627373334523]
,[0.3542647008804252, 0.4589962737333459]
,[0.3542647008804264, 0.4589962737333442]
,[0.3542647008804241, 0.45899627373334295]
,[0.3542647008804253, 0.4589962737333451]
,[0.3542647008804248, 0.45899627373334406]
,[0.3542647008804269, 0.4589962737333438]
,[0.3542647008804272, 0.45899627373334506]
,[0.35426470088042583, 0.458996273733343]
,[0.3542647008804252, 0.4589962737333437]
,[0.35426470088042705, 0.45899627373334473]
,[0.3542647008804242, 0.4589962737333452]
,[0.35426470088042405, 0.4589962737333451]
,[0.354264700880427, 0.45899627373334434]
,[0.35426470088042616, 0.4589962737333452]
,[0.3542647008804242, 0.4589962737333455]
,[0.35426470088042616, 0.45899627373334473]
],"vol":[[0.40577019045629104, 0.4888490543825446]
,[0.4057701904562896, 0.4888490543825452]
,[0.4057701904562895, 0.48884905438254533]
,[0.40577019045628915, 0.4888490543825449]
,[0.4057701904562884, 0.48884905438254755]
,[0.4057701904562909, 0.48884905438254606]
,[0.4057701904562903, 0.4888490543825468]
,[0.40577019045629037, 0.4888490543825473]
,[0.4057701904562884, 0.4888490543825448]
,[0.4057701904562913, 0.4888490543825446]
,[0.40577019045628804, 0.48884905438254567]
,[0.40577019045629126, 0.48884905438254433]
,[0.40577019045629, 0.4888490543825466]
,[0.40577019045629065, 0.4888490543825462]
,[0.4057701904562895, 0.4888490543825451]
,[0.4057701904562903, 0.48884905438254755]
,[0.4057701904562901, 0.4888490543825451]
,[0.4057701904562884, 0.48884905438254683]
,[0.4057701904562913, 0.4888490543825455]
,[0.4057701904562911, 0.48884905438254767]
,[0.40577019045628926, 0.48884905438254705]
,[0.4057701904562882, 0.4888490543825473]
,[0.40577019045628987, 0.4888490543825465]
,[0.4057701904562906, 0.48884905438254767]
,[0.40577019045629054, 0.48884905438254667]
,[0.40577019045628915, 0.4888490543825453]
,[0.4057701904562894, 0.4888490543825449]
,[0.40577019045628837, 0.488849054382545]
,[0.40577019045629065, 0.48884905438254617]
,[0.40577019045628854, 0.4888490543825449]
,[0.40577019045629076, 0.48884905438254544]
,[0.40577019045628915, 0.48884905438254644]
,[0.4057701904562912, 0.48884905438254667]
,[0.4057701904562898, 0.48884905438254644]
,[0.40577019045628904, 0.48884905438254683]
,[0.4057701904562886, 0.4888490543825455]
,[0.4057701904562897, 0.4888490543825467]
,[0.40577019045628865, 0.48884905438254656]
,[0.4057701904562901, 0.48884905438254733]
,[0.4057701904562892, 0.488849054382545]
]}