{
"parameters":[2, 2, 2, 2, 20, 60]
,"current_iter":2,"domain":[[-5.12, -5.12]
,[5.12, 5.12]
],"result":[35.654827456408505, 37.80737184834007, 22.91745998891672, 23.337987284954693, 30.126089745398268, 34.390260719611334, 50.418034339658846, 33.10848824768017, 39.43525721164079, 18.02826792989051, 11.928818903219101, 18.566648629413876, 11.78006661749994, 21.66098991138792, 39.25003409621459, 28.882639226633795, 26.341121734400677, 35.067463653581704, 21.633178945801205, 7.987892194344207]
,"population":[[5.12, -0.8143337552447396]
,[-5.12, 0.367492099523393]
,[-5.12, 0.09369296599083166]
,[-2.623120613072649, 0.10081893915520168]
,[3.081436040081019, 4.113343957909292]
,[-5.12, -5.12]
,[-5.12, 1.4448548749220205]
,[5.12, -0.24057426094995327]
,[0.6654626142504754, 5.12]
,[0.8813642027306141, 5.12]
,[1.8500277372681044, -1.3823568444196201]
,[-0.848025031195828, 0.602706921342777]
,[3.7762518671252123, 1.9666679020239424]
,[5.12, -4.130411161295391]
,[5.12, -1.4120581149923064]
,[5.12, 5.12]
,[-1.6053002719967995, 5.12]
,[-1.3581341951027612, -2.4379921746508635]
,[-5.12, 3.1572798037232177]
,[-2.1148378435707147, -1.0068902325419908]
],"den":[[0.6472927346474093, 0.697345879680108]
,[0.6465450502011527, 0.7212956674608545]
,[0.631926153705476, 0.6970948526443934]
,[0.6363028013245154, 0.7047882210476734]
,[0.6360494688264017, 0.7191403486925622]
,[0.6524522837252178, 0.6966483903381259]
,[0.6469898659164554, 0.7102333179243437]
,[0.6506568825738994, 0.7052965464292837]
,[0.6469387001629308, 0.7024753518307338]
,[0.6594452194169106, 0.723201075210618]
,[0.6445755949757759, 0.7130314923012461]
,[0.6346157247386974, 0.723869775257111]
,[0.6498448366780276, 0.7163215075785777]
,[0.6522659246206146, 0.7244442737920019]
,[0.6330007772465351, 0.6972029326424276]
,[0.6388458625284296, 0.696798874955546]
,[0.6341536148744628, 0.7238489453580329]
,[0.6388243679487434, 0.7071155024878569]
,[0.6421432200275431, 0.7071334807871797]
,[0.6500459682584159, 0.7214145942618523]
],"vol":[[0.22032745299123505, 0.4761774605378557]
,[0.21171605473722052, 0.4669234935275747]
,[0.2035684664222032, 0.471653905841754]
,[0.22973971728059997, 0.4674573390564774]
,[0.21616502554252215, 0.47413117969409907]
,[0.22496602523261394, 0.4532905810786039]
,[0.21908720943546595, 0.46374687462575587]
,[0.20470375871696198, 0.4802958013127573]
,[0.21045724601081703, 0.48118876575742675]
,[0.22253039661117255, 0.45918463427581047]
,[0.21801138016122015, 0.46213020028467217]
,[0.22773668499398306, 0.475548368399594]
,[0.20870265239991093, 0.46611908951978465]
,[0.2206399400144006, 0.4613244781918133]
,[0.20382899851005853, 0.47604666615995067]
,[0.21474641803729033, 0.4608502958701925]
,[0.20641510971056679, 0.46310269047530855]
,[0.2106416236494636, 0.4653468264009492]
,[0.2068042069476195, 0.4684587793530945]
,[0.21387102691976756, 0.4618420781626001]
]}