{
"parameters":[2, 2, 2, 2, 20, 60]
,"current_iter":39,"domain":[[-5.12, -5.12]
,[5.12, 5.12]
],"result":[21.52119097130058, 9.181279374866815, 15.194564681524717, 16.541592310394307, 4.2161079537749355, 26.57494968291705, 21.10553951495048, 3.6423389053117567, 0.5673919216529892, 4.061342793300147, 1.5229208441641173, 5.431602396576746, 4.982819858204767, 7.843319057622942, 1.0425201621128632, 5.9096249195956325, 19.49200510840507, 10.797727347505974, 16.50989968493638, 5.035896589443837]
,"population":[[-0.5455399551802557, -0.8974298598024547]
,[0.8957457197740054, -1.1657486423997985]
,[1.5120590174416655, 0.8721930015963875]
,[-0.2935824833967865, 2.323304647228669]
,[0.05485786377026182, 0.1395799204370121]
,[-2.2395888611464243, -0.7229700298528213]
,[-2.461658258417403, 3.409732533522151]
,[0.11734497487658055, 1.0085188941270102]
,[-0.007563752173957983, -0.05318692998936503]
,[0.286198393260437, -0.04193165171304059]
,[0.45128828749677635, -0.17714411122377327]
,[1.290283130470704, 1.022316684125935]
,[2.8313125937017634, 1.2619233235200105]
,[1.1678101548964441, -0.4857657947540484]
,[-0.012361399295461241, 1.355067208494493]
,[0.35116311495582697, 0.45466621348148495]
,[2.704814901072752, 1.1309855097576533]
,[0.8584603580492511, 0.2726500172372101]
,[-0.13684673851127524, -0.6504021918930056]
,[0.6667106266378207, 0.3297328257819433]
],"den":[[0.6500459682584158, 0.721414594261852]
,[0.6500459682584158, 0.721414594261852]
,[0.6500459682584158, 0.721414594261852]
,[0.6500459682584158, 0.721414594261852]
,[0.6500459682584158, 0.721414594261852]
,[0.6500459682584158, 0.721414594261852]
,[0.6500459682584158, 0.721414594261852]
,[0.6500459682584158, 0.721414594261852]
,[0.6500459682584158, 0.721414594261852]
,[0.6500459682584158, 0.721414594261852]
,[0.6500459682584158, 0.721414594261852]
,[0.6500459682584158, 0.721414594261852]
,[0.6500459682584158, 0.721414594261852]
,[0.6500459682584158, 0.721414594261852]
,[0.6500459682584158, 0.721414594261852]
,[0.6500459682584158, 0.721414594261852]
,[0.6500459682584158, 0.721414594261852]
,[0.6500459682584158, 0.721414594261852]
,[0.6500459682584158, 0.721414594261852]
,[0.6500459682584158, 0.721414594261852]
],"vol":[[0.2138710269197674, 0.46184207816260037]
,[0.2138710269197674, 0.46184207816260037]
,[0.2138710269197674, 0.46184207816260037]
,[0.2138710269197674, 0.46184207816260037]
,[0.2138710269197674, 0.46184207816260037]
,[0.2138710269197674, 0.46184207816260037]
,[0.2138710269197674, 0.46184207816260037]
,[0.2138710269197674, 0.46184207816260037]
,[0.2138710269197674, 0.46184207816260037]
,[0.2138710269197674, 0.46184207816260037]
,[0.2138710269197674, 0.46184207816260037]
,[0.2138710269197674, 0.46184207816260037]
,[0.2138710269197674, 0.46184207816260037]
,[0.2138710269197674, 0.46184207816260037]
,[0.2138710269197674, 0.46184207816260037]
,[0.2138710269197674, 0.46184207816260037]
,[0.2138710269197674, 0.46184207816260037]
,[0.2138710269197674, 0.46184207816260037]
,[0.2138710269197674, 0.46184207816260037]
,[0.2138710269197674, 0.46184207816260037]
]}