{
"parameters":[2, 2, 2, 2, 40, 40]
,"current_iter":18,"domain":[[-5.12, -5.12]
,[5.12, 5.12]
],"result":[29.477350018953103, 32.33673161699805, 1.397371648347784, 4.684447353770711, 2.29907530314574, 7.572351913002139, 27.17724955779783, 28.812958196537792, 26.296213533289073, 9.133210275997225, 17.835150934521643, 11.652987536959301, 23.95502563416463, 8.87303366481293, 21.8348149868932, 4.404090575813729, 3.2263310870995525, 12.112728060944514, 23.011699389247134, 13.417591287028584, 16.66860236120152, 10.102387056023758, 13.76187689513229, 20.07557995883365, 12.42526895752856, 4.815656103172142, 16.426413971479633, 1.5187901640835637, 4.710953121993547, 2.456068119303188, 2.7900966328209957, 2.4981337450816756, 12.488226686409043, 17.959937536791553, 20.380927701872135, 2.239194996970255, 19.527094725315646, 19.90290491475219, 2.665853037571141, 13.297144801291331]
,"population":[[5.12, -0.23300254073548204]
,[4.114500074429251, -1.7224534678079864]
,[0.9536109386183883, -0.018279690223252223]
,[1.10826801679646, 0.718310021102611]
,[0.9620879517229997, -0.20153905648663734]
,[1.0471517476582362, -0.3359483349224917]
,[2.618902501722408, -5.12]
,[-3.443178944041117, -0.02131782819195508]
,[3.8811437646806475, 5.12]
,[1.9469099132280623, 5.07204678779122]
,[2.0845701020699963, -0.6417096574162464]
,[5.12, -0.021018455203379804]
,[4.982417917386394, 5.12]
,[4.962381717618605, -0.21872460048701609]
,[3.297328906581228, 1.5140887463098165]
,[2.028263779139533, 0.02591702210358022]
,[1.4600767149528937, -0.03627846832053139]
,[1.8730874315894654, 2.734628025338544]
,[0.136261214674522, -2.318481088079248]
,[0.7822247392982601, 3.1222589070955005]
,[-0.6703558917861735, 1.8087192177465992]
,[0.6101912870884632, 1.1362551849516733]
,[3.1120402888016314, 1.174669785684096]
,[3.7238803367836737, -5.12]
,[-0.27570299431739176, -0.06150740233464359]
,[0.798373808012534, -0.05706342788011959]
,[2.2521368335426786, 0.9611669492297041]
,[0.9542939157358229, -0.031689676635540606]
,[1.702448513574264, 0.2803252004622545]
,[0.9068087438139354, 1.7009253066746888]
,[0.9547554360499215, 0.08737637845606964]
,[0.9453589462210908, 1.31117403385474]
,[0.9491540806825046, -2.877959139046385]
,[-5.12, 0.010006714055090911]
,[4.247359211580765, 0.05585640952657496]
,[0.928752678572523, 1.3268797309062204]
,[0.6999699490063116, 3.8858736432974106]
,[2.470682101007569, -2.5502001791165423]
,[0.9631998272270657, -0.0872182563502458]
,[0.6018146015926322, -0.5863065350566027]
],"den":[[0.7598481462757924, 0.4835694726611688]
,[0.7598484094815962, 0.4835698157175322]
,[0.7598480419351842, 0.4835696346195473]
,[0.759848188843088, 0.4835695148860813]
,[0.7598481677841252, 0.4835694826836554]
,[0.7598480286364433, 0.4835697983463335]
,[0.7598483239279834, 0.4835694605973249]
,[0.7598479976991622, 0.48356977486827657]
,[0.7598483275094439, 0.4835694988425195]
,[0.7598484944818926, 0.4835694611414004]
,[0.759848460973849, 0.4835694401597417]
,[0.7598481860806862, 0.48356950359089884]
,[0.7598482612252004, 0.4835697072967553]
,[0.7598481715787262, 0.4835695652513451]
,[0.7598481630756863, 0.4835697047679788]
,[0.7598480784788342, 0.48356943997092816]
,[0.7598482322150171, 0.48356981696700824]
,[0.7598480054473808, 0.48356947876851625]
,[0.759848186332114, 0.4835698035585174]
,[0.7598480628877228, 0.4835697351669801]
,[0.7598480837586487, 0.4835699096492521]
,[0.7598481035120718, 0.4835696970865473]
,[0.7598483604344559, 0.48356963304731104]
,[0.7598483285265218, 0.48356953514127804]
,[0.7598482691442514, 0.4835697212716003]
,[0.7598484237483112, 0.48356969905029595]
,[0.7598484879855569, 0.4835697159663851]
,[0.7598482474000716, 0.48356946429692127]
,[0.7598482667758646, 0.4835694495321479]
,[0.759848288095382, 0.4835696840057945]
,[0.7598482929519943, 0.4835698991833015]
,[0.7598484070867725, 0.4835696678625432]
,[0.759848119734636, 0.48356977085912506]
,[0.7598483107212558, 0.4835696830221126]
,[0.7598482752866116, 0.4835696700202081]
,[0.7598483962408648, 0.4835696789351744]
,[0.7598480789610942, 0.4835698613043134]
,[0.7598481815777026, 0.48356970925195025]
,[0.7598484584264357, 0.48356970542136773]
,[0.759848136003595, 0.48356946056718714]
],"vol":[[0.6986724092997516, 0.5179052863029686]
,[0.6986727851458415, 0.5179052194662086]
,[0.6986724182100216, 0.517905217032328]
,[0.698672414953784, 0.5179054562415396]
,[0.698672458688661, 0.5179053853082326]
,[0.6986726578522647, 0.5179051471657528]
,[0.6986724831046293, 0.5179050231366618]
,[0.6986727420239001, 0.5179053729937505]
,[0.6986727895848874, 0.5179050111619834]
,[0.6986726364445541, 0.5179050642331543]
,[0.6986728419855687, 0.5179051689280977]
,[0.6986725148005993, 0.5179052223800196]
,[0.69867269520998, 0.5179053828009718]
,[0.6986726634492803, 0.5179051560315833]
,[0.698672671622414, 0.5179051344046539]
,[0.698672566617118, 0.517905468093595]
,[0.6986724724953792, 0.517905352876973]
,[0.6986724315628299, 0.5179050322139516]
,[0.6986727847255754, 0.5179051581926465]
,[0.6986724314233186, 0.5179052299141746]
,[0.6986729006882823, 0.517905298784829]
,[0.6986725957864619, 0.5179052742727449]
,[0.6986725520271232, 0.5179053924660925]
,[0.6986727155889709, 0.5179054864756706]
,[0.6986725506464713, 0.5179053552539546]
,[0.6986728067650863, 0.5179051307174254]
,[0.6986727086825414, 0.5179050781983057]
,[0.6986728715118293, 0.5179054744075825]
,[0.6986728236778248, 0.5179053581634867]
,[0.6986725253536007, 0.5179050344188826]
,[0.6986725008767941, 0.5179052297518816]
,[0.6986728002272766, 0.5179052600608849]
,[0.6986725804912974, 0.5179054265988214]
,[0.6986728960712009, 0.5179054037435862]
,[0.6986724382106321, 0.5179051643276497]
,[0.6986725538477364, 0.5179051520802442]
,[0.6986727882706358, 0.5179050524707746]
,[0.6986728939945813, 0.5179050556903763]
,[0.6986725175258727, 0.5179054139114232]
,[0.6986728026512042, 0.5179054638009375]
]}