{
"parameters":[2, 2, 2, 2, 40, 40]
,"current_iter":8,"domain":[[-5.12, -5.12]
,[5.12, 5.12]
],"result":[30.90305637002087, 32.33673161699805, 18.017953806555496, 4.684447353770711, 10.75092751563728, 9.388355459988293, 27.17724955779783, 36.28474462516453, 26.296213533289073, 9.133210275997225, 32.23120500598149, 11.652987536959301, 23.95502563416463, 8.87303366481293, 21.8348149868932, 26.498844405156113, 22.037226570335598, 12.112728060944514, 33.93113250229559, 13.417591287028584, 23.843166107649214, 10.102387056023758, 13.76187689513229, 20.07557995883365, 30.291474270373243, 14.789592649334164, 21.219149137009527, 8.355481552626602, 30.89168297948668, 2.456068119303188, 30.256915086227874, 7.37210905973099, 27.84560477434018, 29.94418857278131, 20.380927701872135, 24.132651037798126, 27.018111468831773, 29.228295750732332, 10.99448607885413, 26.611694320217282]
,"population":[[-5.12, -1.2902381794166804]
,[5.12, -2.9343598472537513]
,[0.7389128047368946, 3.7412521201947735]
,[2.9090058181502743, -0.9517920748264826]
,[-1.9114176025359426, -2.76068907898438]
,[-0.4074478641817266, -1.2292817257595323]
,[4.778440014297409, -5.12]
,[2.4581294042266406, -5.019519769429055]
,[5.12, 5.12]
,[3.521653568253263, 4.540166719207744]
,[-5.12, -2.1965436457359573]
,[1.8640841375669561, -1.6587135623292193]
,[3.193577989479869, 5.12]
,[1.8701456905995517, -2.3931193532781094]
,[5.12, -0.44962657993389266]
,[4.869653521286988, 1.192207636175876]
,[-5.12, -1.158171593870099]
,[5.12, -0.9783704559817138]
,[5.12, 1.4922430851955453]
,[0.3137863577157274, 0.31144699813699184]
,[2.3949750334279063, -5.12]
,[-2.0463212529256847, -0.7126818973189095]
,[5.12, 2.9339264146033033]
,[5.12, -5.12]
,[-5.12, -5.12]
,[1.9789633819459467, -0.26662851967907375]
,[-2.4442768803146846, -1.504349277234077]
,[0.8114118368762112, 1.2680844321491278]
,[5.12, 0.559280533627394]
,[0.8361066190093314, -0.9254569053410846]
,[0.8347741081552078, 5.12]
,[0.45462123278813893, 2.699720383760762]
,[-4.249122770577324, -5.12]
,[5.12, -4.42981953394403]
,[5.12, -0.717540638354892]
,[0.8716611302538552, 3.4383429169454587]
,[1.065049806328806, -5.12]
,[-4.4348545182271515, -1.1253726458207698]
,[-0.24909942943547791, -0.7027049414146898]
,[0.6405021552455461, -1.4134268568298183]
],"den":[[0.759308722908789, 0.4829540500772679]
,[0.7604018150756754, 0.4843787611525219]
,[0.7588753969717955, 0.4836266622780108]
,[0.7594855046390614, 0.48312940989244424]
,[0.7593980468894359, 0.48299567340572014]
,[0.7588201673783592, 0.4843066186656797]
,[0.760046511421078, 0.48290394900416045]
,[0.7586916850306227, 0.4842091144321528]
,[0.7600613852057417, 0.48306278107397244]
,[0.7607548208107324, 0.4829062085465501]
,[0.7606156621012278, 0.48281907184018075]
,[0.7594740324003066, 0.48308250106565676]
,[0.7597861071294388, 0.4839284902987353]
,[0.7594138058450736, 0.48333857653899615]
,[0.7593784927697713, 0.48391798830455013]
,[0.7590271625369444, 0.4828182876986493]
,[0.759665628007317, 0.48438395021914094]
,[0.7587238633376009, 0.48297941385561144]
,[0.7594750765786982, 0.48432826483492736]
,[0.7589624127421478, 0.4840442351797853]
,[0.7590490895754192, 0.4847688590371889]
,[0.7591311254265045, 0.4838860873644767]
,[0.7601981225886963, 0.483620132789953]
,[0.7600656091246072, 0.483213529606448]
,[0.7598189949020909, 0.48398652774858214]
,[0.7604610646599564, 0.4838942428012733]
,[0.760727841566811, 0.48396449522071916]
,[0.7597286914501941, 0.48291931340615507]
,[0.759809159005114, 0.4828579953886377]
,[0.7598976988364248, 0.48383176307442627]
,[0.759917868319296, 0.4847253940052813]
,[0.760391869386918, 0.48376472024589295]
,[0.7591984976408992, 0.48419246444939823]
,[0.7599916639584677, 0.48382767784932634]
,[0.7598445040877578, 0.48377368101582713]
,[0.7603468263955407, 0.483810704818626]
,[0.7590291653599216, 0.4845680827887717]
,[0.7594553315356823, 0.4839366102119488]
,[0.7606050827084092, 0.48392070182525343]
,[0.7592660625330225, 0.4829038238420139]
],"vol":[[0.6977783175192822, 0.5184259619743101]
,[0.699339204137243, 0.5181483892998416]
,[0.6978153218182029, 0.5181382814074755]
,[0.6978017986827438, 0.519131715867709]
,[0.6979834293716748, 0.5188371302576552]
,[0.698810554655561, 0.5178481259284635]
,[0.698084828745433, 0.5173330338378248]
,[0.6991601189659462, 0.5187859882852992]
,[0.6993576394689507, 0.5172833030681177]
,[0.6987216485584121, 0.5175037073310711]
,[0.699575259192352, 0.5179385048200124]
,[0.6982164619242044, 0.518160490339982]
,[0.6989657010288497, 0.5188267176181607]
,[0.6988337990284845, 0.5178849456708785]
,[0.6988677420049706, 0.5177951291594023]
,[0.6984316556233938, 0.519180937384452]
,[0.6980407685918, 0.5187024434260654]
,[0.697870775953254, 0.5173707317692079]
,[0.6993374587744308, 0.5178939205538802]
,[0.6978701965637157, 0.51819177964208]
,[0.6998190512192284, 0.5184777990678253]
,[0.6985527957387525, 0.5183760005251268]
,[0.6983710634603999, 0.5188668568077873]
,[0.6990503348593046, 0.5192572780370119]
,[0.6983653296209406, 0.5187123150166055]
,[0.6994289887342976, 0.5177798161212573]
,[0.6990216524978247, 0.517561704523326]
,[0.6996978815805168, 0.519207159337836]
,[0.6994992272389967, 0.5187243982861555]
,[0.6982602884771972, 0.5173798888346515]
,[0.6981586364424133, 0.5181911056397736]
,[0.6994018372492444, 0.5183169787534457]
,[0.6984892750100029, 0.5190086098319394]
,[0.699799876507256, 0.5189136921733666]
,[0.6978983842372125, 0.5179193991864958]
,[0.6983786244564817, 0.5178685357832046]
,[0.6993521813896626, 0.5174548582368824]
,[0.6997912523184892, 0.5174682292239323]
,[0.6982277799684798, 0.518955919141121]
,[0.6994119038064928, 0.5191631100032167]
]}