{
"parameters":[2, 2, 2, 2, 40, 40]
,"current_iter":13,"domain":[[-5.12, -5.12]
,[5.12, 5.12]
],"result":[29.477350018953103, 32.33673161699805, 2.0193789868477623, 4.684447353770711, 8.306612842819577, 9.388355459988293, 27.17724955779783, 29.225852787222834, 26.296213533289073, 9.133210275997225, 19.149392098421416, 11.652987536959301, 23.95502563416463, 8.87303366481293, 21.8348149868932, 26.498844405156113, 20.53196818286974, 12.112728060944514, 33.93113250229559, 13.417591287028584, 23.843166107649214, 10.102387056023758, 13.76187689513229, 20.07557995883365, 29.343518129516582, 14.295622412546619, 17.071733944450415, 1.7451347811505293, 30.50581912195797, 2.456068119303188, 19.29528697252087, 2.7550893782380754, 17.603141317707365, 22.487718913358712, 20.380927701872135, 2.239194996970255, 19.527094725315646, 19.90290491475219, 10.99448607885413, 13.297144801291331]
,"population":[[5.12, -0.24155621438669153]
,[5.12, -1.8974365458406695]
,[0.9350282273879067, -0.04048002002441267]
,[3.392165818352071, 1.7367160965066848]
,[-1.1989596591574814, -0.010382730501388479]
,[-1.57661106274502, 0.17720268308389123]
,[5.12, -0.2384289376552885]
,[5.12, -0.05446669252428135]
,[1.8646931564641687, 3.6852832847517605]
,[2.4011202040085355, 5.12]
,[0.7320009874051174, 0.5519862383352231]
,[4.08555546135695, -0.05785423164192028]
,[5.12, 5.12]
,[3.495210793200724, -0.535254846748181]
,[5.12, 1.8896858438144597]
,[5.12, 1.6442340749795425]
,[2.394400761761432, -0.2400444251630712]
,[3.81121876792139, 3.401171259453768]
,[5.12, 4.122251020374133]
,[0.3236715277123907, 1.270857883283866]
,[4.193924824208739, -3.182197306721618]
,[-2.5084528309249516, 0.7459937306462514]
,[4.095393399311245, 1.0819964589287956]
,[5.12, -4.050980330385377]
,[1.2490187659575094, 2.7033510121964603]
,[-0.6256523587252337, -5.12]
,[5.12, 0.6927280045122126]
,[0.9656484841897203, -0.05436145355453681]
,[5.12, 0.09047998502096932]
,[0.9363342939786081, 0.680255162357684]
,[0.9957553163818227, -0.5603120079291705]
,[0.9647564916525481, -1.3201589174859367]
,[1.293960463677482, 2.2021185161251533]
,[5.12, -0.04998046717004245]
,[5.12, 0.6278622165733926]
,[0.9603383583484059, 0.6273828691945958]
,[0.8317541696614101, 5.12]
,[5.12, -1.9046764808641967]
,[0.8133395356852545, 1.7108364303544015]
,[1.121582845127917, 1.2144609743283339]
],"den":[[0.7598453986548344, 0.48356913874560403]
,[0.759854770652837, 0.4835813539912678]
,[0.7598416833873217, 0.48357490561540045]
,[0.7598469143532112, 0.4835706422527074]
,[0.7598461645044063, 0.4835694956173875]
,[0.7598412098575911, 0.48358073545308494]
,[0.7598517243359371, 0.4835687091869892]
,[0.7598401082704213, 0.4835798994673286]
,[0.7598518518613959, 0.4835700709878383]
,[0.7598577972677412, 0.4835687285599454]
,[0.7598566041431475, 0.48356798146371444]
,[0.7598468159920647, 0.48357024006390364]
,[0.7598494916710483, 0.48357749344073947]
,[0.7598462996191802, 0.4835724356141943]
,[0.7598459968505012, 0.48357740339831534]
,[0.7598429846010862, 0.4835679747406099]
,[0.7598484587022594, 0.48358139848149784]
,[0.7598403841620962, 0.4835693562105966]
,[0.7598468249446838, 0.4835809210438897]
,[0.7598424294466666, 0.4835784858189002]
,[0.759843172600019, 0.48358469862835024]
,[0.7598438759623298, 0.48357712988474005]
,[0.7598530242259217, 0.4835748496326106]
,[0.759851888076603, 0.4835713634817268]
,[0.7598497736455688, 0.48357799104458343]
,[0.7598552786493284, 0.48357719980815517]
,[0.7598575659520042, 0.4835778021412015]
,[0.7598489993981664, 0.4835688409189228]
,[0.759849689314156, 0.4835683151880146]
,[0.7598504484405566, 0.48357666411693634]
,[0.7598506213704878, 0.4835843259660949]
,[0.7598546853800869, 0.48357608930241097]
,[0.7598444536009572, 0.48357975671303044]
,[0.7598512540825352, 0.4835766290908675]
,[0.7598499923572606, 0.48357616613062404]
,[0.7598542991886587, 0.48357648356680777]
,[0.7598430017729711, 0.48358297720479954]
,[0.7598466556538322, 0.48357756305958105]
,[0.7598565134371198, 0.4835774266636093]
,[0.7598450328915726, 0.4835687081138689]
],"vol":[[0.6986580725526726, 0.51789971853509]
,[0.6986714553457335, 0.5178973386712236]
,[0.6986583898216332, 0.5178972520077656]
,[0.6986582738764252, 0.5179057695564766]
,[0.6986598311490007, 0.5179032438264122]
,[0.698666922789343, 0.5178947642609386]
,[0.6986607005310684, 0.5178903479434579]
,[0.6986699198980205, 0.5179028053432931]
,[0.698671613407329, 0.5178899215597653]
,[0.6986661605226374, 0.5178918112707841]
,[0.6986734792441494, 0.5178955391551485]
,[0.6986618291329613, 0.5178974424236128]
,[0.6986682529896175, 0.5179031545501009]
,[0.6986671220828913, 0.517895079947541]
,[0.6986674131045613, 0.5178943098750882]
,[0.6986636741694368, 0.5179061915739154]
,[0.6986603227663343, 0.517902089042987]
,[0.6986588652765479, 0.5178906711595126]
,[0.6986714403812709, 0.5178951568967574]
,[0.6986588603089543, 0.5178977106931015]
,[0.6986755694781279, 0.5179001629780671]
,[0.6986647128054764, 0.5178992901735885]
,[0.6986631546618894, 0.5179034986971147]
,[0.6986689786265895, 0.5179068461065018]
,[0.698663105500864, 0.5179021736804307]
,[0.6986722251445572, 0.51789417858354]
,[0.6986687327085941, 0.5178923085294658]
,[0.6986745305889598, 0.5179064163967639]
,[0.6986728273583006, 0.5179022772804578]
,[0.6986622048948408, 0.5178907496707321]
,[0.6986613333464976, 0.5178977049143132]
,[0.6986719923520522, 0.517898784130326]
,[0.6986641681888732, 0.5179047140649486]
,[0.6986754050772039, 0.5179039002560737]
,[0.6986591019855738, 0.5178953753464922]
,[0.6986632194886647, 0.5178949392517799]
,[0.6986715666106271, 0.5178913924464369]
,[0.6986753311347841, 0.5178915070871486]
,[0.6986619261720688, 0.5179042623033644]
,[0.6986720786611095, 0.5179060387247902]
]}