{
"parameters":[2, 2, 2, 2, 20, 60]
,"current_iter":26,"domain":[[-5.12, -5.12]
,[5.12, 5.12]
],"result":[21.52119097130058, 10.208893586800333, 22.04353305436923, 18.261716570975718, 10.182861479882195, 34.390260719611334, 21.10553951495048, 8.099074718696775, 33.70537460519807, 18.02826792989051, 11.928818903219101, 10.555763694209462, 8.67711530495756, 11.543528843788813, 28.944823600207503, 17.899284936582134, 20.570728467728657, 10.797727347505974, 16.50989968493638, 5.035896589443837]
,"population":[[-5.12, -5.12]
,[-2.007798572744149, -5.12]
,[-1.7024254811477095, -4.877821985325833]
,[-1.673694224158305, -2.478725075364599]
,[-4.993237367935691, -5.12]
,[-5.12, -5.12]
,[-5.12, 1.5498357814473946]
,[-2.0341926709847793, -1.1147514683570046]
,[-5.12, -5.12]
,[-5.12, -5.12]
,[-5.12, 0.1721038481240038]
,[-5.12, -1.1826961327357899]
,[-1.9188593070336466, -0.21413459729398343]
,[-2.0490720213301783, -2.1128251374242155]
,[-2.318802475888555, 4.912427786198062]
,[-1.9739897764393577, -1.2913675181478483]
,[-4.422873094325999, -2.4775933656514404]
,[-3.070507874785122, -1.4916467205544668]
,[-4.384137517876569, -3.15744547208175]
,[-1.9723217347898174, -0.9954395255922033]
],"den":[[0.6500459682584013, 0.7214145942617254]
,[0.6500459682583974, 0.7214145942618516]
,[0.6500459682583204, 0.7214145942617242]
,[0.6500459682583435, 0.7214145942617647]
,[0.6500459682583422, 0.7214145942618404]
,[0.6500459682584285, 0.7214145942617218]
,[0.6500459682583998, 0.7214145942617933]
,[0.6500459682584191, 0.7214145942617674]
,[0.6500459682583994, 0.7214145942617525]
,[0.6500459682584654, 0.7214145942618616]
,[0.6500459682583871, 0.721414594261808]
,[0.6500459682583346, 0.7214145942618653]
,[0.6500459682584149, 0.7214145942618255]
,[0.6500459682584275, 0.7214145942618682]
,[0.6500459682583261, 0.7214145942617247]
,[0.6500459682583568, 0.7214145942617226]
,[0.6500459682583322, 0.7214145942618652]
,[0.6500459682583567, 0.721414594261777]
,[0.6500459682583742, 0.721414594261777]
,[0.6500459682584159, 0.7214145942618523]
],"vol":[[0.21387102691980156, 0.4618420781626756]
,[0.21387102691975618, 0.46184207816262685]
,[0.21387102691971327, 0.46184207816265177]
,[0.21387102691985116, 0.4618420781626297]
,[0.21387102691977966, 0.46184207816266487]
,[0.21387102691982599, 0.461842078162555]
,[0.21387102691979504, 0.46184207816261014]
,[0.21387102691971926, 0.4618420781626973]
,[0.21387102691974957, 0.46184207816270195]
,[0.2138710269198132, 0.4618420781625861]
,[0.21387102691978938, 0.4618420781626016]
,[0.2138710269198406, 0.46184207816267225]
,[0.21387102691974033, 0.4618420781626226]
,[0.2138710269198032, 0.46184207816259737]
,[0.21387102691971466, 0.4618420781626749]
,[0.21387102691977217, 0.46184207816259487]
,[0.21387102691972826, 0.4618420781626067]
,[0.21387102691975055, 0.4618420781626186]
,[0.21387102691973034, 0.46184207816263495]
,[0.21387102691976756, 0.4618420781626001]
]}