{
"parameters":[2, 2, 2, 2, 40, 40]
,"current_iter":10,"domain":[[-5.12, -5.12]
,[5.12, 5.12]
],"result":[29.477350018953103, 32.33673161699805, 9.560383427844641, 4.684447353770711, 10.75092751563728, 9.388355459988293, 27.17724955779783, 36.28474462516453, 26.296213533289073, 9.133210275997225, 19.489916952739872, 11.652987536959301, 23.95502563416463, 8.87303366481293, 21.8348149868932, 26.498844405156113, 22.037226570335598, 12.112728060944514, 33.93113250229559, 13.417591287028584, 23.843166107649214, 10.102387056023758, 13.76187689513229, 20.07557995883365, 30.291474270373243, 14.295622412546619, 17.071733944450415, 1.7451347811505293, 30.89168297948668, 2.456068119303188, 30.256915086227874, 2.7550893782380754, 27.84560477434018, 29.297633106084405, 20.380927701872135, 6.576372868921382, 27.018111468831773, 29.228295750732332, 10.99448607885413, 19.769995212821698]
,"population":[[-5.12, 0.05302218227717777]
,[5.12, -3.331969644641258]
,[1.0802585440045047, -0.5672470251764292]
,[1.0809022470444045, 3.3041059542345357]
,[-3.3796619943113217, -0.018431629336162866]
,[-0.3980361149965773, 0.11778613168986884]
,[4.770525588809973, -1.1727766447115808]
,[5.12, -5.12]
,[2.7792131067225334, 5.12]
,[2.4632017953048546, 5.12]
,[0.2765371233028391, 1.1903112048775677]
,[5.12, -0.057641564387948555]
,[5.12, 3.9866005192557217]
,[5.12, -0.5108881684359137]
,[5.12, 2.2125271009510463]
,[2.478699053526817, 4.5352933850362325]
,[-4.384103127373013, 2.226715943879379]
,[3.9783474814243966, 0.383684058936203]
,[4.297689614250737, 5.12]
,[-0.009664808331657393, 1.3024910901141853]
,[1.0514447627016623, -5.12]
,[-5.12, 0.3680240204782276]
,[2.5600201731874908, 1.5615183432373407]
,[3.882511501776743, -5.12]
,[-5.12, -2.6713986250204256]
,[2.975093951655069, 1.9061487329099664]
,[5.12, 1.1471496869564453]
,[0.9436275877542281, -0.04596636341792194]
,[5.12, 0.6268526274633835]
,[0.7446346471189513, 3.2011721236446724]
,[0.9073480987928857, 5.12]
,[0.8454962211863738, -1.922911116355507]
,[-5.12, -1.0463721031093043]
,[5.12, -0.04349010841373249]
,[4.74656437642289, 2.8935115589854306]
,[0.8832087901708309, -1.998661979231524]
,[1.1633443759517015, -5.12]
,[0.3983402241277676, 0.44458788362470875]
,[0.590345761239804, 1.4422720708748682]
,[-0.605506973674241, -1.0466199344406335]
],"den":[[0.7597883128679978, 0.483573860456892]
,[0.7599462674865531, 0.48377973485729536]
,[0.7597256961599457, 0.4836710546430938]
,[0.759813858280927, 0.4835992003994469]
,[0.7598012204120442, 0.48357987513448997]
,[0.759717715342199, 0.4837693100831217]
,[0.7598949251981959, 0.48356662072347184]
,[0.7596991493137867, 0.4837552204715767]
,[0.7598970744981857, 0.48358957236447847]
,[0.7599972777196495, 0.483566947233136]
,[0.7599771689296094, 0.4835543557558263]
,[0.7598122005130357, 0.48359242195379837]
,[0.759857296110913, 0.48371466956535475]
,[0.7598034976215075, 0.4836294255157468]
,[0.7597983947916561, 0.48371315200028947]
,[0.7597476266729245, 0.4835542424453661]
,[0.7598398865691057, 0.4837804846907159]
,[0.7597037991615839, 0.4835775255878432]
,[0.7598123513994883, 0.4837724380100342]
,[0.759738270161691, 0.4837313949971983]
,[0.75975079518616, 0.48383610500103846]
,[0.7597626495768129, 0.4837085422327205]
,[0.759916833400336, 0.4836701111153412]
,[0.7598976848652832, 0.4836113559136304]
,[0.7598620484783178, 0.4837230561255463]
,[0.7599548292032758, 0.48370972071423135]
,[0.7599933791497837, 0.48371987236882397]
,[0.7598489993981664, 0.4835688409189228]
,[0.7598606271660058, 0.4835599803082983]
,[0.7598734213984641, 0.48370069223363243]
,[0.7598763359404122, 0.48382982419257287]
,[0.7599448303090474, 0.48369100437314944]
,[0.7597723850343968, 0.4837528145064124]
,[0.7598869995993327, 0.48370010190813933]
,[0.7598657346209998, 0.4836922992273619]
,[0.7599383214813958, 0.4836976492617192]
,[0.7597479160859758, 0.4838070923187648]
,[0.7598094981901868, 0.48371584291361686]
,[0.7599756401802433, 0.483713544110983]
,[0.759782148334406, 0.483566602637221]
],"vol":[[0.6983971486642968, 0.517793531376351]
,[0.6986227007794954, 0.5177534214137649]
,[0.6984024958802939, 0.5177519607974221]
,[0.6984005417525745, 0.5178955146220486]
,[0.6984267878524525, 0.5178529462466842]
,[0.6985463095750223, 0.5177100325873429]
,[0.69844144032174, 0.5176356004606089]
,[0.6985968225134369, 0.517845556100656]
,[0.6986253647321574, 0.5176284142369787]
,[0.6985334624162118, 0.5176602632176388]
,[0.6986568113397184, 0.5177230925687173]
,[0.6984604616533093, 0.5177551700450673]
,[0.6985687286234388, 0.5178514415936006]
,[0.6985496684464605, 0.5177153531344519]
,[0.6985545732935227, 0.5177023744184388]
,[0.6984915576941563, 0.5179026272573208]
,[0.6984350735166605, 0.5178334836544595]
,[0.6984105091448791, 0.5176410479082737]
,[0.6986224485700975, 0.5177166500280389]
,[0.6984104254216065, 0.5177596914293818]
,[0.6986920399121833, 0.5178010219691677]
,[0.6985090627511797, 0.5177863118189456]
,[0.6984828019713699, 0.5178572418093361]
,[0.6985809584287666, 0.5179136586771962]
,[0.6984819734168783, 0.5178349101245829]
,[0.6986356748837929, 0.5177001616451957]
,[0.6985768137540501, 0.517668643960505]
,[0.6986745305889598, 0.5179064163967639]
,[0.698645824527669, 0.5178366561879896]
,[0.698466794702498, 0.5176423711276902]
,[0.6984521057230448, 0.5177595940343218]
,[0.6986317514246421, 0.5177777830217273]
,[0.6984998838431389, 0.5178777254844893]
,[0.6986892691171789, 0.5178640096396518]
,[0.6984144986126419, 0.5177203317557266]
,[0.6984838945546746, 0.5177129818636419]
,[0.698624576025717, 0.5176532043983799]
,[0.6986880228998074, 0.5176551365402643]
,[0.6984620971397033, 0.5178701115446754]
,[0.6986332060679544, 0.5179000511550595]
]}