{
"parameters":[2, 2, 2, 2, 40, 40]
,"current_iter":20,"domain":[[-5.12, -5.12]
,[5.12, 5.12]
],"result":[29.477350018953103, 32.33673161699805, 1.353834416478536, 4.684447353770711, 1.576073669557573, 7.572351913002139, 23.526867315764257, 14.740504125753207, 23.923255911119544, 9.133210275997225, 17.835150934521643, 11.652987536959301, 23.95502563416463, 8.87303366481293, 21.8348149868932, 2.035463183761159, 3.2263310870995525, 12.112728060944514, 18.879470671523023, 13.417591287028584, 16.66860236120152, 2.8831556436507366, 13.76187689513229, 20.07557995883365, 12.42526895752856, 4.815656103172142, 14.46069438520023, 1.36739861419405, 4.035968992896244, 2.456068119303188, 2.7900966328209957, 2.4981337450816756, 1.7690367280740453, 8.833846546880284, 20.380927701872135, 2.239194996970255, 19.527094725315646, 19.90290491475219, 2.1460624579708956, 13.297144801291331]
,"population":[[5.12, -0.11945168997526469]
,[5.12, -0.5924767569673418]
,[0.953320346381825, -0.009519684226953243]
,[1.0554361261569212, 1.1937101510414792]
,[0.9709318573969001, -0.0487082612533221]
,[1.2250231496472137, -0.230458671383422]
,[1.8873841022800972, -0.3829969737684783]
,[-0.3238731348510345, 0.02833850553402477]
,[1.7889065199180267, 3.133652027287897]
,[1.1605848852321357, 5.12]
,[1.5821459959872923, -0.4821193641981102]
,[4.049662584427481, -0.012371302518905771]
,[2.8824299242139264, 5.12]
,[5.034595105385366, -0.15155824498126985]
,[5.12, 1.391841564172322]
,[-0.08218578397244813, -0.06081000131823261]
,[1.666439427146308, -0.006252117408601989]
,[4.784798494852124, 1.0120851841431941]
,[0.8380765482061229, -5.12]
,[0.757768179429378, 1.5528620639521051]
,[0.437815925305281, 0.34261487861294765]
,[1.7009984128511566, -0.13060404160697672]
,[2.5727656699217203, 1.416903478526237]
,[4.827543901729425, -0.662022207340494]
,[2.6016372074927108, 0.024416995957359043]
,[0.8304271677495184, -0.006889894391413438]
,[5.12, -0.0004573753499981185]
,[0.9534997134956521, -0.013180882685740773]
,[-0.1883774734660616, -0.05949736915586771]
,[0.912602014327773, 1.5801176504509475]
,[0.9530533068602972, -0.19594584538783072]
,[0.9455653682689008, 0.656391867021598]
,[0.9512985847994953, -0.04502504287290524]
,[2.9179754661913795, -0.0847037478272249]
,[5.12, 0.896286378161445]
,[0.9199115044877615, 1.0559320889763542]
,[0.7372443151679554, 5.12]
,[4.749632551669169, -0.9137046494908161]
,[0.9710305553334175, -0.0729657802692215]
,[0.7375378344952405, -1.46945238908141]
],"den":[[0.7598480633877268, 0.4835696087567855]
,[0.7598480915673892, 0.48356964548550646]
,[0.7598480522166846, 0.483569626096572]
,[0.7598480679451188, 0.48356961327752085]
,[0.7598480656904782, 0.4835696098298253]
,[0.7598480507928785, 0.48356964362568994]
,[0.7598480824077435, 0.48356960746519145]
,[0.7598480474806334, 0.4835696411120534]
,[0.7598480827911861, 0.4835696115598454]
,[0.7598481006677952, 0.48356960752344197]
,[0.759848097080316, 0.4835696052770779]
,[0.7598480676493672, 0.4835696120682222]
,[0.7598480756945812, 0.48356963387762836]
,[0.7598480660967405, 0.4835696186697885]
,[0.7598480651863776, 0.48356963360688937]
,[0.7598480561291657, 0.4835696052568629]
,[0.7598480725886574, 0.4835696456192794]
,[0.7598480483101827, 0.48356960941065785]
,[0.7598480676762858, 0.48356964418372317]
,[0.759848054459931, 0.4835696368615045]
,[0.7598480566944397, 0.48356965554213943]
,[0.7598480588093048, 0.48356963278449056]
,[0.7598480863162441, 0.4835696259282433]
,[0.7598480829000778, 0.4835696154461076]
,[0.7598480765424204, 0.48356963537382036]
,[0.7598480930948298, 0.4835696329947358]
,[0.7598480999722765, 0.4835696348058269]
,[0.7598480742144184, 0.48356960786128217]
,[0.7598480762888532, 0.4835696062805179]
,[0.7598480785713896, 0.4835696313840229]
,[0.7598480790913541, 0.483569654421621]
,[0.7598480913109917, 0.4835696296556744]
,[0.759848060546145, 0.4835696406828207]
,[0.7598480809937885, 0.4835696312787068]
,[0.7598480772000412, 0.48356962988668095]
,[0.7598480901497938, 0.483569630841146]
,[0.759848056180798, 0.4835696503661744]
,[0.7598480671672632, 0.48356963408695786]
,[0.7598480968075817, 0.4835696336768433]
,[0.7598480622879522, 0.4835696074619648]
],"vol":[[0.6986724399393645, 0.5179052373277709]
,[0.6986724801786593, 0.5179052301720117]
,[0.6986724408933267, 0.5179052299114326]
,[0.6986724405447035, 0.5179052555219426]
,[0.6986724452271004, 0.5179052479275938]
,[0.6986724665501983, 0.5179052224312917]
,[0.6986724478411528, 0.5179052091523371]
,[0.6986724755618852, 0.5179052466091656]
,[0.6986724806539178, 0.5179052078702894]
,[0.6986724642582197, 0.5179052135522602]
,[0.6986724862641038, 0.5179052247612386]
,[0.6986724512346255, 0.5179052304839737]
,[0.6986724705498358, 0.5179052476591584]
,[0.6986724671494329, 0.517905223380496]
,[0.698672468024475, 0.5179052210650473]
,[0.6986724567822692, 0.5179052567908617]
,[0.6986724467052923, 0.5179052444553985]
,[0.6986724423229215, 0.5179052101241811]
,[0.6986724801336643, 0.5179052236118665]
,[0.698672442307985, 0.5179052312906047]
,[0.6986724925490058, 0.5179052386641191]
,[0.6986724599052333, 0.5179052360397763]
,[0.6986724552202174, 0.5179052486939374]
,[0.6986724727316764, 0.5179052587589061]
,[0.6986724550724003, 0.517905244709886]
,[0.6986724824932854, 0.5179052206702807]
,[0.6986724719922518, 0.5179052150474143]
,[0.6986724894252806, 0.5179052574668577]
,[0.6986724843040177, 0.5179052450213898]
,[0.698672452364464, 0.5179052103602481]
,[0.6986724497438981, 0.5179052312732291]
,[0.6986724817933264, 0.5179052345182087]
,[0.6986724582676836, 0.5179052523482974]
,[0.6986724920546862, 0.5179052499013422]
,[0.6986724430346566, 0.5179052242686998]
,[0.698672455415138, 0.517905222957453]
,[0.6986724805132098, 0.5179052122929418]
,[0.6986724918323566, 0.5179052126376428]
,[0.6986724515264021, 0.5179052509899437]
,[0.6986724820528399, 0.517905256331276]
]}