{
"parameters":[2, 2, 2, 2, 40, 40]
,"current_iter":29,"domain":[[-5.12, -5.12]
,[5.12, 5.12]
],"result":[9.476827691041455, 0.9950223694399956, 13.327363424774468, 1.0103545814107466, 2.23584456278253, 1.008722338371852, 18.716683365186462, 17.689392009505948, 0.9949843180149234, 0.9953489279955843, 4.603884096677864, 0.9949662583580245, 4.455090705050555, 10.497900638983358, 12.75325761365672, 3.0117678147848608, 1.51051745999286, 0.9954465492368314, 14.54418362249546, 2.7878195727999238, 1.217126783766128, 2.6857806180950057, 3.434124934587653, 15.03785706760222, 1.120764238986638, 0.9952637627342416, 7.358459727248077, 14.345450671322238, 8.504797811130782, 5.587799673604005, 4.877944305580018, 0.9949658866549473, 1.4276257086117319, 8.91197874459479, 12.998040749141587, 10.221618791394743, 1.4771394484390754, 13.714847497363069, 13.149211582631198, 6.24362739534687]
,"population":[[3.81497325350807, 0.5573829802710326]
,[0.9943964804965301, 5.724062421855528E-05]
,[1.0601223023170996, -0.5969646258662229]
,[0.9934429490541501, -0.008678948966302443]
,[1.3532646965844284, 1.1468193769930461]
,[0.993520025266864, 0.008204914093138532]
,[5.010502316911684, 0.3025969703101676]
,[1.8405719987017406, -1.6508370767834968]
,[0.9952576041752811, -0.00019491066587963611]
,[0.9950285873657865, 0.001400098395085092]
,[1.7017187235053277, -1.350555058259097]
,[0.9949417700379375, -0.00018977295623647948]
,[1.2960129770567526, -0.2138655990214662]
,[3.007663826682373, -0.7604676632927393]
,[0.2809136963433839, -0.061627845717486605]
,[1.0083486949512788, 0.1128874449663309]
,[1.6435125353565467, -0.003779381905900823]
,[0.9950933457094052, -0.002016298492221225]
,[2.913663901730169, -0.15909520102402522]
,[0.9986946959425107, -0.09645120849932245]
,[0.9746485242290448, 0.026651559739308578]
,[1.4884828158772634, 0.5327776804567305]
,[1.561637677549649, 0.015466965018328387]
,[1.3585477007875117, -1.265786644651515]
,[0.9706971667156331, -0.006919562241354354]
,[0.9953962668316476, 0.00115950539759413]
,[1.8782119975685385, -0.10100773277879375]
,[2.0112264336159513, 1.427339294075903]
,[1.3417543509797105, 0.9516595635979969]
,[1.1168089786656281, 0.09577958451136494]
,[1.0017158646032875, 0.14463870559236952]
,[0.9949249487095921, -0.0001824560067870351]
,[1.5303849898866482, -0.025611429144474104]
,[4.426532158936007, -0.05499952666595185]
,[1.118897885081126, -1.6225911416892447]
,[1.001948286410004, -0.3797343016233049]
,[0.9457359394887499, -0.005979859889914146]
,[1.7459842708423692, -0.33180514787092075]
,[0.5201965403155547, -0.440972110764819]
,[0.4989156554347432, -0.022492982520538333]
],"den":[[0.3542647008803906, 0.45899627373335683]
,[0.3542647008804031, 0.4589962737333778]
,[0.35426470088041057, 0.4589962737333669]
,[0.3542647008804087, 0.4589962737333624]
,[0.35426470088040524, 0.45899627373336327]
,[0.35426470088043915, 0.4589962737333464]
,[0.354264700880443, 0.4589962737333876]
,[0.35426470088041384, 0.45899627373336005]
,[0.3542647008804197, 0.45899627373335433]
,[0.354264700880398, 0.45899627373336555]
,[0.3542647008803973, 0.4589962737333695]
,[0.35426470088039563, 0.45899627373336077]
,[0.3542647008804186, 0.4589962737333684]
,[0.35426470088042783, 0.4589962737333639]
,[0.35426470088039347, 0.458996273733347]
,[0.35426470088041817, 0.4589962737333408]
,[0.3542647008803937, 0.4589962737333765]
,[0.3542647008804116, 0.45899627373335306]
,[0.3542647008804202, 0.45899627373334934]
,[0.3542647008803901, 0.4589962737333685]
,[0.3542647008804289, 0.45899627373334806]
,[0.3542647008804295, 0.45899627373333785]
,[0.35426470088042766, 0.4589962737333903]
,[0.3542647008804034, 0.4589962737333762]
,[0.3542647008804094, 0.45899627373338714]
,[0.3542647008804277, 0.45899627373335944]
,[0.3542647008803906, 0.4589962737333389]
,[0.3542647008804102, 0.45899627373337415]
,[0.35426470088040174, 0.4589962737333573]
,[0.3542647008804361, 0.458996273733353]
,[0.3542647008804416, 0.45899627373337354]
,[0.35426470088041895, 0.45899627373334007]
,[0.3542647008804089, 0.45899627373335106]
,[0.35426470088043954, 0.45899627373336815]
,[0.35426470088039264, 0.4589962737333751]
,[0.3542647008803897, 0.45899627373337404]
,[0.35426470088043793, 0.4589962737333619]
,[0.3542647008804248, 0.4589962737333751]
,[0.3542647008803927, 0.4589962737333806]
,[0.3542647008804242, 0.4589962737333682]
],"vol":[[0.4057701904563107, 0.4888490543825194]
,[0.40577019045628704, 0.4888490543825292]
,[0.4057701904562854, 0.4888490543825312]
,[0.4057701904562799, 0.48884905438252424]
,[0.4057701904562685, 0.488849054382567]
,[0.40577019045630897, 0.48884905438254284]
,[0.40577019045629886, 0.488849054382555]
,[0.40577019045629986, 0.4888490543825633]
,[0.4057701904562685, 0.48884905438252224]
,[0.40577019045631574, 0.488849054382519]
,[0.4057701904562612, 0.4888490543825368]
,[0.4057701904563142, 0.488849054382515]
,[0.4057701904562937, 0.48884905438255194]
,[0.4057701904563045, 0.4888490543825455]
,[0.4057701904562854, 0.48884905438252757]
,[0.4057701904562986, 0.48884905438256787]
,[0.4057701904562954, 0.4888490543825273]
,[0.4057701904562685, 0.4888490543825559]
,[0.4057701904563149, 0.488849054382534]
,[0.4057701904563115, 0.4888490543825694]
,[0.40577019045628165, 0.48884905438255905]
,[0.40577019045626495, 0.4888490543825632]
,[0.4057701904562913, 0.48884905438255055]
,[0.4057701904563033, 0.4888490543825691]
,[0.405770190456303, 0.4888490543825529]
,[0.4057701904562797, 0.48884905438253057]
,[0.4057701904562844, 0.4888490543825234]
,[0.405770190456267, 0.4888490543825251]
,[0.40577019045630475, 0.4888490543825449]
,[0.40577019045626983, 0.4888490543825239]
,[0.40577019045630636, 0.4888490543825332]
,[0.40577019045627977, 0.48884905438254944]
,[0.4057701904563137, 0.48884905438255294]
,[0.40577019045629087, 0.48884905438254894]
,[0.4057701904562783, 0.488849054382556]
,[0.40577019045627116, 0.4888490543825337]
,[0.40577019045628876, 0.4888490543825534]
,[0.4057701904562716, 0.488849054382551]
,[0.40577019045629575, 0.4888490543825638]
,[0.40577019045628104, 0.48884905438252596]
]}