{
"parameters":[2, 2, 2, 2, 40, 40]
,"current_iter":2,"domain":[[-5.12, -5.12]
,[5.12, 5.12]
],"result":[31.58745354515689, 26.72086544358242, 16.688598248990253, 35.36836500957624, 22.015893385287008, 36.54762184824908, 23.220369887817842, 17.689392009505948, 9.194011740940887, 11.527403397613572, 37.5643700516078, 36.232059162591085, 28.320709873487072, 38.66063890527412, 22.584283233569526, 32.69643076508747, 9.372212831102065, 21.006743611801767, 15.85533039677022, 37.45855048007979, 30.298574137296157, 2.6857806180950057, 32.01872108309792, 45.856705705037896, 40.4694409141877, 10.4102366230677, 38.121037564663155, 20.73693218362541, 30.91332305182629, 35.48555707929591, 33.17558353164848, 37.329186859591395, 22.93776611775248, 26.723747982352773, 12.998040749141587, 13.05497858298163, 40.8189392531814, 13.714847497363069, 28.294325805029416, 43.41534952591581]
,"population":[[0.6766550539691272, -5.12]
,[5.12, 5.12]
,[-3.3655853146471726, -3.0047376512125545]
,[5.12, 2.1029759222514133]
,[-1.2642885733255964, 1.802190213753614]
,[-5.12, 3.458064912088398]
,[5.12, 5.12]
,[-1.2213579808917703, -5.12]
,[1.1051436624572148, -0.18164038081804929]
,[0.8235243561671126, -5.12]
,[-5.12, 5.12]
,[5.12, 2.195216518765319]
,[-4.248243637161012, 5.12]
,[2.3600737939230005, -4.93290207999638]
,[-1.3350455835213588, -1.1549238251045484]
,[2.4081324482067097, 3.3412506504496324]
,[-0.9448749308252693, -3.1383144494342696]
,[5.12, -0.10392730355003521]
,[-5.12, 3.3219414352690375]
,[-5.12, -0.2257605094838493]
,[-5.12, -3.0439957283683574]
,[-3.1276974182013992, 5.12]
,[-4.76519651716591, -5.12]
,[-5.00200418572987, 4.286450366902406]
,[5.12, -5.12]
,[-5.12, 5.12]
,[-1.2798302062396778, 5.12]
,[5.12, 5.12]
,[-5.12, 2.556341202684904]
,[4.503235506704537, 3.14423151045591]
,[-5.12, 5.12]
,[-3.3212247322241226, 0.28030746859150324]
,[4.155433974915423, -1.0321312815303614]
,[-2.809505280903217, 5.12]
,[-3.770824679639161, -3.6309764849284445]
,[-0.14801825268565993, 2.9678905215487443]
,[5.12, 3.4065495409136233]
,[5.12, -5.12]
,[5.12, -5.12]
,[4.113884388242116, -3.3301320717544374]
],"den":[[0.32892645765690864, 0.4713500776620157]
,[0.3371003957381986, 0.4849610037295941]
,[0.3419431781803065, 0.4778726463708007]
,[0.3407188534458118, 0.47493952560985464]
,[0.33846057841407684, 0.47552529960783685]
,[0.3605398714541578, 0.4645536559851118]
,[0.36304362139625157, 0.4913528949878174]
,[0.34405910443655396, 0.47343023962906444]
,[0.34790067247769585, 0.46970776031915673]
,[0.333800508286173, 0.4769921935913302]
,[0.33328272822266164, 0.47957682023422643]
,[0.33223263179311546, 0.4738865062720452]
,[0.3471937947213694, 0.4788584954956488]
,[0.3531688406873282, 0.4759215802692407]
,[0.3308396352297524, 0.4649550075244997]
,[0.34688848260405997, 0.4608865947255908]
,[0.3309545616539266, 0.4841105273313716]
,[0.34264012179115416, 0.4688759977865913]
,[0.3482227913213395, 0.46649009434269806]
,[0.32862333856399634, 0.4789088164988179]
,[0.3538760203038643, 0.4656241869967608]
,[0.3542791274601449, 0.45897454906464097]
,[0.35308281229204336, 0.4931019433424427]
,[0.3372961046676671, 0.4839570684518951]
,[0.34120747023981024, 0.49105540346605137]
,[0.3531221475660105, 0.4730092385606138]
,[0.32892256792521646, 0.4596593217698555]
,[0.34169357536913986, 0.4826306513117203]
,[0.33619351560667793, 0.47163478104606343]
,[0.3585865936551284, 0.4688463412078833]
,[0.3621456514941964, 0.4821923206031618]
,[0.34741174401925545, 0.46043147528746303]
,[0.34084087778918465, 0.46757346441431463]
,[0.3608067030368386, 0.47868878322981734]
,[0.3302702278596118, 0.4832260701314812]
,[0.32837126829357194, 0.48253056294400565]
,[0.3597392387350289, 0.47462517024511863]
,[0.35117788836993713, 0.48323127771825625]
,[0.3303091406997729, 0.4867997733508325]
,[0.3508175453783908, 0.4787354727111492]
],"vol":[[0.43551898792162025, 0.4603735748105768]
,[0.4201355520314226, 0.4667481367195852]
,[0.4190322237373119, 0.46801531806431707]
,[0.41548630053360375, 0.4635079556514322]
,[0.4080928773150232, 0.4913420932558637]
,[0.43438600666802235, 0.4756022085690543]
,[0.4278131630290781, 0.48352480979507423]
,[0.4284721558672506, 0.48892793576416016]
,[0.4080686361334963, 0.4622205757763676]
,[0.4387980117800487, 0.46013708431854783]
,[0.4033368170440071, 0.4716866336790335]
,[0.4378025968753532, 0.4575149388899515]
,[0.4244520426237679, 0.4815295217910408]
,[0.43149702889298286, 0.4773760938880484]
,[0.41906466861682234, 0.4656783377709796]
,[0.4276236404075311, 0.4919097900960343]
,[0.42557599652488215, 0.4655007615628461]
,[0.40807948015494694, 0.48410439685734397]
,[0.438244120912412, 0.4698826515579977]
,[0.436042149439359, 0.492898944024561]
,[0.41662176549737123, 0.4861670341315719]
,[0.4057580436593603, 0.48886764611115735]
,[0.42293964168604326, 0.48065939049662837]
,[0.4307298966899344, 0.49270760087009885]
,[0.4305117589878623, 0.4821490792626932]
,[0.41535075841772345, 0.46761735644280406]
,[0.418377359503923, 0.4629812560837191]
,[0.40710013439116527, 0.46405207452711444]
,[0.43167070953664477, 0.47696858676789594]
,[0.4089423608812905, 0.46331466647701786]
,[0.4326847857076571, 0.46933891501460745]
,[0.41539622011392763, 0.4799157262933144]
,[0.4374552890026908, 0.48220618108300195]
,[0.4226144433354201, 0.47959441598382824]
,[0.41445181667987835, 0.48418974540146675]
,[0.4098007606112496, 0.46965222768264414]
,[0.42124593358136525, 0.4824804105369459]
,[0.41009481276328175, 0.48090873461014605]
,[0.4257810049033088, 0.48929440236715993]
,[0.4162397878899469, 0.46462377448189457]
]}