{
"parameters":[2, 2, 2, 2, 40, 40]
,"current_iter":31,"domain":[[-5.12, -5.12]
,[5.12, 5.12]
],"result":[9.476827691041455, 0.9949654432224939, 6.726192296659393, 0.9955619450734527, 2.23584456278253, 0.9949627856294114, 18.716683365186462, 17.689392009505948, 0.9949732989712423, 0.9949640508114026, 4.603884096677864, 0.9949659446686194, 4.455090705050555, 10.497900638983358, 4.989348540055074, 1.0326134073280482, 1.51051745999286, 0.9949642409602166, 1.4445597958540208, 1.1068862459051019, 1.0093632213213457, 2.6857806180950057, 3.434124934587653, 15.03785706760222, 1.0131824717374442, 0.994959516569681, 7.358459727248077, 14.345450671322238, 8.504797811130782, 1.1562573697297065, 1.2162280413180167, 0.9949658866549473, 1.4276257086117319, 8.91197874459479, 12.998040749141587, 4.387146196211404, 1.0048834787971668, 13.714847497363069, 13.149211582631198, 6.24362739534687]
,"population":[[3.814222664911167, 0.9125292439511917]
,[0.9949234602370547, -0.00017593353289254278]
,[0.982949141758627, 0.7076729812598116]
,[0.994202766966296, -0.0015709440658500814]
,[1.4941630620805615, 0.886034492792512]
,[0.9948560043467464, -9.091484038679457E-05]
,[5.12, 0.21294140405241624]
,[1.9164012265744403, -1.3176948320486943]
,[0.9951518127905921, -0.0001857095729677458]
,[0.9950138797552833, -0.00014873055379132892]
,[1.1127953498689844, -0.872246275822405]
,[0.9949256051524398, -0.00018337499982239977]
,[2.0085274807744624, -0.8134904908751875]
,[2.6659929023664777, -0.22574728439488453]
,[1.140905296077211, 0.009524699141107314]
,[0.9841557412715328, -0.008561462350335653]
,[1.5847396120378752, -0.0025948597207647948]
,[0.9949120795022018, 0.00015479933020933018]
,[0.06790474570683092, 0.05257738406588618]
,[0.9979593648811343, -0.02358351246997371]
,[0.994387656005591, 0.00850269320326314]
,[1.817828355081994, 0.7074583995304352]
,[1.1187230537643589, 0.11604281871921923]
,[1.6759947984451353, -0.7414465035190592]
,[0.985479239114775, -0.0014574084421414024]
,[0.9949554374552371, -4.801838647402784E-05]
,[1.605812813626825, -0.15362247787421682]
,[1.7652434113285627, 0.2091654448746001]
,[1.7171754248495332, 0.2896496338553885]
,[0.9975192585502315, 0.028436094062689106]
,[0.9959624202650575, 0.033442377399153726]
,[0.9949249487095921, -0.0001824560067870351]
,[1.060185889096241, -0.003696287287208745]
,[2.204883951543393, -0.0680111183607243]
,[1.8985798161039784, -0.2584594375819627]
,[0.9999025499951111, -0.1346247817701907]
,[0.9881023627276638, -0.0017515042320018193]
,[1.524410732029616, -2.3953058641362106]
,[0.23534045984588559, -0.5394859182999484]
,[0.7956090224291141, -0.07021094339154825]
],"den":[[0.3542647008804068, 0.4589962737333472]
,[0.3542647008804122, 0.4589962737333563]
,[0.35426470088041534, 0.4589962737333516]
,[0.35426470088041456, 0.45899627373334967]
,[0.35426470088041306, 0.45899627373335006]
,[0.3542647008804276, 0.4589962737333428]
,[0.3542647008804293, 0.45899627373336044]
,[0.3542647008804168, 0.45899627373334867]
,[0.3542647008804193, 0.4589962737333462]
,[0.35426470088040996, 0.458996273733351]
,[0.3542647008804097, 0.4589962737333527]
,[0.35426470088040896, 0.45899627373334895]
,[0.3542647008804188, 0.4589962737333522]
,[0.3542647008804227, 0.4589962737333503]
,[0.354264700880408, 0.45899627373334306]
,[0.3542647008804186, 0.45899627373334034]
,[0.3542647008804081, 0.45899627373335566]
,[0.3542647008804158, 0.4589962737333456]
,[0.3542647008804195, 0.45899627373334406]
,[0.35426470088040657, 0.4589962737333523]
,[0.3542647008804232, 0.4589962737333435]
,[0.35426470088042344, 0.4589962737333391]
,[0.35426470088042267, 0.4589962737333616]
,[0.3542647008804123, 0.45899627373335555]
,[0.35426470088041484, 0.45899627373336027]
,[0.3542647008804227, 0.4589962737333484]
,[0.3542647008804068, 0.45899627373333957]
,[0.3542647008804152, 0.4589962737333547]
,[0.35426470088041156, 0.45899627373334745]
,[0.35426470088042633, 0.4589962737333456]
,[0.35426470088042866, 0.45899627373335444]
,[0.35426470088041895, 0.45899627373334007]
,[0.3542647008804146, 0.4589962737333448]
,[0.3542647008804278, 0.4589962737333521]
,[0.3542647008804077, 0.4589962737333551]
,[0.3542647008804064, 0.45899627373335466]
,[0.3542647008804271, 0.45899627373334945]
,[0.35426470088042145, 0.4589962737333551]
,[0.3542647008804077, 0.45899627373335744]
,[0.3542647008804212, 0.45899627373335217]
],"vol":[[0.40577019045629303, 0.48884905438253656]
,[0.4057701904562829, 0.4888490543825407]
,[0.40577019045628215, 0.4888490543825416]
,[0.4057701904562798, 0.4888490543825386]
,[0.40577019045627494, 0.488849054382557]
,[0.4057701904562923, 0.4888490543825466]
,[0.405770190456288, 0.48884905438255183]
,[0.40577019045628837, 0.4888490543825554]
,[0.40577019045627494, 0.4888490543825378]
,[0.4057701904562952, 0.4888490543825364]
,[0.40577019045627183, 0.488849054382544]
,[0.40577019045629453, 0.4888490543825347]
,[0.40577019045628576, 0.4888490543825505]
,[0.40577019045629037, 0.4888490543825477]
,[0.40577019045628215, 0.48884905438254006]
,[0.40577019045628787, 0.4888490543825573]
,[0.4057701904562865, 0.48884905438253995]
,[0.40577019045627494, 0.4888490543825522]
,[0.40577019045629487, 0.48884905438254284]
,[0.40577019045629337, 0.48884905438255805]
,[0.4057701904562806, 0.48884905438255355]
,[0.4057701904562734, 0.4888490543825553]
,[0.40577019045628476, 0.48884905438254994]
,[0.40577019045628987, 0.4888490543825579]
,[0.40577019045628976, 0.4888490543825509]
,[0.4057701904562797, 0.48884905438254134]
,[0.40577019045628177, 0.4888490543825383]
,[0.40577019045627427, 0.488849054382539]
,[0.4057701904562905, 0.4888490543825475]
,[0.4057701904562755, 0.4888490543825385]
,[0.40577019045629115, 0.48884905438254245]
,[0.40577019045627977, 0.48884905438254944]
,[0.4057701904562943, 0.48884905438255094]
,[0.40577019045628454, 0.4888490543825492]
,[0.40577019045627916, 0.4888490543825523]
,[0.4057701904562761, 0.48884905438254267]
,[0.40577019045628365, 0.48884905438255116]
,[0.40577019045627627, 0.4888490543825501]
,[0.4057701904562866, 0.4888490543825556]
,[0.4057701904562803, 0.48884905438253934]
]}