{
"parameters":[2, 2, 2, 2, 20, 60]
,"current_iter":20,"domain":[[-5.12, -5.12]
,[5.12, 5.12]
],"result":[21.52119097130058, 10.208893586800333, 22.04353305436923, 18.261716570975718, 10.182861479882195, 34.390260719611334, 21.10553951495048, 21.850647791428518, 33.70537460519807, 18.02826792989051, 11.928818903219101, 10.555763694209462, 11.78006661749994, 17.44546855654757, 28.944823600207503, 17.899284936582134, 20.570728467728657, 10.797727347505974, 21.633178945801205, 5.035896589443837]
,"population":[[-5.12, -2.237560938407995]
,[-4.779698415877872, -5.12]
,[-1.473751653672195, -4.6055712988304744]
,[-1.9626983658835864, -5.12]
,[-5.12, -3.4462413374902985]
,[-5.12, -5.12]
,[-5.12, -0.032197489451445405]
,[-1.9630736105937967, 5.12]
,[-3.048248416382824, -5.12]
,[-5.07107330072255, -2.0544958140674727]
,[-5.12, -0.8533301245589298]
,[-5.12, -1.084750400558859]
,[-2.1678121844058476, -4.286008642516257]
,[-3.8980312386420417, -5.12]
,[-2.3225710273368674, 5.12]
,[-5.12, -1.1945489789867487]
,[-5.12, -5.12]
,[-4.619472253285161, -1.272200543165163]
,[-5.12, -5.12]
,[-1.9723217347898174, -0.9954395255922033]
],"den":[[0.6500459682538176, 0.7214145942216541]
,[0.6500459682525688, 0.7214145942616537]
,[0.6500459682281532, 0.7214145942212348]
,[0.6500459682354628, 0.7214145942340838]
,[0.6500459682350397, 0.721414594258054]
,[0.6500459682624348, 0.7214145942204891]
,[0.6500459682533117, 0.7214145942431779]
,[0.6500459682594362, 0.7214145942349328]
,[0.6500459682532264, 0.721414594230221]
,[0.650045968274114, 0.7214145942648359]
,[0.6500459682492795, 0.7214145942478514]
,[0.6500459682326452, 0.7214145942659528]
,[0.6500459682580799, 0.7214145942533461]
,[0.6500459682621235, 0.7214145942669122]
,[0.650045968229948, 0.7214145942214154]
,[0.6500459682397101, 0.7214145942207405]
,[0.6500459682318733, 0.721414594265918]
,[0.6500459682396742, 0.7214145942379707]
,[0.6500459682452171, 0.7214145942380008]
,[0.6500459682584159, 0.7214145942618523]
],"vol":[[0.2138710269305507, 0.4618420781865422]
,[0.21387102691616844, 0.4618420781710868]
,[0.2138710269025608, 0.46184207817898726]
,[0.21387102694627055, 0.46184207817197837]
,[0.21387102692359886, 0.4618420781831246]
,[0.2138710269382978, 0.46184207814831785]
,[0.21387102692847934, 0.4618420781657814]
,[0.21387102690445692, 0.46184207819342044]
,[0.21387102691406606, 0.4618420781949118]
,[0.21387102693422996, 0.4618420781581618]
,[0.21387102692668253, 0.46184207816308126]
,[0.2138710269429252, 0.4618420781854916]
,[0.21387102691113563, 0.4618420781697433]
,[0.2138710269310726, 0.4618420781617356]
,[0.21387102690299595, 0.4618420781863238]
,[0.21387102692122958, 0.4618420781609437]
,[0.21387102690731513, 0.46184207816470546]
,[0.21387102691437399, 0.4618420781684535]
,[0.21387102690796497, 0.4618420781736509]
,[0.21387102691976756, 0.4618420781626001]
]}