{
"parameters":[2, 2, 2, 2, 40, 40]
,"current_iter":12,"domain":[[-5.12, -5.12]
,[5.12, 5.12]
],"result":[9.476827691041455, 1.191333736606543, 16.688598248990253, 30.19627187578816, 2.23584456278253, 6.714724292978746, 23.220369887817842, 17.689392009505948, 9.194011740940887, 4.371442016983057, 20.752468431057427, 29.90813049700501, 4.455090705050555, 11.900868837970943, 18.133909663304642, 3.59997995009803, 9.372212831102065, 18.761570065225136, 15.85533039677022, 34.00838307634723, 23.204083873965423, 2.6857806180950057, 30.174669757032532, 29.012206269597524, 29.980523165951915, 10.4102366230677, 7.358459727248077, 14.345450671322238, 30.91332305182629, 7.329252391040713, 25.33823876794735, 18.300250109068934, 22.93776611775248, 26.63409532693507, 12.998040749141587, 13.05497858298163, 23.828023511373875, 13.714847497363069, 23.164095849577684, 10.785658708413756]
,"population":[[4.335786940151252, 0.9556555565179382]
,[0.9583779076648516, 0.019306137957956108]
,[5.12, -2.7314711309260966]
,[2.5027635209394226, 3.5887896358816254]
,[3.3528523798503183, 0.06515158151558345]
,[-0.16925236744107586, 0.0894045483780743]
,[-5.12, -2.193699808165179]
,[4.753409422508082, -4.511277697493661]
,[0.6124489110534521, 0.4626870241933135]
,[1.1326700715572482, 1.947664688638863]
,[-1.8003469586350223, 5.12]
,[-2.5491745326658966, 2.0499790662196227]
,[3.542466798698168, -0.0173077520597182]
,[0.7847205851653749, 0.7365725720331152]
,[3.8383582162057746, 5.12]
,[1.0875027717157577, 1.8503551552443152]
,[5.12, 0.023507469705116996]
,[0.9539009860168636, 0.5164691820120441]
,[2.9935583063030378, -3.8392908397479917]
,[-5.12, 2.7158698903216774]
,[3.7615747498507153, -5.12]
,[3.1038790200045416, 2.050361070046014]
,[1.938867493631347, 5.12]
,[5.12, -1.7754958684254825]
,[3.0383977418794794, 5.12]
,[1.0705302106734906, -3.3705911842986027]
,[1.9648807104668247, -0.488212919489594]
,[2.2048867079596333, 2.637393357796234]
,[-0.11121942276546892, -5.12]
,[1.6571674104685776, 1.5033911614312891]
,[0.8428700247688009, -0.4904281180376503]
,[0.3828732012193524, 0.061519384163202094]
,[-5.12, 0.8834608213645894]
,[5.12, -0.15551212235755935]
,[1.5310155478749357, -0.5619041728186065]
,[4.41197428062603, -5.040927672243541]
,[0.7500783856803287, -2.290328124748874]
,[3.258930611376633, -5.12]
,[3.50735568177192, 5.12]
,[3.0916502274294033, 4.138017197343828]
],"den":[[0.3542636146482209, 0.4589944809690655]
,[0.35426472686888133, 0.4589963329959623]
,[0.3542653858220851, 0.4589953684893286]
,[0.35426521922928106, 0.4589949693821324]
,[0.3542649119477575, 0.4589950490878919]
,[0.35426791625799847, 0.4589935561858666]
,[0.35426825694108005, 0.4589972027350582]
,[0.3542656737343343, 0.4589947640148989]
,[0.35426619645316354, 0.45899425750037004]
,[0.35426427785605974, 0.4589952486868831]
,[0.3542642074021759, 0.45899560037478715]
,[0.35426406451646614, 0.458994826098705]
,[0.35426610026892075, 0.4589955026329634]
,[0.3542669132882395, 0.4589951030094575]
,[0.3542638749726328, 0.45899361079742224]
,[0.35426605872536593, 0.45899305721202377]
,[0.35426389061057156, 0.45899621727237694]
,[0.35426548065459734, 0.4589941443231641]
,[0.354266240283595, 0.4589938196753533]
,[0.354263573403069, 0.4589955094800986]
,[0.3542670095135561, 0.45899370185209226]
,[0.354267064363997, 0.45899279704163015]
,[0.3542669015824304, 0.4589974407265498]
,[0.3542647534988255, 0.4589961963913604]
,[0.35426528571494414, 0.458997162255645]
,[0.354266906934747, 0.4589947067296489]
,[0.35426361411894847, 0.45899289021805784]
,[0.3542653518588472, 0.45899601590693134]
,[0.35426460347048894, 0.4589945197084079]
,[0.35426765047718367, 0.45899414028781915]
,[0.35426813475509483, 0.4589959562636523]
,[0.35426612992509254, 0.4589929952843168]
,[0.35426523583302755, 0.45899396708857865]
,[0.35426795256554033, 0.4589954795403627]
,[0.3542637974938661, 0.4589960969250534]
,[0.3542635391040861, 0.4589960022879941]
,[0.35426780731659924, 0.45899492660807073]
,[0.35426664238108563, 0.45899609763364524]
,[0.3542638027887025, 0.45899658319574876]
,[0.35426659334952754, 0.45899548589335987]
],"vol":[[0.40577218925122605, 0.48884823638252184]
,[0.40577009604045605, 0.4888491037636282]
,[0.40576994591153265, 0.488849276187894]
,[0.4057694634208399, 0.4888486628750025]
,[0.4057684574041594, 0.48885245024194857]
,[0.40577203508745024, 0.4888503085295002]
,[0.405771140726321, 0.4888513865509728]
,[0.4057712303949045, 0.488852121749634]
,[0.4057684541056829, 0.48884848770234024]
,[0.40577263542515657, 0.48884820420346586]
,[0.4057678102511662, 0.48884977574062327]
,[0.40577249997991444, 0.4888478474104132]
,[0.4057706833815846, 0.48885111505386586]
,[0.4057716419867518, 0.48885054990053595]
,[0.40576995032627927, 0.4888489581970138]
,[0.40577111493814233, 0.4888525274879649]
,[0.40577083631701644, 0.48884893403437324]
,[0.4057684555812195, 0.4888514654148814]
,[0.40577256005770695, 0.48884953027434175]
,[0.40577226043735976, 0.4888526620812815]
,[0.40576961792257205, 0.48885174607614507]
,[0.40576813970537035, 0.4888521135460732]
,[0.4057704775905016, 0.48885099665585585]
,[0.4057715376037387, 0.48885263604538454]
,[0.40577150792193095, 0.48885119935651333]
,[0.40576944497774187, 0.48884922203760156]
,[0.4057698568047248, 0.48884859120744945]
,[0.4057683223224914, 0.48884873691278563]
,[0.4057716656193262, 0.4888504944513958]
,[0.405768572992651, 0.48884863657431227]
,[0.40577180360379067, 0.48884945628858223]
,[0.4057694511636754, 0.4888508954661131]
,[0.40577245272203366, 0.4888512071263084]
,[0.4057704333410443, 0.4888508517456982]
,[0.40576932265951976, 0.48885147702818366]
,[0.40576868979435726, 0.48884949892076507]
,[0.40577024712910986, 0.48885124444047223]
,[0.4057687298057784, 0.48885103058389295]
,[0.40577086421232855, 0.48885217161442657]
,[0.4057695659472105, 0.48884881470350233]
]}