{
"parameters":[2, 2, 2, 2, 40, 40]
,"current_iter":9,"domain":[[-5.12, -5.12]
,[5.12, 5.12]
],"result":[30.90305637002087, 32.33673161699805, 9.560383427844641, 4.684447353770711, 10.75092751563728, 9.388355459988293, 27.17724955779783, 36.28474462516453, 26.296213533289073, 9.133210275997225, 32.23120500598149, 11.652987536959301, 23.95502563416463, 8.87303366481293, 21.8348149868932, 26.498844405156113, 22.037226570335598, 12.112728060944514, 33.93113250229559, 13.417591287028584, 23.843166107649214, 10.102387056023758, 13.76187689513229, 20.07557995883365, 30.291474270373243, 14.789592649334164, 17.071733944450415, 1.7451347811505293, 30.89168297948668, 2.456068119303188, 30.256915086227874, 2.7550893782380754, 27.84560477434018, 29.94418857278131, 20.380927701872135, 6.576372868921382, 27.018111468831773, 29.228295750732332, 10.99448607885413, 26.611694320217282]
,"population":[[-5.12, -2.3665028110893154]
,[5.12, -4.876971640825591]
,[0.8207495639738287, 0.13034016037982243]
,[3.3974247766490864, -0.7045696516539821]
,[-3.588982343733491, -2.8223078714458185]
,[-2.652954225846489, -2.048629789496867]
,[1.5150988494857927, -5.12]
,[5.12, -5.12]
,[5.12, 5.12]
,[4.054138202136631, 4.69103069901236]
,[-5.12, -2.6707660718830333]
,[5.12, -4.412138555683638]
,[5.12, 5.004487958338153]
,[5.12, -3.9889941143267684]
,[5.12, -0.7983491124081732]
,[5.12, 0.3980961001657426]
,[-1.4237000215148332, -1.4400947834701716]
,[4.538393880556988, -0.7972264192091548]
,[4.968311765077731, -0.7608485436194461]
,[0.5021089770036102, -0.20439394615099393]
,[1.993579533790136, -5.12]
,[-4.397211855681625, -0.9430814958547948]
,[2.5683795908263076, 2.8347223132081547]
,[1.3885022021620577, -5.12]
,[-2.3605034290534634, -2.40045175814411]
,[1.3665666454662093, -1.0283586873590052]
,[-2.8437139843964943, -2.0431069693532415]
,[0.9656484841897203, -0.05436145355453681]
,[5.12, 0.29185253632120234]
,[0.7534593284862919, -0.8775802102058319]
,[0.9294705551881828, 5.12]
,[0.9707762026260464, 0.9372988748528699]
,[-5.12, -5.12]
,[5.12, -1.2455145296868835]
,[1.444957963000931, -0.9110127669504668]
,[0.9510198233838191, 1.1453876275598949]
,[1.2462777360576363, -5.12]
,[0.4559929851458844, -2.8256271450074593]
,[0.5887667089780362, -0.7586164392644142]
,[-1.2548743982349486, -5.12]
],"den":[[0.759727985562566, 0.48357885028246533]
,[0.7600429598112018, 0.48398938044089607]
,[0.7596031227965948, 0.48377266332858365]
,[0.759778925176216, 0.4836293801716177]
,[0.7597537242464041, 0.48359084403468694]
,[0.7595872084023451, 0.4839685926004228]
,[0.7599405791473982, 0.4835644136701321]
,[0.7595501862443175, 0.4839404967786574]
,[0.7599448650249214, 0.48361018109337767]
,[0.7601446783300349, 0.4835650647567358]
,[0.7601045797808959, 0.48353995633546193]
,[0.7597756194533398, 0.48361586340430446]
,[0.7598655437125234, 0.4838596350011698]
,[0.7597582651857335, 0.48368965149121285]
,[0.7597480897314605, 0.48385660885403614]
,[0.7596468540081976, 0.48353973038526565]
,[0.7598308276820585, 0.4839908756692116]
,[0.7595594584158414, 0.48358615884917944]
,[0.7597759203330956, 0.4839748299389576]
,[0.759628196370184, 0.4838929868611927]
,[0.7596531722791336, 0.484101787053842]
,[0.7596768108901671, 0.48384741660572]
,[0.7599842658693893, 0.48377078185814837]
,[0.7599460821461407, 0.4836536192472569]
,[0.759875020316413, 0.4838763584785782]
,[0.76006003256486, 0.4838497665928987]
,[0.7601369042672977, 0.4838700098109]
,[0.7598489993981664, 0.4835688409189228]
,[0.7598721861050319, 0.48355117214671817]
,[0.7598976988364248, 0.48383176307442627]
,[0.7599035106681304, 0.4840892626152066]
,[0.7600400939633453, 0.4838124446992852]
,[0.759696224177766, 0.4839356990900756]
,[0.7599247748640554, 0.4838305859177826]
,[0.7598823707822128, 0.48381502674301646]
,[0.7600271148360629, 0.4838256951430119]
,[0.7596474311211635, 0.4840439334254794]
,[0.7597702308036336, 0.4838619747522364]
,[0.7601015313313644, 0.4838573907543832]
,[0.7597156929854069, 0.48356437760468923]
],"vol":[[0.6981214086599847, 0.5176813145617433]
,[0.6985711777687492, 0.5176013320614281]
,[0.6981320714399424, 0.5175984194746401]
,[0.6981281747516671, 0.51788467737874]
,[0.6981805115916045, 0.5177997926050709]
,[0.6984188475459842, 0.51751481124218]
,[0.6982097297971037, 0.5173663875784287]
,[0.6985195744191143, 0.5177850560578661]
,[0.6985764899052084, 0.5173520576689323]
,[0.6983932292751769, 0.5174155671050283]
,[0.6986391969768928, 0.5175408538983443]
,[0.6982476598663468, 0.5176048189732745]
,[0.6984635529366507, 0.5177967922054701]
,[0.6984255454065291, 0.5175254208422242]
,[0.6984353260671532, 0.5174995402357444]
,[0.69830966787973, 0.5178988605471155]
,[0.6981970338742843, 0.5177609826264925]
,[0.6981480505358051, 0.5173772502284157]
,[0.6985706748428688, 0.5175280069526326]
,[0.698147883584847, 0.517613834978253]
,[0.6987094455916163, 0.5176962514079453]
,[0.6983445743752394, 0.5176669181820106]
,[0.6982922082623342, 0.5178083583034412]
,[0.6984879401548234, 0.5179208580880447]
,[0.698290556057854, 0.5177638271229653]
,[0.6985970491790959, 0.5174951277874348]
,[0.6984796753391657, 0.5174322789822211]
,[0.6986745305889598, 0.5179064163967639]
,[0.6986172883875663, 0.5177673089142203]
,[0.6982602884771972, 0.5173798888346515]
,[0.6982309974674834, 0.5176136407646482]
,[0.6985892254851175, 0.5176499110724991]
,[0.6983262708923157, 0.5178492044037305]
,[0.6987039204029092, 0.5178218539029247]
,[0.6981560058562797, 0.5175353486145778]
,[0.6982943869615619, 0.517520692336983]
,[0.6985749171609561, 0.5174014912501236]
,[0.6987014353449614, 0.5174053440968708]
,[0.6982509211581205, 0.5178340215936681]
,[0.6985921261612011, 0.5178937235914407]
]}