{
"parameters":[2, 2, 2, 2, 40, 40]
,"current_iter":25,"domain":[[-5.12, -5.12]
,[5.12, 5.12]
],"result":[17.36750616292059, 30.024583481300173, 1.3159329161175712, 0.9555308775502933, 1.3003308873859165, 1.049548139858853, 10.11612694869144, 0.7694041224770238, 17.39020879040043, 1.1830499801552286, 12.38311171983055, 9.548527311549405, 23.95502563416463, 8.87303366481293, 21.8348149868932, 0.9220820280785809, 3.2263310870995525, 12.112728060944514, 18.16606098340646, 5.631731723911934, 3.1676038017172097, 2.8831556436507366, 13.76187689513229, 6.618002727592591, 2.726614377235201, 1.13733272686542, 2.924406941917603, 1.1656790475733203, 0.12262923929199765, 2.456068119303188, 0.010051841154540497, 2.4981337450816756, 1.640908891155199, 8.833846546880284, 4.726738520846119, 2.239194996970255, 12.741255759308885, 6.0606502094648995, 1.9502315923229379, 11.394786771698833]
,"population":[[-4.063658101542961, -0.018095562131074275]
,[5.12, -0.10915402897006259]
,[-1.3206486452696384, -0.03543376460336369]
,[-0.005696078534562091, -0.13564286396413128]
,[-1.34222289176311, -0.02880370145953235]
,[-0.18468601230822893, -0.023057279529250865]
,[-1.7135757553985003, 0.6255872564955781]
,[-0.05850554360294664, -0.022232373515977594]
,[-0.7579478186288172, 2.952409609452075]
,[-0.03094951381163563, -0.6648064286895741]
,[0.8204713216118164, -0.19222051506587223]
,[0.7673339531085709, 0.0153481590324056]
,[0.8507379196255813, 2.405786715583718]
,[1.0569606385587078, -0.28323672044107007]
,[3.7515759697006468, 1.140173034731416]
,[-0.025976498738360443, -0.07387078032501868]
,[1.393017966769074, -0.007331330659485238]
,[2.124513460169233, 1.6521090106214311]
,[-1.24835854634842, -0.8146780296601117]
,[-0.0852643455046608, 2.0249764813780047]
,[-0.276736634863771, 0.015681996134240414]
,[-0.04041735898246231, -1.3839654416417595]
,[0.15073520610689478, 1.341365294702901]
,[-0.3006985745552159, 1.4659327674421259]
,[-0.08497925883085268, -0.08272293275090886]
,[-0.37813000088290233, -0.019540564276596253]
,[0.21534128627021604, -0.012355354278256927]
,[-0.14973410260059417, -0.0196566824171074]
,[-0.015416249659007009, -0.01952216298388207]
,[-1.1150143499816587, 0.03642457045250969]
,[0.006889138090933021, -0.0017926865794225012]
,[-0.3993103691644098, 1.036856392417662]
,[-1.1344018231074187, -0.055794497659291065]
,[2.8581785102806587, -0.10067526439505121]
,[1.9877016754766035, 0.061701990096426435]
,[-0.7992772362450706, 0.36276954366552683]
,[-1.2605775096765242, 0.04980234313917903]
,[-0.035148659749815264, 1.1568967318632235]
,[-0.5769169160213458, -0.022142985176694142]
,[-0.5706540659186272, 0.19910780466368783]
],"den":[[0.7598480707133272, 0.48356961123746306]
,[0.7598480719117545, 0.48356961279946553]
,[0.7598480702382441, 0.4835696119748911]
,[0.7598480709071443, 0.4835696114297213]
,[0.7598480708112588, 0.4835696112830974]
,[0.7598480701776923, 0.4835696127203711]
,[0.7598480715222122, 0.48356961118253405]
,[0.7598480700368289, 0.4835696126134709]
,[0.7598480715385193, 0.48356961135667187]
,[0.7598480722987774, 0.48356961118501135]
,[0.7598480721462088, 0.48356961108947777]
,[0.7598480708945666, 0.48356961137829213]
,[0.7598480712367143, 0.48356961230580464]
,[0.7598480708285363, 0.48356961165904416]
,[0.7598480707898204, 0.48356961229429063]
,[0.7598480704046344, 0.483569611088618]
,[0.7598480711046253, 0.48356961280515465]
,[0.759848070072108, 0.483569611265271]
,[0.7598480708957114, 0.4835696127441032]
,[0.7598480703336451, 0.4835696124327032]
,[0.7598480704286744, 0.48356961322715497]
,[0.7598480705186156, 0.48356961225931555]
,[0.7598480716884334, 0.48356961196773246]
,[0.7598480715431503, 0.4835696115219472]
,[0.7598480712727712, 0.4835696123694348]
,[0.7598480719767137, 0.4835696122682569]
,[0.7598480722691984, 0.4835696123452791]
,[0.7598480711737657, 0.483569611199379]
,[0.7598480712619875, 0.48356961113215213]
,[0.7598480713590594, 0.48356961219975636]
,[0.7598480713811725, 0.4835696131795015]
,[0.7598480719008505, 0.483569612126253]
,[0.7598480705924802, 0.48356961259521647]
,[0.7598480714620794, 0.48356961219527744]
,[0.7598480713007386, 0.48356961213607724]
,[0.7598480718514669, 0.48356961217666883]
,[0.7598480704068302, 0.48356961300703105]
,[0.7598480708740637, 0.483569612314707]
,[0.7598480721346099, 0.48356961229726564]
,[0.7598480706665559, 0.48356961118239683]
],"vol":[[0.698672476125512, 0.5179052428014479]
,[0.6986724778368124, 0.5179052424971271]
,[0.6986724761660822, 0.5179052424860452]
,[0.6986724761512558, 0.5179052435752113]
,[0.6986724763503892, 0.5179052432522382]
,[0.6986724772572199, 0.517905242167929]
,[0.6986724764615599, 0.5179052416032004]
,[0.6986724776404698, 0.5179052431961679]
,[0.6986724778570242, 0.5179052415486773]
,[0.6986724771597465, 0.5179052417903207]
,[0.6986724780956148, 0.5179052422670173]
,[0.6986724766058778, 0.5179052425103943]
,[0.698672477427317, 0.5179052432408221]
,[0.6986724772827042, 0.5179052422082969]
,[0.6986724773199181, 0.5179052421098252]
,[0.6986724768418086, 0.517905243629176]
,[0.6986724764132539, 0.5179052431045723]
,[0.6986724762268801, 0.5179052416445311]
,[0.6986724778348989, 0.5179052422181366]
,[0.6986724762262448, 0.5179052425446987]
,[0.6986724783628997, 0.5179052428582802]
,[0.6986724769746223, 0.5179052427466719]
,[0.6986724767753775, 0.5179052432848293]
,[0.6986724775201064, 0.5179052437128732]
,[0.6986724767690912, 0.5179052431153952]
,[0.6986724779352491, 0.5179052420930366]
,[0.6986724774886601, 0.5179052418539069]
,[0.6986724782300536, 0.5179052436579249]
,[0.6986724780122561, 0.5179052431286428]
,[0.6986724766539277, 0.5179052416545705]
,[0.6986724765424801, 0.5179052425439598]
,[0.6986724779054811, 0.5179052426819626]
,[0.6986724769049805, 0.5179052434402422]
,[0.6986724783418772, 0.5179052433361779]
,[0.6986724762571488, 0.5179052422460705]
,[0.6986724767836671, 0.5179052421903056]
,[0.6986724778510403, 0.5179052417367643]
,[0.698672478332422, 0.5179052417514238]
,[0.6986724766182866, 0.517905243382474]
,[0.6986724779165178, 0.5179052436096307]
]}