{
"parameters":[2, 2, 2, 2, 20, 60]
,"current_iter":14,"domain":[[-5.12, -5.12]
,[5.12, 5.12]
],"result":[21.52119097130058, 10.208893586800333, 22.04353305436923, 18.261716570975718, 10.182861479882195, 34.390260719611334, 21.10553951495048, 31.345398115894778, 33.70537460519807, 18.02826792989051, 11.928818903219101, 10.555763694209462, 11.78006661749994, 17.44546855654757, 28.944823600207503, 17.899284936582134, 20.570728467728657, 10.797727347505974, 21.633178945801205, 7.987892194344207]
,"population":[[-5.12, -2.5077065298011476]
,[-5.12, -5.12]
,[-1.9709660910013118, -3.489266444600886]
,[0.6908345885112008, -4.490933634095195]
,[-5.12, -5.12]
,[-5.12, -5.12]
,[-5.12, 5.12]
,[-3.2582716344309706, -5.12]
,[-2.6180244665719172, -5.12]
,[-5.12, -2.834014294847953]
,[-4.870899600339774, 2.057703733734031]
,[-4.524038392593246, -1.225387192233645]
,[-2.477576472003427, -2.069362274796948]
,[-4.835317399696375, -3.551028262456561]
,[-4.813842441502056, 1.641552003454874]
,[-5.12, -1.0515981729955806]
,[-5.12, -5.12]
,[-3.690687485036526, -1.437714944031185]
,[-2.1671558422245685, -5.12]
,[-1.6639296897696858, -0.8157005799834506]
],"den":[[0.6500459623822384, 0.7214145428924238]
,[0.6500459607864689, 0.7214145940080289]
,[0.6500459295856187, 0.7214145423566612]
,[0.6500459389266197, 0.7214145587764803]
,[0.6500459383859366, 0.7214145894079705]
,[0.650045973394172, 0.7214145414037848]
,[0.6500459617358312, 0.7214145703978535]
,[0.6500459695622794, 0.7214145598613901]
,[0.650045961626629, 0.7214145538401647]
,[0.6500459883190701, 0.7214145980747068]
,[0.6500459565830957, 0.7214145763699472]
,[0.6500459353259221, 0.7214145995019013]
,[0.6500459678291444, 0.7214145833917681]
,[0.6500459729964292, 0.7214146007280433]
,[0.6500459318791686, 0.7214145425873345]
,[0.6500459443542299, 0.7214145417249613]
,[0.6500459343396493, 0.7214145994574445]
,[0.6500459443083544, 0.7214145637435556]
,[0.6500459513917212, 0.7214145637819264]
,[0.6500459682584159, 0.7214145942618523]
],"vol":[[0.21387104069960264, 0.46184210875835113]
,[0.21387102232044886, 0.4618420890077743]
,[0.21387100493119635, 0.461842099103809]
,[0.21387106078803053, 0.46184209014715133]
,[0.2138710318158079, 0.4618421043910104]
,[0.2138710505996247, 0.4618420599112923]
,[0.2138710380525729, 0.46184208222797324]
,[0.21387100735423045, 0.46184211754805243]
,[0.21387101963379582, 0.46184211945389053]
,[0.21387104540130591, 0.46184207249086495]
,[0.21387103575644967, 0.461842078777534]
,[0.2138710565129944, 0.461842107415691]
,[0.21387101588899796, 0.4618420872909492]
,[0.21387104136653812, 0.4618420770578957]
,[0.21387100548724533, 0.46184210847919904]
,[0.21387102878809922, 0.4618420760458568]
,[0.21387101100673636, 0.46184208085310247]
,[0.21387102002730973, 0.4618420856427218]
,[0.21387101183717966, 0.46184209228450745]
,[0.21387102691976756, 0.4618420781626001]
]}