{
"parameters":[2, 2, 2, 2, 20, 60]
,"current_iter":43,"domain":[[-5.12, -5.12]
,[5.12, 5.12]
],"result":[17.530553395495062, 0.17257313615206016, 9.36711086701591, 0.6027653827637423, 0.15441056044540247, 13.224698008313204, 21.10553951495048, 3.6423389053117567, 0.5673919216529892, 0.12267554722127905, 1.5229208441641173, 3.6320818601252043, 0.39899898809877676, 7.843319057622942, 1.0425201621128632, 5.9096249195956325, 19.2253800430124, 5.131191207127552, 16.50989968493638, 5.035896589443837]
,"population":[[0.2510432683095879, 1.226854535193851]
,[0.02425849764389662, -0.016816021294937176]
,[0.8888533585163466, 0.18797447425501143]
,[0.07013462408593746, -0.037115827525516835]
,[0.019669620451036294, -0.019809331142359877]
,[-0.9264496575343987, -0.2698601034410532]
,[-2.5806891819428164, 0.7327686128515648]
,[-0.08829008250290579, -1.1377635747058925]
,[0.05293228755944651, 0.01644214794711268]
,[0.020094843171623303, -0.014670763632600661]
,[0.42473165509120747, -0.057866352597012685]
,[-1.1016907332166876, -0.04757029743673649]
,[0.029200946893866334, 0.03413625277854879]
,[2.297939092606081, -0.5531291393008388]
,[0.039446755787483294, 0.2282610513443748]
,[0.37883140765769663, 1.1182159355564854]
,[-1.2412571672146027, -1.5302767232559713]
,[0.07201613535011382, 0.8653415685039743]
,[-0.17446903523364332, -0.730395353832742]
,[1.4732403890160355, 0.5548037720384403]
],"den":[[0.6500459682584158, 0.721414594261852]
,[0.6500459682584158, 0.721414594261852]
,[0.6500459682584158, 0.721414594261852]
,[0.6500459682584158, 0.721414594261852]
,[0.6500459682584158, 0.721414594261852]
,[0.6500459682584158, 0.721414594261852]
,[0.6500459682584158, 0.721414594261852]
,[0.6500459682584158, 0.721414594261852]
,[0.6500459682584158, 0.721414594261852]
,[0.6500459682584158, 0.721414594261852]
,[0.6500459682584158, 0.721414594261852]
,[0.6500459682584158, 0.721414594261852]
,[0.6500459682584158, 0.721414594261852]
,[0.6500459682584158, 0.721414594261852]
,[0.6500459682584158, 0.721414594261852]
,[0.6500459682584158, 0.721414594261852]
,[0.6500459682584158, 0.721414594261852]
,[0.6500459682584158, 0.721414594261852]
,[0.6500459682584158, 0.721414594261852]
,[0.6500459682584158, 0.721414594261852]
],"vol":[[0.2138710269197674, 0.46184207816260037]
,[0.2138710269197674, 0.46184207816260037]
,[0.2138710269197674, 0.46184207816260037]
,[0.2138710269197674, 0.46184207816260037]
,[0.2138710269197674, 0.46184207816260037]
,[0.2138710269197674, 0.46184207816260037]
,[0.2138710269197674, 0.46184207816260037]
,[0.2138710269197674, 0.46184207816260037]
,[0.2138710269197674, 0.46184207816260037]
,[0.2138710269197674, 0.46184207816260037]
,[0.2138710269197674, 0.46184207816260037]
,[0.2138710269197674, 0.46184207816260037]
,[0.2138710269197674, 0.46184207816260037]
,[0.2138710269197674, 0.46184207816260037]
,[0.2138710269197674, 0.46184207816260037]
,[0.2138710269197674, 0.46184207816260037]
,[0.2138710269197674, 0.46184207816260037]
,[0.2138710269197674, 0.46184207816260037]
,[0.2138710269197674, 0.46184207816260037]
,[0.2138710269197674, 0.46184207816260037]
]}