{
"parameters":[2, 2, 2, 2, 20, 60]
,"current_iter":25,"domain":[[-5.12, -5.12]
,[5.12, 5.12]
],"result":[21.52119097130058, 10.208893586800333, 22.04353305436923, 18.261716570975718, 10.182861479882195, 34.390260719611334, 21.10553951495048, 14.401461516747549, 33.70537460519807, 18.02826792989051, 11.928818903219101, 10.555763694209462, 8.67711530495756, 17.44546855654757, 28.944823600207503, 17.899284936582134, 20.570728467728657, 10.797727347505974, 16.50989968493638, 5.035896589443837]
,"population":[[-5.12, -5.12]
,[-3.8353140554998046, -5.12]
,[-1.772302321666196, -5.12]
,[-0.6765092863840398, -2.290175495737869]
,[-5.12, -1.4134988563484008]
,[-4.969865937701654, -5.12]
,[-5.12, 3.9860211103029566]
,[-2.465252559347886, -1.113067239448835]
,[-2.1335635710467913, -4.586880359013041]
,[-5.12, -5.12]
,[-2.4628310761278684, -0.5918726703150459]
,[-5.12, -1.3091963845935186]
,[-1.8291675101847105, 1.5029043206964223]
,[-4.482871483890935, -5.12]
,[-5.12, 2.7090259684554665]
,[-3.567895306705389, -1.193841570077247]
,[-5.12, -3.0252959534504256]
,[-3.0008351634543065, -1.4953928162785497]
,[-4.012272000868606, -3.09909621983148]
,[-1.9723217347898174, -0.9954395255922033]
],"den":[[0.6500459682584001, 0.7214145942617151]
,[0.650045968258396, 0.7214145942618516]
,[0.6500459682583126, 0.7214145942617137]
,[0.6500459682583376, 0.7214145942617576]
,[0.6500459682583362, 0.7214145942618394]
,[0.6500459682584295, 0.7214145942617112]
,[0.6500459682583984, 0.7214145942617886]
,[0.6500459682584193, 0.7214145942617605]
,[0.6500459682583981, 0.7214145942617444]
,[0.6500459682584694, 0.7214145942618624]
,[0.6500459682583848, 0.7214145942618044]
,[0.6500459682583279, 0.7214145942618663]
,[0.6500459682584148, 0.7214145942618233]
,[0.6500459682584285, 0.7214145942618695]
,[0.6500459682583187, 0.7214145942617143]
,[0.650045968258352, 0.7214145942617121]
,[0.6500459682583254, 0.7214145942618662]
,[0.6500459682583519, 0.7214145942617709]
,[0.6500459682583708, 0.7214145942617709]
,[0.6500459682584159, 0.7214145942618523]
],"vol":[[0.21387102691980434, 0.46184207816268175]
,[0.21387102691975526, 0.461842078162629]
,[0.21387102691970886, 0.461842078162656]
,[0.21387102691985796, 0.46184207816263206]
,[0.21387102691978063, 0.46184207816267014]
,[0.21387102691983076, 0.46184207816255135]
,[0.21387102691979729, 0.46184207816261097]
,[0.21387102691971532, 0.4618420781627052]
,[0.2138710269197481, 0.4618420781627103]
,[0.2138710269198169, 0.46184207816258493]
,[0.21387102691979115, 0.4618420781626017]
,[0.21387102691984658, 0.46184207816267814]
,[0.2138710269197381, 0.46184207816262446]
,[0.2138710269198061, 0.46184207816259715]
,[0.21387102691971036, 0.461842078162681]
,[0.21387102691977253, 0.4618420781625944]
,[0.21387102691972507, 0.46184207816260725]
,[0.21387102691974916, 0.4618420781626201]
,[0.21387102691972731, 0.4618420781626378]
,[0.21387102691976756, 0.4618420781626001]
]}