{
"parameters":[2, 2, 2, 2, 40, 40]
,"current_iter":0,"domain":[[-5.12, -5.12]
,[5.12, 5.12]
],"result":[54.03496863462476, 32.33673161699805, 18.017953806555496, 39.84832609402442, 30.83565152351392, 9.388355459988293, 46.43092057887321, 36.28474462516453, 26.296213533289073, 26.066146787223133, 38.62584280513349, 11.652987536959301, 23.95502563416463, 22.196628845347036, 23.435946322972878, 33.521476607265434, 40.245743316507635, 33.869827254760004, 57.849427451571785, 47.66715641503281, 23.843166107649214, 10.102387056023758, 52.57918069609861, 20.07557995883365, 55.513718522411125, 19.912488334347138, 21.219149137009527, 24.352783656651997, 32.893337203645444, 14.954387587981225, 46.13593348850268, 7.37210905973099, 27.84560477434018, 43.20345580331475, 44.484212832669456, 39.178987131131564, 27.018111468831773, 29.39336202593619, 10.99448607885413, 42.46074445190014]
,"population":[[3.4441333250499357, 5.12]
,[-5.12, 0.8817733489515538]
,[1.0087018442084543, -3.2868662189111575]
,[-3.5873962700260735, 1.6608962650841916]
,[5.12, 0.4859331023087652]
,[1.8906008297624308, -0.13788873364166543]
,[4.12169899389567, -4.876037944927101]
,[-5.12, 1.8449863531841837]
,[-1.0428468119604224, -3.7357772338588697]
,[2.0756760166262076, -2.620441945596608]
,[5.12, -2.2998123923646423]
,[-2.874770336227154, -0.047779957964303454]
,[-2.1584216502308387, -2.800218916533433]
,[2.3880684606276272, -1.951529819863032]
,[-5.12, 0.028830343531897562]
,[2.6143067704286085, 4.301148180977808]
,[-5.12, -0.7376220898485586]
,[-5.12, 5.12]
,[5.12, -5.12]
,[-4.693506512337056, 3.4740761320949276]
,[-0.04348959478290393, 2.3911875068340915]
,[3.0020684521287384, -1.0167519982935742]
,[5.12, 5.12]
,[-0.8423047232997476, 2.798226461862258]
,[-4.690578416377134, 2.6954899421905516]
,[0.9489181077152768, -5.12]
,[2.0453364960221867, -0.36264185522550396]
,[-4.85637837090029, 0.8824229639380885]
,[-0.3011322538423107, 5.12]
,[3.9587824042289594, -1.1621513486441883]
,[2.6135857930683812, 1.5592876307666874]
,[-5.12, -1.270355774520314]
,[4.877733411369352, 0.9593482380926823]
,[5.12, 2.808792020879743]
,[5.12, -2.2907099038510914]
,[-0.4385200645033942, 2.367668493324794]
,[0.5526177477613601, 4.057847109593394]
,[2.6743074501754154, 3.295748445671342]
,[1.2114197021249407, -1.063909066378923]
,[-2.403482120886829, 0.599522537044469]
],"den":[[0.35622826816873954, 0.16754763309774667]
,[0.8152804126162807, 0.7658655921189835]
,[0.1742498342840189, 0.4500161041802443]
,[0.430469063994622, 0.24119128515677332]
,[0.39374053484552185, 0.1850276578969963]
,[0.15105575781735567, 0.7355688209098286]
,[0.6660680135945863, 0.1465073166946007]
,[0.0970986451063903, 0.6946211965015932]
,[0.6723143695311916, 0.21321001978132287]
,[0.9635277833223148, 0.1474562282419086]
,[0.9050870534809687, 0.11086252358397453]
,[0.4256512124341374, 0.2214915762185477]
,[0.5567093043095125, 0.5767710150333641]
,[0.40035862488297885, 0.3290323662250494]
,[0.3855286375904419, 0.5723606248597568]
,[0.2379849064447711, 0.11053321754515386]
,[0.5061132054199259, 0.7680447790451431]
,[0.11061216324380298, 0.17819933950698164]
,[0.4260897228766355, 0.7446592898686323]
,[0.2107927509666543, 0.6253789343510704]
,[0.24719332851402842, 0.9296900855383758]
,[0.28164489124871006, 0.5589635890065938]
,[0.7297382453698189, 0.4472739973516567]
,[0.6740882355160709, 0.27651798154481466]
,[0.5705207678067316, 0.6011442715780214]
,[0.8401627139864631, 0.562388525040164]
,[0.9521976501890406, 0.5918915484596111]
,[0.5325971649303264, 0.1529597110099653]
,[0.5663901100849099, 0.12720875579563787]
,[0.6035730674451978, 0.5361497013961128]
,[0.6120433910326185, 0.9114366237442925]
,[0.8111036470238183, 0.5079945694316125]
,[0.3099383512431854, 0.6876289130326978]
,[0.6430344157960693, 0.5344340808844301]
,[0.5812335390974066, 0.5117577110758456]
,[0.7921875094734283, 0.527306131040125]
,[0.2388260067751177, 0.8453726142563349]
,[0.4177976459473811, 0.5801810326753308]
,[0.9006441591785453, 0.5735001879593852]
,[0.33831272767560455, 0.1464547539249458]
],"vol":[[0.11448373446908214, 0.5563087456758765]
,[0.7699896203592568, 0.43974004697434654]
,[0.13002396363544128, 0.43549516277602557]
,[0.12434482282717449, 0.8526953158402278]
,[0.20062197472434873, 0.728981908942669]
,[0.5479793584812225, 0.31364222219272997]
,[0.24320539209705383, 0.09732548700906674]
,[0.694781477429499, 0.7075044591973166]
,[0.7777316743326967, 0.0764406822591635]
,[0.5106425850717918, 0.1690010834944194]
,[0.8691226875772858, 0.3515975065092047]
,[0.29848571961746834, 0.44482196832990106]
,[0.6131342260385785, 0.7246090439326082]
,[0.5577410049005547, 0.32910494548871927]
,[0.5719956090564571, 0.29138583684539593]
,[0.3888579060415232, 0.8733662560393866]
,[0.2247020045304472, 0.6724191773239002]
,[0.153312338014858, 0.11315701226090984]
,[0.7692566423303872, 0.3328740140200702]
,[0.15306901909075576, 0.4579621422890873]
,[0.9715049533432284, 0.5780781166959712]
,[0.439731593932265, 0.5353270653728802]
,[0.36341177880565395, 0.7414657936493212]
,[0.64867682943474, 0.9054260780084563]
,[0.3610038104938936, 0.6765648248217373]
,[0.807695326305003, 0.28495501315882504]
,[0.6366314594796526, 0.1933574335654319]
,[0.9206188669019038, 0.8843783594073947]
,[0.8371925061235713, 0.6816392832863143]
,[0.3168910048665714, 0.11700258965690394]
,[0.27420148062641014, 0.4576790900328564]
,[0.7962928592339222, 0.5105404355898908]
,[0.41305559383575197, 0.8009960251249348]
,[0.9634523911560907, 0.7611346520095043]
,[0.16490664116660564, 0.3435739543308009]
,[0.36658707506214966, 0.3222134917257006]
,[0.7754395135454659, 0.1484865449029642]
,[0.9598305992638475, 0.1541017898608696]
,[0.3032388160653082, 0.7788681796007162]
,[0.8005203844436269, 0.8658795153656557]
]}