{
"parameters":[2, 2, 2, 2, 20, 60]
,"current_iter":17,"domain":[[-5.12, -5.12]
,[5.12, 5.12]
],"result":[21.52119097130058, 10.208893586800333, 22.04353305436923, 18.261716570975718, 10.182861479882195, 34.390260719611334, 21.10553951495048, 24.10030921560994, 33.70537460519807, 18.02826792989051, 11.928818903219101, 10.555763694209462, 11.78006661749994, 17.44546855654757, 28.944823600207503, 17.899284936582134, 20.570728467728657, 10.797727347505974, 21.633178945801205, 5.035896589443837]
,"population":[[-5.12, -4.372767240931987]
,[-4.68790622131435, -4.021862583006236]
,[-1.52732060793169, -2.1741480582694015]
,[0.11467218557145964, -4.97667926476915]
,[-3.75980771877059, -4.627389235698793]
,[-5.12, -5.12]
,[-5.12, 3.0191498317848846]
,[-5.12, -5.12]
,[-5.12, -5.12]
,[-5.12, -4.679320595515448]
,[-5.12, 0.3008342918204807]
,[-4.57022021337351, -1.0127700626967222]
,[-1.992103991529658, -3.9527326925958737]
,[-5.12, -5.12]
,[-5.12, 5.0182739402429775]
,[-5.12, -1.2343845187912332]
,[-5.12, -5.12]
,[-3.785644252104661, -1.2683500862726869]
,[-2.869767962052091, -5.12]
,[-1.9071172194998876, -0.9627778270128505]
],"den":[[0.6500459678676394, 0.7214145908456915]
,[0.6500459677615178, 0.7214145942449726]
,[0.6500459656866042, 0.7214145908100623]
,[0.6500459663077979, 0.7214145919020103]
,[0.6500459662718415, 0.7214145939390603]
,[0.650045968599953, 0.7214145907466943]
,[0.6500459678246521, 0.7214145926748529]
,[0.6500459683451252, 0.7214145919741588]
,[0.65004596781739, 0.7214145915737363]
,[0.650045969592486, 0.7214145945154141]
,[0.6500459674819857, 0.721414593072008]
,[0.650045966068345, 0.7214145946103251]
,[0.6500459682298686, 0.7214145935389719]
,[0.6500459685735024, 0.7214145946918658]
,[0.6500459658391295, 0.7214145908254025]
,[0.6500459666687439, 0.7214145907680531]
,[0.650045966002756, 0.7214145946073687]
,[0.650045966665693, 0.7214145922323298]
,[0.6500459671367499, 0.7214145922348816]
,[0.6500459682584159, 0.7214145942618523]
],"vol":[[0.21387102783615175, 0.4618420801972734]
,[0.21387102661390447, 0.46184207888382395]
,[0.21387102545748743, 0.4618420795552287]
,[0.21387102917206888, 0.4618420789595946]
,[0.21387102724536317, 0.46184207990683723]
,[0.21387102849452128, 0.4618420769488548]
,[0.21387102766011945, 0.46184207843295483]
,[0.21387102561862362, 0.46184208078180455]
,[0.21387102643523714, 0.4618420809085463]
,[0.21387102814882358, 0.46184207778541936]
,[0.21387102750742304, 0.4618420782034943]
,[0.21387102888777118, 0.46184208010798405]
,[0.21387102618620124, 0.461842078769652]
,[0.21387102788050416, 0.46184207808913524]
,[0.2138710254944657, 0.46184208017870926]
,[0.213871027044015, 0.4618420780218328]
,[0.21387102586152193, 0.4618420783415234]
,[0.21387102646140654, 0.46184207866004184]
,[0.21387102591674792, 0.4618420791017327]
,[0.21387102691976756, 0.4618420781626001]
]}