{
"parameters":[2, 2, 2, 2, 40, 40]
,"current_iter":32,"domain":[[-5.12, -5.12]
,[5.12, 5.12]
],"result":[9.476827691041455, 0.9949596198970525, 6.726192296659393, 0.9951651530187249, 2.23584456278253, 0.9949591063543792, 18.716683365186462, 17.689392009505948, 0.9949621998604652, 0.9949594325356212, 4.603884096677864, 0.9949591876916841, 4.455090705050555, 7.384472459764012, 0.9998997265926661, 0.9988211231538013, 1.51051745999286, 0.9949623064195467, 1.4445597958540208, 1.0059089958925629, 0.9950755404346872, 2.6857806180950057, 3.434124934587653, 8.263953784508953, 0.9987024666435147, 0.994959516569681, 6.253361613713206, 6.82823643197792, 8.504797811130782, 1.0548918641506972, 1.0190618234380349, 0.9949593243670716, 1.4276257086117319, 8.91197874459479, 12.998040749141587, 3.0387233499748376, 0.9950075544924193, 13.714847497363069, 13.149211582631198, 6.24362739534687]
,"population":[[1.775229250479629, 0.10188730553575275]
,[0.9949787009828724, 4.934053913723231E-05]
,[0.9498797724869656, 0.5328000878457884]
,[0.9951572176989462, 0.0009997098473618858]
,[1.3401847645603429, 0.3990416025459637]
,[0.9949581957243862, -1.575139563952395E-05]
,[4.806861224204109, 0.47717640666062894]
,[2.4299366958564717, -0.6168366872854201]
,[0.9948461856385676, 5.658747679301847E-05]
,[0.994932950436971, -3.511300802423474E-05]
,[1.4748727053623998, -0.6888510561659277]
,[0.994968076191886, 2.385880657370495E-05]
,[2.1410380081487954, -0.33108458081729625]
,[2.123030841267342, -0.013328620924672178]
,[0.9911921429964502, -0.0032754726768450372]
,[0.9949633083452236, 0.00441226176068829]
,[1.0978907207442707, -0.001988706094611736]
,[0.9949588437957818, -0.0001279775919676317]
,[1.4592723711481843, -0.031107077921221825]
,[0.9940671401235277, 0.007376231542383409]
,[0.9953884717285968, -0.000634403114636461]
,[1.6894312784650967, 0.3095554678227426]
,[1.353895122837781, 0.006452399969888862]
,[1.140849224079197, -0.13267155081621507]
,[0.9992799213244359, 0.0004476464253938176]
,[0.9949554374552371, -4.801838647402784E-05]
,[1.879870671945779, -0.0042416397997996165]
,[1.0275857102519719, 0.1773300958754762]
,[1.5084377354718077, 0.4713669684608535]
,[0.9939306081852617, -0.01735896278372325]
,[0.9944993102576892, -0.011014893059548735]
,[0.9949655573986257, -3.604636998197949E-05]
,[1.3515282085985327, -0.010107041788660159]
,[1.738564014444773, -0.0022343882471009754]
,[1.5822029620146925, -0.7550005256778954]
,[0.9923949158677448, 0.1032569276848341]
,[0.9951044177737896, 0.00047245212211155226]
,[1.3866973424722369, -2.1265822505128895]
,[0.4649433533493855, -0.3327720645495107]
,[0.42097297760092867, -0.0534037629600692]
],"den":[[0.3542647008804085, 0.45899627373334734]
,[0.35426470088041334, 0.4589962737333554]
,[0.3542647008804162, 0.4589962737333513]
,[0.35426470088041545, 0.4589962737333495]
,[0.3542647008804141, 0.4589962737333499]
,[0.35426470088042705, 0.4589962737333434]
,[0.35426470088042855, 0.4589962737333591]
,[0.35426470088041745, 0.4589962737333486]
,[0.35426470088041967, 0.45899627373334645]
,[0.35426470088041134, 0.4589962737333507]
,[0.3542647008804111, 0.4589962737333522]
,[0.35426470088041045, 0.4589962737333489]
,[0.3542647008804192, 0.4589962737333518]
,[0.3542647008804227, 0.45899627373335006]
,[0.3542647008804096, 0.4589962737333437]
,[0.35426470088041906, 0.45899627373334123]
,[0.35426470088040973, 0.4589962737333549]
,[0.35426470088041656, 0.4589962737333459]
,[0.35426470088041984, 0.45899627373334456]
,[0.35426470088040835, 0.45899627373335183]
,[0.35426470088042317, 0.45899627373334406]
,[0.3542647008804234, 0.4589962737333401]
,[0.35426470088042267, 0.45899627373336016]
,[0.35426470088041345, 0.4589962737333548]
,[0.35426470088041573, 0.458996273733359]
,[0.3542647008804227, 0.4589962737333484]
,[0.3542647008804085, 0.4589962737333405]
,[0.354264700880416, 0.45899627373335405]
,[0.3542647008804128, 0.45899627373334756]
,[0.35426470088042594, 0.4589962737333459]
,[0.354264700880428, 0.4589962737333538]
,[0.35426470088041934, 0.45899627373334095]
,[0.3542647008804155, 0.4589962737333452]
,[0.3542647008804272, 0.4589962737333517]
,[0.35426470088040934, 0.4589962737333544]
,[0.3542647008804082, 0.458996273733354]
,[0.3542647008804266, 0.45899627373334934]
,[0.3542647008804216, 0.4589962737333544]
,[0.35426470088040934, 0.45899627373335644]
,[0.3542647008804214, 0.4589962737333518]
],"vol":[[0.4057701904562916, 0.48884905438253706]
,[0.40577019045628254, 0.4888490543825408]
,[0.4057701904562819, 0.48884905438254156]
,[0.4057701904562798, 0.4888490543825389]
,[0.40577019045627544, 0.48884905438255527]
,[0.4057701904562909, 0.48884905438254606]
,[0.4057701904562871, 0.48884905438255066]
,[0.4057701904562874, 0.4888490543825538]
,[0.40577019045627544, 0.4888490543825382]
,[0.4057701904562935, 0.48884905438253695]
,[0.4057701904562727, 0.4888490543825437]
,[0.4057701904562929, 0.4888490543825354]
,[0.4057701904562851, 0.4888490543825495]
,[0.4057701904562892, 0.488849054382547]
,[0.4057701904562819, 0.4888490543825402]
,[0.405770190456287, 0.48884905438255555]
,[0.40577019045628576, 0.4888490543825401]
,[0.40577019045627544, 0.48884905438255105]
,[0.4057701904562932, 0.48884905438254267]
,[0.40577019045629187, 0.4888490543825562]
,[0.4057701904562805, 0.4888490543825522]
,[0.40577019045627405, 0.48884905438255377]
,[0.4057701904562842, 0.488849054382549]
,[0.40577019045628876, 0.48884905438255605]
,[0.40577019045628865, 0.48884905438254983]
,[0.4057701904562797, 0.48884905438254134]
,[0.40577019045628154, 0.4888490543825386]
,[0.4057701904562749, 0.4888490543825393]
,[0.4057701904562893, 0.48884905438254683]
,[0.40577019045627594, 0.48884905438253884]
,[0.40577019045628987, 0.48884905438254234]
,[0.40577019045627977, 0.48884905438254855]
,[0.4057701904562927, 0.4888490543825499]
,[0.405770190456284, 0.48884905438254833]
,[0.4057701904562792, 0.48884905438255105]
,[0.4057701904562765, 0.4888490543825425]
,[0.4057701904562832, 0.4888490543825501]
,[0.40577019045627666, 0.48884905438254916]
,[0.4057701904562858, 0.48884905438255405]
,[0.40577019045628027, 0.48884905438253956]
]}