{
"parameters":[2, 2, 2, 2, 20, 60]
,"current_iter":51,"domain":[[-5.12, -5.12]
,[5.12, 5.12]
],"result":[0.0002709768088546838, 0.0019067276779374254, 0.0051095332330231, 0.00011022879277255981, 0.0009598802084322955, 3.879647123206098E-05, 0.16730386876877112, 3.6423389053117567, 0.0013210855590806148, 0.000160804661749836, 1.5229208441641173, 1.897629356172068, 0.00048460273598571746, 7.843319057622942, 1.0425201621128632, 5.9096249195956325, 19.2253800430124, 5.131191207127552, 0.001287027258266349, 5.035896589443837]
,"population":[[8.155667946118652E-05, 0.0011658557171525402]
,[-0.002843257568494879, 0.0012357239946499767]
,[-0.004942039857519408, 0.0011545229236242635]
,[-0.0005955349358666657, 0.00044827392795134284]
,[-0.0001588293908151588, 0.0021938887601339776]
,[-8.761872014097038E-05, 0.0004334485022661251]
,[-0.004344716057277908, 0.028751662882935434]
,[-0.03477616345330704, -0.5731943941959966]
,[-0.0024116531224459537, 0.0009181531426634183]
,[-0.000214988908073904, 0.0008742547567770467]
,[0.11818111267942527, -0.016327421572109032]
,[-0.5089390779369533, 0.000935488469609882]
,[-0.0007729670981862192, 0.0013583761266022954]
,[0.03151194937756204, -0.23594249957421604]
,[-0.004206167259894634, 0.3685335602490651]
,[0.2260906085597397, 0.4674789976476498]
,[-0.20863988308995413, -0.7236336633339725]
,[-0.0049032777744817055, -0.46626332705135015]
,[-0.00012639260039915142, 0.00254390511859368]
,[0.3873444801257648, 0.1884411058991495]
],"den":[[0.6500459682584158, 0.721414594261852]
,[0.6500459682584158, 0.721414594261852]
,[0.6500459682584158, 0.721414594261852]
,[0.6500459682584158, 0.721414594261852]
,[0.6500459682584158, 0.721414594261852]
,[0.6500459682584158, 0.721414594261852]
,[0.6500459682584158, 0.721414594261852]
,[0.6500459682584158, 0.721414594261852]
,[0.6500459682584158, 0.721414594261852]
,[0.6500459682584158, 0.721414594261852]
,[0.6500459682584158, 0.721414594261852]
,[0.6500459682584158, 0.721414594261852]
,[0.6500459682584158, 0.721414594261852]
,[0.6500459682584158, 0.721414594261852]
,[0.6500459682584158, 0.721414594261852]
,[0.6500459682584158, 0.721414594261852]
,[0.6500459682584158, 0.721414594261852]
,[0.6500459682584158, 0.721414594261852]
,[0.6500459682584158, 0.721414594261852]
,[0.6500459682584158, 0.721414594261852]
],"vol":[[0.2138710269197674, 0.46184207816260037]
,[0.2138710269197674, 0.46184207816260037]
,[0.2138710269197674, 0.46184207816260037]
,[0.2138710269197674, 0.46184207816260037]
,[0.2138710269197674, 0.46184207816260037]
,[0.2138710269197674, 0.46184207816260037]
,[0.2138710269197674, 0.46184207816260037]
,[0.2138710269197674, 0.46184207816260037]
,[0.2138710269197674, 0.46184207816260037]
,[0.2138710269197674, 0.46184207816260037]
,[0.2138710269197674, 0.46184207816260037]
,[0.2138710269197674, 0.46184207816260037]
,[0.2138710269197674, 0.46184207816260037]
,[0.2138710269197674, 0.46184207816260037]
,[0.2138710269197674, 0.46184207816260037]
,[0.2138710269197674, 0.46184207816260037]
,[0.2138710269197674, 0.46184207816260037]
,[0.2138710269197674, 0.46184207816260037]
,[0.2138710269197674, 0.46184207816260037]
,[0.2138710269197674, 0.46184207816260037]
]}