{
"parameters":[2, 2, 2, 2, 20, 60]
,"current_iter":28,"domain":[[-5.12, -5.12]
,[5.12, 5.12]
],"result":[21.52119097130058, 10.208893586800333, 22.04353305436923, 18.261716570975718, 10.182861479882195, 34.390260719611334, 21.10553951495048, 5.7908512336547275, 33.70537460519807, 18.02826792989051, 11.928818903219101, 10.555763694209462, 6.7890205995420345, 7.843319057622942, 28.944823600207503, 10.298257229431638, 20.570728467728657, 10.797727347505974, 16.50989968493638, 5.035896589443837]
,"population":[[-5.12, -4.912877873739561]
,[-2.3441325089387695, -3.068843231625077]
,[-1.964668773677496, -3.7606670780214193]
,[-0.9551570432823298, -4.578831872980537]
,[-5.12, -1.106658246174027]
,[-5.12, -5.12]
,[-3.64373256715062, 0.1313208645299908]
,[-2.0510460140158497, -1.014937774712716]
,[-5.12, -5.12]
,[-4.0954976140945645, -1.8977910165362357]
,[-3.8145298421281364, -0.6027526336709026]
,[-5.12, -1.3324328188982208]
,[-2.152487699535209, -1.0250455139729022]
,[-1.8664350052560241, 0.979837158090058]
,[-2.4056186640521227, 5.12]
,[-2.127191946579232, -1.0900419916585014]
,[-4.95900336880133, -3.139735039595534]
,[-2.493050225681492, -1.390234831498705]
,[-5.12, -4.855836306032479]
,[-1.9723217347898174, -0.9954395255922033]
],"den":[[0.6500459682584132, 0.7214145942618291]
,[0.6500459682584125, 0.7214145942618522]
,[0.6500459682583984, 0.7214145942618289]
,[0.6500459682584027, 0.7214145942618363]
,[0.6500459682584024, 0.7214145942618502]
,[0.6500459682584182, 0.7214145942618285]
,[0.650045968258413, 0.7214145942618415]
,[0.6500459682584164, 0.7214145942618367]
,[0.6500459682584129, 0.7214145942618341]
,[0.6500459682584249, 0.721414594261854]
,[0.6500459682584105, 0.7214145942618442]
,[0.650045968258401, 0.7214145942618546]
,[0.6500459682584157, 0.7214145942618474]
,[0.650045968258418, 0.7214145942618552]
,[0.6500459682583996, 0.721414594261829]
,[0.6500459682584051, 0.7214145942618286]
,[0.6500459682584006, 0.7214145942618546]
,[0.6500459682584051, 0.7214145942618385]
,[0.6500459682584082, 0.7214145942618385]
,[0.6500459682584159, 0.7214145942618523]
],"vol":[[0.21387102691977378, 0.4618420781626139]
,[0.21387102691976548, 0.461842078162605]
,[0.21387102691975765, 0.4618420781626095]
,[0.21387102691978283, 0.4618420781626055]
,[0.21387102691976975, 0.4618420781626119]
,[0.21387102691977825, 0.4618420781625919]
,[0.21387102691977258, 0.4618420781626019]
,[0.21387102691975873, 0.46184207816261785]
,[0.21387102691976426, 0.4618420781626187]
,[0.2138710269197759, 0.46184207816259754]
,[0.21387102691977153, 0.46184207816260037]
,[0.21387102691978088, 0.46184207816261325]
,[0.2138710269197626, 0.4618420781626042]
,[0.21387102691977408, 0.4618420781625996]
,[0.2138710269197579, 0.46184207816261375]
,[0.2138710269197684, 0.46184207816259915]
,[0.21387102691976037, 0.4618420781626013]
,[0.21387102691976445, 0.4618420781626035]
,[0.21387102691976076, 0.4618420781626065]
,[0.21387102691976756, 0.4618420781626001]
]}