{
"parameters":[2, 2, 2, 2, 40, 40]
,"current_iter":19,"domain":[[-5.12, -5.12]
,[5.12, 5.12]
],"result":[9.476827691041455, 1.191333736606543, 13.410102345139723, 6.72684504393722, 2.23584456278253, 6.714724292978746, 18.716683365186462, 17.689392009505948, 1.355388493319932, 4.371442016983057, 19.33445612642388, 0.9983543361387675, 4.455090705050555, 10.497900638983358, 18.133909663304642, 3.59997995009803, 4.014567703177528, 1.0231160893975222, 15.85533039677022, 12.793481796585015, 10.689296645177487, 2.6857806180950057, 29.192007156117782, 20.589786988506283, 29.980523165951915, 8.189405063406308, 7.358459727248077, 14.345450671322238, 21.691483763559518, 7.329252391040713, 23.564829169793956, 7.66293238904921, 11.393766583409096, 26.63409532693507, 12.998040749141587, 13.05497858298163, 16.725792792552408, 13.714847497363069, 23.164095849577684, 10.785658708413756]
,"population":[[3.0178858199332512, 0.848948954472838]
,[1.0359998939173733, -0.017956842436510582]
,[-1.361331285338673, 0.3324433602853117]
,[1.1581871059148505, 0.16531967825853838]
,[2.6852600802245825, 0.030122533959330035]
,[3.0749196807765573, -0.10693207992621975]
,[5.12, 0.14911044965723763]
,[3.381656375274919, -2.911624639149232]
,[1.0376469228769218, 0.0010467672401056713]
,[1.0695683246033765, 1.939212882501109]
,[3.5751205079791957, -3.15816034263345]
,[0.9908262999274657, 0.00022782179254898435]
,[1.2526005006151746, -1.1900857147248227]
,[2.2725065005541745, -1.5587568375617231]
,[3.687046875085283, 4.024200497144536]
,[1.0820262544590178, 2.21583946145437]
,[1.9806504706091907, -0.009467656343581755]
,[0.9779943832046742, -0.0002608996543299843]
,[5.12, -0.20203357736280636]
,[-0.7478707493174406, 0.1693286484990251]
,[0.7655094888390541, 1.015204777187372]
,[3.1343443454470084, 1.4188071006977876]
,[2.2272637774488313, 3.1768286681032913]
,[-1.2946994624564616, 2.280425858511285]
,[5.12, 5.12]
,[0.6973851010455359, 1.3358859334314632]
,[1.7492026894596662, -0.16359099503254612]
,[2.1459804136329694, 4.930823356430294]
,[5.12, 0.539743950963199]
,[1.1461541686626089, 2.1215911671444236]
,[1.452127186630499, 1.3517642342186784]
,[-0.41709166143990717, 0.07798357574057559]
,[0.6014672150830039, 0.02382690006670271]
,[5.12, -0.8809996723498225]
,[5.12, -4.179239102622429]
,[2.2430450038297547, -1.9515522214113297]
,[3.861382984703627, 1.7613190626192277]
,[2.3942330383089043, -5.12]
,[3.3916398364785105, 2.770825506461678]
,[3.4984546015260936, 0.9044908251018143]
],"den":[[0.3542646992482472, 0.4589962725369463]
,[0.35426470315019176, 0.45899627903431367]
,[0.3542647054619622, 0.4589962756505864]
,[0.35426470487751355, 0.4589962742504199]
,[0.3542647037994941, 0.4589962745300474]
,[0.3542647143393558, 0.45899626929257864]
,[0.35426471553455613, 0.4589962820855731]
,[0.3542647064720294, 0.45899627352994093]
,[0.35426470830585605, 0.458996271752963]
,[0.354264701574944, 0.45899627523028985]
,[0.3542647013277743, 0.45899627646409785]
,[0.354264700826496, 0.45899627374774626]
,[0.35426470796841797, 0.45899627612119537]
,[0.3542647108206904, 0.4589962747192175]
,[0.3542647001615295, 0.4589962694841695]
,[0.35426470782267294, 0.4589962675420553]
,[0.3542647002163912, 0.4589962786283268]
,[0.3542647057946581, 0.4589962713559094]
,[0.354264708459624, 0.4589962702169648]
,[0.354264699103549, 0.4589962761452168]
,[0.3542647111582725, 0.45899626980361174]
,[0.3542647113507014, 0.45899626662931337]
,[0.3542647107796235, 0.4589962829205059]
,[0.35426470324361614, 0.458996278555071]
,[0.35426470511076164, 0.4589962819435613]
,[0.3542647107984008, 0.45899627332897014]
,[0.35426469924639037, 0.4589962669561993]
,[0.35426470534281074, 0.45899627792188713]
,[0.3542647027172797, 0.4589962726728535]
,[0.3542647134069311, 0.45899627134175247]
,[0.3542647151058975, 0.4589962777126438]
,[0.35426470807245913, 0.4589962673247976]
,[0.35426470493576356, 0.4589962707341268]
,[0.3542647144667316, 0.45899627604018084]
,[0.3542646998897149, 0.4589962782061187]
,[0.3542646989832198, 0.4589962778741085]
,[0.35426471395716247, 0.4589962741003579]
,[0.35426470987028125, 0.4589962782086046]
,[0.35426469990829046, 0.4589962799120763]
,[0.35426470969826646, 0.45899627606246873]
],"vol":[[0.4057701894684821, 0.4888490557309179]
,[0.40577018212498217, 0.4888490587739049]
,[0.4057701815982928, 0.48884905937881173]
,[0.40577017990559644, 0.48884905722715877]
,[0.4057701763762417, 0.4888490705141766]
,[0.4057701889276375, 0.48884906300052083]
,[0.40577018578999796, 0.4888490667824862]
,[0.4057701861045775, 0.4888490693617445]
,[0.40577017636466983, 0.48884905661260986]
,[0.4057701910337703, 0.48884905561802583]
,[0.4057701741058693, 0.488849061131366]
,[0.405770190558595, 0.48884905436630777]
,[0.40577018418551974, 0.4888490658300073]
,[0.4057701875485432, 0.48884906384731]
,[0.40577018161378087, 0.4888490582632213]
,[0.40577018569952666, 0.4888490707851747]
,[0.405770184722055, 0.48884905817845276]
,[0.40577017636984636, 0.48884906705916026]
,[0.4057701907693627, 0.4888490602702097]
,[0.4057701897182206, 0.48884907125736127]
,[0.40577018044762664, 0.4888490680437892]
,[0.4057701752616759, 0.4888490693329644]
,[0.40577018346355387, 0.4888490654146379]
,[0.40577018718234187, 0.4888490711660209]
,[0.4057701870782108, 0.48884906612576184]
,[0.4057701798408935, 0.48884905918883914]
,[0.40577018128568415, 0.48884905697573133]
,[0.4057701759023418, 0.4888490574869016]
,[0.4057701876314522, 0.48884906365278075]
,[0.40577017678175464, 0.48884905713488946]
,[0.40577018811553567, 0.4888490600106494]
,[0.4057701798625953, 0.4888490650596393]
,[0.40577019039280265, 0.48884906615302015]
,[0.4057701833083158, 0.4888490649062573]
,[0.405770179411771, 0.48884906709990256]
,[0.40577017719152386, 0.4888490601602136]
,[0.40577018265503845, 0.4888490662839275]
,[0.4057701773318938, 0.4888490655336658]
,[0.4057701848199186, 0.4888490695366825]
,[0.4057701802652842, 0.48884905775981063]
]}