{
"parameters":[2, 2, 2, 2, 20, 60]
,"current_iter":21,"domain":[[-5.12, -5.12]
,[5.12, 5.12]
],"result":[21.52119097130058, 10.208893586800333, 22.04353305436923, 18.261716570975718, 10.182861479882195, 34.390260719611334, 21.10553951495048, 14.401461516747549, 33.70537460519807, 18.02826792989051, 11.928818903219101, 10.555763694209462, 11.78006661749994, 17.44546855654757, 28.944823600207503, 17.899284936582134, 20.570728467728657, 10.797727347505974, 21.633178945801205, 5.035896589443837]
,"population":[[-5.12, -3.4684492625418413]
,[-4.157245885381737, -5.12]
,[-1.6178409405898049, -5.12]
,[-0.27940544461196226, -2.8255340500337116]
,[-5.12, -5.12]
,[-5.12, -4.808359106188282]
,[-5.12, 5.12]
,[-1.7551843153596247, -0.9372137477892319]
,[-2.5633365333875964, -3.6028183162046954]
,[-5.12, -3.8899568098645467]
,[-5.12, -0.5849436879325691]
,[-5.12, -0.995532303179524]
,[-1.9814077618782835, -2.7184732847814406]
,[-5.12, -5.12]
,[-4.802553409036085, 1.2552885688592212]
,[-5.12, -1.3444501695496767]
,[-5.12, -5.12]
,[-2.4710990084106093, -1.1845743311897994]
,[-5.12, -5.12]
,[-1.9723217347898174, -0.9954395255922033]
],"den":[[0.6500459682563204, 0.7214145942435337]
,[0.6500459682557513, 0.7214145942617618]
,[0.650045968244625, 0.7214145942433426]
,[0.650045968247956, 0.7214145942491981]
,[0.6500459682477632, 0.7214145942601213]
,[0.6500459682602473, 0.7214145942430029]
,[0.6500459682560898, 0.7214145942533422]
,[0.6500459682588808, 0.721414594249585]
,[0.650045968256051, 0.7214145942474377]
,[0.6500459682655696, 0.721414594263212]
,[0.6500459682542524, 0.7214145942554719]
,[0.650045968246672, 0.7214145942637209]
,[0.6500459682582628, 0.7214145942579759]
,[0.6500459682601054, 0.7214145942641581]
,[0.6500459682454429, 0.721414594243425]
,[0.6500459682498916, 0.7214145942431174]
,[0.6500459682463203, 0.721414594263705]
,[0.6500459682498752, 0.7214145942509693]
,[0.6500459682524011, 0.721414594250983]
,[0.6500459682584159, 0.7214145942618523]
],"vol":[[0.2138710269246815, 0.46184207817351064]
,[0.21387102691812743, 0.46184207816646755]
,[0.21387102691192633, 0.46184207817006784]
,[0.21387102693184512, 0.46184207816687384]
,[0.2138710269215135, 0.4618420781719532]
,[0.2138710269282119, 0.4618420781560916]
,[0.21387102692373758, 0.4618420781640498]
,[0.21387102691279042, 0.4618420781766451]
,[0.21387102691716936, 0.4618420781773247]
,[0.21387102692635815, 0.46184207816057754]
,[0.21387102692291876, 0.46184207816281936]
,[0.21387102693032062, 0.4618420781730319]
,[0.21387102691583393, 0.4618420781658553]
,[0.21387102692491933, 0.4618420781622061]
,[0.21387102691212465, 0.4618420781734111]
,[0.2138710269204338, 0.46184207816184525]
,[0.2138710269140929, 0.46184207816355954]
,[0.21387102691730966, 0.4618420781652675]
,[0.21387102691438906, 0.461842078167636]
,[0.21387102691976756, 0.4618420781626001]
]}