{
"parameters":[2, 2, 2, 2, 40, 40]
,"current_iter":9,"domain":[[-5.12, -5.12]
,[5.12, 5.12]
],"result":[22.82177599939936, 21.656275631713058, 16.688598248990253, 30.19627187578816, 3.289754449833646, 36.54762184824908, 23.220369887817842, 17.689392009505948, 9.194011740940887, 4.371442016983057, 32.983563202134725, 29.90813049700501, 15.636916122556178, 11.900868837970943, 20.216218107548492, 10.233233449040666, 9.372212831102065, 21.006743611801767, 15.85533039677022, 34.00838307634723, 28.931921955317534, 2.6857806180950057, 30.174669757032532, 38.39477397815864, 29.980523165951915, 10.4102366230677, 24.595971258694433, 14.345450671322238, 30.91332305182629, 12.108242868365537, 30.579072808627178, 37.329186859591395, 22.93776611775248, 26.63409532693507, 12.998040749141587, 13.05497858298163, 23.828023511373875, 13.714847497363069, 28.294325805029416, 10.785658708413756]
,"population":[[4.154026245116184, -1.029938200957074]
,[-1.9138498413051557, -1.68951789734263]
,[3.0914454117621153, -5.12]
,[-0.6218099640727722, -3.1230896250849427]
,[0.008910587240628723, -0.8829542745653554]
,[-5.12, 3.9573804026623156]
,[-5.12, -5.12]
,[5.12, -5.12]
,[-1.626959040670536, -2.062658685714422]
,[-1.9894424948522755, -0.7690457243113995]
,[5.12, -5.12]
,[-5.12, -1.4864753776973465]
,[0.2299778375589276, -1.8656086277895563]
,[-0.227250022706296, -1.1108692329022585]
,[1.0749666877547845, -0.39283283248399137]
,[5.12, -0.8367261999431824]
,[1.5212168733475075, -3.4356491086405825]
,[4.85262405608819, -4.425114056830404]
,[2.9703160237770785, -5.12]
,[-5.12, -0.7337293734937087]
,[-0.1916643736284664, 5.12]
,[-0.05158191218702336, -0.7613855244674747]
,[-0.10234524874573676, 5.12]
,[-5.12, 4.099027582516695]
,[2.391759228509946, 5.12]
,[-1.5876031353945268, -4.042623889648176]
,[-0.20169766851437218, 5.12]
,[-0.013866791713040227, 5.12]
,[-5.12, -2.7096565025032175]
,[-0.019750778462623728, -0.28126520331404914]
,[4.603313090124005, -0.6024343135327724]
,[5.12, -1.7718158429526287]
,[-5.12, -0.923091751380128]
,[0.4252448599126431, -5.12]
,[5.12, -5.12]
,[-0.029791354586089128, -2.2496489793888594]
,[-5.12, -5.12]
,[-0.2921945426718537, -5.12]
,[-0.8561417331085154, -5.12]
,[-0.030606762355001517, 1.5555097109270704]
],"den":[[0.35424041571319265, 0.4589934456280081]
,[0.3542528967428066, 0.45901422855658336]
,[0.35426029133161707, 0.4590034051325215]
,[0.354258421873699, 0.45899892646303386]
,[0.3542549736462635, 0.4589998208988056]
,[0.3542886871766998, 0.45898306796923766]
,[0.35429251022709024, 0.45902398852580373]
,[0.35426352220246565, 0.45899662188929785]
,[0.35426938800717434, 0.4589909379247214]
,[0.3542478580463298, 0.4590020607429378]
,[0.35424706743252266, 0.4590060072863726]
,[0.35424546400899476, 0.4589973185764303]
,[0.35426830865446546, 0.4590049104549254]
,[0.3542774321301884, 0.45900042599155544]
,[0.3542433370010353, 0.4589836808048622]
,[0.3542678424642962, 0.45897746862413363]
,[0.3542435124856168, 0.4590129299388294]
,[0.3542613555155832, 0.4589896678817265]
,[0.35426987986003483, 0.4589860247746656]
,[0.3542399528716177, 0.4590049872915646]
,[0.35427851194381665, 0.4589847025949378]
,[0.3542791274601449, 0.45897454906464097]
,[0.35427730077086833, 0.4590266591998526]
,[0.3542531955766025, 0.45901269561789376]
,[0.35425916795724094, 0.4590235342771349]
,[0.3542773608330702, 0.4589959790502219]
,[0.3542404097738454, 0.4589755946644886]
,[0.35425991020564734, 0.45901067027203935]
,[0.3542515120005116, 0.4589938803500884]
,[0.35428570465862697, 0.4589896225982128]
,[0.35429113909009013, 0.4590100009718196]
,[0.3542686414477426, 0.4589767736887024]
,[0.3542586081963048, 0.45898767900470894]
,[0.35428909460979413, 0.4590046513162099]
,[0.3542424675559553, 0.45901157943477683]
,[0.35423956797801087, 0.4590105174441284]
,[0.35428746466674466, 0.45899844646446064]
,[0.3542743920857709, 0.45901158738639625]
,[0.3542425269731304, 0.4590170362287076]
,[0.35427384186732, 0.4590047226077701]
],"vol":[[0.4058034865319367, 0.48882413766465493]
,[0.40577999710529805, 0.48883387117317567]
,[0.4057783124004501, 0.48883580607012894]
,[0.405772898024653, 0.48882892364415553]
,[0.4057616087864398, 0.48887142441823334]
,[0.40580175654910133, 0.48884739071930605]
,[0.405791720278299, 0.48885948797518664]
,[0.40579272651409953, 0.48886773816922496]
,[0.4057615717718574, 0.48882695790546443]
,[0.40580849337117075, 0.488823776560276]
,[0.4057543466162964, 0.4888414119113347]
,[0.4058069734424925, 0.48881977272828936]
,[0.40578658808340135, 0.48885644131047995]
,[0.40579734528285416, 0.48885009931765583]
,[0.40577836194150335, 0.4888322376652844]
,[0.405791430890561, 0.48887229125145415]
,[0.4057883042821032, 0.48883196651888094]
,[0.40576158832991693, 0.4888603729639419]
,[0.40580764761870075, 0.4888386573572811]
,[0.40580428536284674, 0.48887380162006133]
,[0.40577463179993944, 0.488863522466256]
,[0.4057580436593603, 0.48886764611115735]
,[0.4057842787533447, 0.48885511268107934]
,[0.4057961739258352, 0.48887350945249736]
,[0.40579584084487813, 0.4888573873312443]
,[0.40577269106135755, 0.4888351984106711]
,[0.4057773124687392, 0.48882811941089155]
,[0.4057600929376888, 0.4888297544754798]
,[0.4057976104810041, 0.48884947708289167]
,[0.40576290588820907, 0.4888286285051557]
,[0.40579915890412593, 0.4888378271097514]
,[0.4057727604781761, 0.48885397715804846]
,[0.4058064431277531, 0.4888574745217152]
,[0.40578378219829325, 0.4888534865397629]
,[0.4057713184404324, 0.488860503285177]
,[0.40576421660433437, 0.4888383055161999]
,[0.40578169257997254, 0.4888578932508396]
,[0.4057646656013271, 0.488855493412036]
,[0.40578861731550486, 0.4888682977380006]
,[0.40577404854694893, 0.48883062742117567]
]}