{
"parameters":[2, 2, 2, 2, 40, 40]
,"current_iter":36,"domain":[[-5.12, -5.12]
,[5.12, 5.12]
],"result":[9.476827691041455, 0.9949590587466925, 0.9951195149181942, 0.9949590595552831, 2.23584456278253, 0.9949590587802053, 3.297699297695802, 0.994967743823663, 0.9949590578042535, 0.99495905891483, 4.603884096677864, 0.9949590587513786, 4.455090705050555, 7.384472459764012, 0.9949591866732508, 0.9949591586372186, 1.51051745999286, 0.9949590665403321, 1.4445597958540208, 0.9949590819548515, 0.9949590588520962, 2.6857806180950057, 3.434124934587653, 0.9949690423280781, 0.9949592155355411, 0.9949590586783543, 1.0807010699665867, 0.9953636943872066, 0.9950158220856888, 0.9949595368396018, 0.9949591345447839, 0.9949590585924746, 1.4276257086117319, 1.1970178634300321, 12.998040749141587, 0.9967778285624611, 0.9949590578430971, 2.9141367523804345, 0.9961994440551667, 6.24362739534687]
,"population":[[1.7486084378877067, 0.04784605578379551]
,[0.9949571906854447, -2.4982662911481224E-06]
,[0.9950891545377978, -0.0008898130156396961]
,[0.9949570919297679, 3.1657014801781627E-06]
,[1.1630526653706152, 0.05021829145051869]
,[0.9949570546477591, -2.4491381680777326E-06]
,[0.8926563590872192, -0.03971493118835448]
,[0.9948128704942875, 0.00015016130537024645]
,[0.9949569807665257, -9.163629708789423E-07]
,[0.9949568684767564, -2.4603012749169955E-06]
,[1.0533754152763133, -0.5506031958544132]
,[0.9949570713355532, -2.430123543640249E-06]
,[1.059875954053322, -0.3566921930473356]
,[0.5990957810217774, 0.0030495629631544182]
,[0.9949356465834664, -1.1172565660225902E-05]
,[0.9949569957891874, 2.2564135157617482E-05]
,[1.3267476568874477, -0.0014007789706451455]
,[0.9949568741290895, -6.671549291183932E-06]
,[1.20426814964729, -0.012195805256987992]
,[0.9949523344103626, 9.252257621845171E-06]
,[0.9949590436216061, -2.9496717262281E-06]
,[1.1532688852095565, 0.38689901637696184]
,[1.2970905102007084, 0.032866366907943326]
,[0.995159644074231, -9.973397267408391E-05]
,[0.9949868318865053, -2.027889167646446E-06]
,[0.9949571544640496, -2.4064079603197304E-06]
,[1.015753322292995, -4.9234205668657215E-06]
,[0.9949572535566027, 0.0014281440850941879]
,[0.9949576355240464, 0.0005349061109690505]
,[0.9949563267864086, -4.912061873384623E-05]
,[0.9949570455583155, -1.9694227097606587E-05]
,[0.9949571434179909, -2.30760478708714E-06]
,[1.5716756606502489, -0.0072587311129568306]
,[0.962949735352753, 0.00011610581187571499]
,[1.1651313899617375, -0.513995943872402]
,[0.9949536990691683, 0.003027839367002776]
,[0.9949568948876063, -8.623775487457092E-07]
,[1.0324854669185495, -1.052215276343676]
,[0.9932828119229518, -0.001856228656439743]
,[0.8122401241996332, -0.00273609447784621]
],"den":[[0.35426470088042544, 0.45899627373334434]
,[0.3542647008804255, 0.4589962737333444]
,[0.35426470088042555, 0.45899627373334434]
,[0.3542647008804255, 0.45899627373334434]
,[0.3542647008804255, 0.45899627373334434]
,[0.3542647008804256, 0.4589962737333443]
,[0.35426470088042566, 0.45899627373334445]
,[0.35426470088042555, 0.45899627373334434]
,[0.35426470088042555, 0.4589962737333443]
,[0.3542647008804255, 0.45899627373334434]
,[0.3542647008804255, 0.45899627373334434]
,[0.3542647008804255, 0.45899627373334434]
,[0.35426470088042555, 0.45899627373334434]
,[0.3542647008804256, 0.45899627373334434]
,[0.35426470088042544, 0.4589962737333443]
,[0.35426470088042555, 0.4589962737333443]
,[0.35426470088042544, 0.4589962737333444]
,[0.35426470088042555, 0.4589962737333443]
,[0.35426470088042555, 0.4589962737333443]
,[0.35426470088042544, 0.45899627373334434]
,[0.3542647008804256, 0.4589962737333443]
,[0.3542647008804256, 0.45899627373334423]
,[0.3542647008804256, 0.45899627373334445]
,[0.3542647008804255, 0.4589962737333444]
,[0.3542647008804255, 0.45899627373334445]
,[0.3542647008804256, 0.45899627373334434]
,[0.35426470088042544, 0.45899627373334423]
,[0.35426470088042555, 0.4589962737333444]
,[0.3542647008804255, 0.45899627373334434]
,[0.3542647008804256, 0.4589962737333443]
,[0.35426470088042566, 0.4589962737333444]
,[0.35426470088042555, 0.45899627373334423]
,[0.3542647008804255, 0.4589962737333443]
,[0.3542647008804256, 0.45899627373334434]
,[0.35426470088042544, 0.4589962737333444]
,[0.35426470088042544, 0.4589962737333444]
,[0.3542647008804256, 0.45899627373334434]
,[0.35426470088042555, 0.4589962737333444]
,[0.35426470088042544, 0.4589962737333444]
,[0.35426470088042555, 0.45899627373334434]
],"vol":[[0.4057701904562898, 0.48884905438254567]
,[0.4057701904562897, 0.4888490543825457]
,[0.4057701904562897, 0.4888490543825457]
,[0.4057701904562897, 0.4888490543825457]
,[0.40577019045628965, 0.48884905438254583]
,[0.40577019045628976, 0.4888490543825458]
,[0.40577019045628976, 0.48884905438254583]
,[0.40577019045628976, 0.48884905438254583]
,[0.40577019045628965, 0.48884905438254567]
,[0.4057701904562898, 0.48884905438254567]
,[0.4057701904562896, 0.4888490543825457]
,[0.4057701904562898, 0.48884905438254567]
,[0.4057701904562897, 0.4888490543825458]
,[0.40577019045628976, 0.4888490543825458]
,[0.4057701904562897, 0.4888490543825457]
,[0.40577019045628976, 0.48884905438254583]
,[0.40577019045628976, 0.4888490543825457]
,[0.40577019045628965, 0.48884905438254583]
,[0.4057701904562898, 0.4888490543825457]
,[0.4057701904562898, 0.4888490543825459]
,[0.4057701904562897, 0.48884905438254583]
,[0.40577019045628965, 0.48884905438254583]
,[0.4057701904562897, 0.4888490543825458]
,[0.40577019045628976, 0.4888490543825459]
,[0.40577019045628976, 0.4888490543825458]
,[0.4057701904562897, 0.4888490543825457]
,[0.4057701904562897, 0.4888490543825457]
,[0.40577019045628965, 0.4888490543825457]
,[0.40577019045628976, 0.4888490543825458]
,[0.40577019045628965, 0.4888490543825457]
,[0.40577019045628976, 0.4888490543825457]
,[0.4057701904562897, 0.4888490543825458]
,[0.4057701904562898, 0.4888490543825458]
,[0.4057701904562897, 0.4888490543825458]
,[0.40577019045628965, 0.48884905438254583]
,[0.40577019045628965, 0.4888490543825457]
,[0.4057701904562897, 0.48884905438254583]
,[0.40577019045628965, 0.4888490543825458]
,[0.40577019045628976, 0.48884905438254583]
,[0.4057701904562897, 0.4888490543825457]
]}