{
"parameters":[2, 2, 2, 2, 40, 40]
,"current_iter":7,"domain":[[-5.12, -5.12]
,[5.12, 5.12]
],"result":[24.444789825924875, 26.72086544358242, 16.688598248990253, 35.36836500957624, 4.929336223453416, 36.54762184824908, 23.220369887817842, 17.689392009505948, 9.194011740940887, 4.371442016983057, 32.983563202134725, 29.90813049700501, 28.320709873487072, 11.900868837970943, 22.584283233569526, 19.63100349093896, 9.372212831102065, 21.006743611801767, 15.85533039677022, 34.00838307634723, 28.931921955317534, 2.6857806180950057, 30.174669757032532, 38.39477397815864, 29.980523165951915, 10.4102366230677, 24.595971258694433, 14.345450671322238, 30.91332305182629, 34.46792045084034, 33.17558353164848, 37.329186859591395, 22.93776611775248, 26.63409532693507, 12.998040749141587, 13.05497858298163, 30.46434227463052, 13.714847497363069, 28.294325805029416, 10.785658708413756]
,"population":[[5.12, -1.012321713877997]
,[-3.2882104171544326, -2.4521440560976213]
,[3.5961037992347715, -5.12]
,[-5.12, -1.745852247791451]
,[0.0868343344806918, -1.1086450904428387]
,[-2.1686520418792794, 5.12]
,[-1.339351987222456, -5.12]
,[5.12, -5.12]
,[-3.721796446133093, -1.5777843427898528]
,[0.8996629109101822, -1.0521807016804572]
,[5.12, -2.110320319647101]
,[-5.12, -1.9233651683611148]
,[1.4410312739564657, -1.6155203774692661]
,[-0.7174011431629796, -1.0543829780394804]
,[4.233504076781005, -0.5805672149111303]
,[1.363441783105996, -0.96022699113043]
,[4.721587265461628, -3.1720806917226616]
,[2.9209305872191194, -4.647845178182342]
,[1.540137760639964, -5.12]
,[5.12, -1.9141566674109556]
,[-0.16826220636736225, 5.12]
,[-0.06531294939444075, -0.9199785431907672]
,[-0.3406881398961432, 5.12]
,[-5.12, 0.3728647549197266]
,[3.458474236474492, 5.12]
,[-0.36640256063271837, -5.12]
,[-1.2461804518394382, 2.666939978346769]
,[-0.019483467229827356, 5.12]
,[-5.12, -5.12]
,[-1.4907702037360062, -5.12]
,[-5.12, -3.144687886745299]
,[5.12, -2.3449332454597145]
,[-5.12, -0.8081389913892885]
,[4.377061304745985, -5.12]
,[1.5544359910091265, -5.12]
,[0.27623813454796925, -5.12]
,[2.6517443604407474, 1.4937205114552619]
,[-0.24609077433015872, -2.7101006151406466]
,[-0.9391270695537736, -5.12]
,[-0.058360593282623295, 2.8183687261905357]
],"den":[[0.3535621501038991, 0.4593245308947501]
,[0.35379331031547145, 0.4597094499531265]
,[0.35393026493915264, 0.45950899012942054]
,[0.35389564084953457, 0.4594260410283967]
,[0.3538317764883255, 0.4594426068061112]
,[0.3544561822520779, 0.4591323270565092]
,[0.35452698868107, 0.45989021360962895]
,[0.3539901036553506, 0.45938335819141246]
,[0.354098743783564, 0.45927808591062264]
,[0.3536999889966666, 0.45948409079096725]
,[0.3536853460977556, 0.45955718442535326]
,[0.35365564921108833, 0.45939626148143936]
,[0.3540787531731528, 0.45953687009254374]
,[0.3542477283814196, 0.45945381368345983]
,[0.35361625505650773, 0.45914367733905803]
,[0.35407011890006057, 0.45902862200660915]
,[0.3536195051932549, 0.4596853983512921]
,[0.3539499746104195, 0.459254563539754]
,[0.354107853353432, 0.4591870898276465]
,[0.35355357784987024, 0.45953829317816336]
,[0.3542677275284834, 0.4591626018362648]
,[0.3542791274601449, 0.45897454906464097]
,[0.3542452954853226, 0.4599396769629948]
,[0.35379884499374925, 0.45968105851085106]
,[0.35390945900675025, 0.4598818005041676]
,[0.3542464078928503, 0.4593714522171945]
,[0.35356204010169556, 0.4589939145408462]
,[0.35392320613370726, 0.4596435472324799]
,[0.3537676636074847, 0.45933258234973273]
,[0.3544009432589766, 0.4592537248471997]
,[0.35450159395572706, 0.45963115117340514]
,[0.35408491681243054, 0.4590157511597099]
,[0.3538990917165158, 0.45921772769796987]
,[0.35446372828980094, 0.4595320706038658]
,[0.3536001521295167, 0.4596603857672206]
,[0.35354644926430195, 0.4596407167182251]
,[0.3544335402370657, 0.4594171510108924]
,[0.35419142394721154, 0.45966053303856624]
,[0.35360125259055214, 0.4597614506375519]
,[0.35418123339262986, 0.45953339098949575]
],"vol":[[0.40659968768747007, 0.48806182944299875]
,[0.4061646417818463, 0.48824210302287085]
,[0.4061334394899566, 0.4882779391039417]
,[0.40603316024269087, 0.4881504702096788]
,[0.40582407311009283, 0.4889376238525846]
,[0.4065676468053782, 0.48849249752080387]
,[0.4063817657880399, 0.48871654988790003]
,[0.406400402205686, 0.48886935111170976]
,[0.405823387565794, 0.4881140629110995]
,[0.40669241898067626, 0.488055141455932]
,[0.40568957100259395, 0.48838176446765336]
,[0.40666426849584464, 0.4879809867845827]
,[0.4062867127920073, 0.48866012283981464]
,[0.40648594607470656, 0.4885426632672979]
,[0.4061343570360816, 0.48821184894596936]
,[0.4063764060594906, 0.4889536784055281]
,[0.4063184983791986, 0.4882068270638075]
,[0.40582369423636916, 0.48873294069813206]
,[0.4066767548627349, 0.4883307475790222]
,[0.40661448277472473, 0.48898165182900183]
,[0.40606527136448395, 0.4887912723938173]
,[0.4057580436593603, 0.48886764611115735]
,[0.40624394186356744, 0.48863551539452793]
,[0.406464251459382, 0.4889762406155049]
,[0.4064580824920052, 0.4886776440193004]
,[0.40602932709104816, 0.48826668468878565]
,[0.4061149198298814, 0.48813557506583294]
,[0.4057959981892856, 0.4881658579742021]
,[0.4064908577897129, 0.4885311389039892]
,[0.4058480966344886, 0.48814500396244176]
,[0.4065195360179929, 0.4883153706269142]
,[0.40603061275472807, 0.48861448445780353]
,[0.4066544465764067, 0.4886792588674596]
,[0.40623474520477393, 0.48860539775340445]
,[0.40600390488204136, 0.48873535436793486]
,[0.4058723723093491, 0.48832423115679724]
,[0.4061960435408831, 0.48868701411810656]
,[0.4058806881489115, 0.48864256688396446]
,[0.40632429604730663, 0.4888797148429542]
,[0.40605446897967634, 0.4881820257358353]
]}