{
"parameters":[2, 2, 2, 2, 40, 40]
,"current_iter":13,"domain":[[-5.12, -5.12]
,[5.12, 5.12]
],"result":[9.476827691041455, 1.191333736606543, 13.410102345139723, 30.19627187578816, 2.23584456278253, 6.714724292978746, 23.220369887817842, 17.689392009505948, 9.194011740940887, 4.371442016983057, 20.752468431057427, 29.90813049700501, 4.455090705050555, 11.900868837970943, 18.133909663304642, 3.59997995009803, 9.372212831102065, 14.888750457945761, 15.85533039677022, 34.00838307634723, 23.204083873965423, 2.6857806180950057, 30.174669757032532, 29.012206269597524, 29.980523165951915, 10.4102366230677, 7.358459727248077, 14.345450671322238, 21.691483763559518, 7.329252391040713, 25.33823876794735, 7.66293238904921, 22.93776611775248, 26.63409532693507, 12.998040749141587, 13.05497858298163, 23.828023511373875, 13.714847497363069, 23.164095849577684, 10.785658708413756]
,"population":[[5.12, 1.5281263757199461]
,[0.9701255164689125, 0.01939512017926459]
,[2.8465515829811485, -1.0032035115140194]
,[2.0431373076138075, 5.12]
,[3.331064047435031, 0.18725513864108634]
,[1.3553820273128048, -0.059401607408018545]
,[-2.7090025979797216, -0.16372929315595305]
,[5.12, -0.2087988951410613]
,[0.7945258264811836, 0.4541954577806206]
,[1.143133773542396, 2.7019907285347484]
,[0.4772755660267273, 3.546953993650093]
,[-5.12, 1.4161975178042017]
,[2.9502330394509966, -1.9496141926271733]
,[0.28707547192096095, 1.6459212758702122]
,[3.2168004715897824, 1.3421492439135412]
,[1.1081912896380242, 1.186875535999269]
,[5.12, 0.02474025952757783]
,[0.9545322688799693, 0.30654148357861744]
,[2.5154529069619813, -3.245966974622344]
,[0.6156124415171029, 4.698996444676702]
,[3.1676659406607977, -0.7363658964618727]
,[3.3821656650705556, 2.3992839616415034]
,[3.887218604384595, 5.12]
,[5.12, -1.4203269215046326]
,[5.12, 5.12]
,[0.9735366738411865, -1.3210998861891234]
,[1.5234661822511628, -0.36872357661093413]
,[2.0725916822118404, 5.12]
,[-2.742723599141953, -1.1143087232248903]
,[2.2652525700329114, 3.3276551636562064]
,[0.7768028680552471, -4.402260254127912]
,[1.9049250361781698, -0.109885294687846]
,[-4.7400447423283305, 2.124325192683721]
,[5.12, -0.11405238469480433]
,[1.0222810701387377, -1.489242230982346]
,[4.095053498498387, 0.007302281313092022]
,[-3.421977189391759, -2.7022613326367733]
,[1.2991314470060469, -5.12]
,[1.9597702528651162, 5.12]
,[3.9721458379407997, 0.28595385510567783]
],"den":[[0.35426368402164976, 0.4589945964870204]
,[0.35426472686888133, 0.4589963329959623]
,[0.3542653447206699, 0.4589954286492723]
,[0.35426518851889205, 0.4589950544359085]
,[0.35426490040368475, 0.45899512917011687]
,[0.35426771732368006, 0.4589937293860637]
,[0.3542680367570633, 0.4589971484861259]
,[0.3542656146747381, 0.4589948618782097]
,[0.3542661047896077, 0.4589943869569167]
,[0.3542643058626956, 0.4589953163193605]
,[0.3542642398032882, 0.4589956460711537]
,[0.3542641058299031, 0.4589949200896129]
,[0.3542660146047416, 0.4589955544258589]
,[0.3542667769129561, 0.45899517972838955]
,[0.3542639281086389, 0.4589937805912891]
,[0.35426597565241613, 0.45899326153511544]
,[0.35426394277118, 0.4589962244904967]
,[0.35426543363811797, 0.4589942808390031]
,[0.35426614588616856, 0.4589939764407099]
,[0.3542636453491147, 0.45899556084591225]
,[0.3542668671363341, 0.45899386596653335]
,[0.35426691856554454, 0.4589930175925379]
,[0.3542667659372828, 0.4589973716331839]
,[0.3542647518378147, 0.4589962049119085]
,[0.3542652508575917, 0.45899711053156755]
,[0.35426677095575504, 0.4589948081660584]
,[0.35426368352539006, 0.45899310495719775]
,[0.35426531287584817, 0.4589960356849791]
,[0.35426461116731556, 0.4589946328100428]
,[0.35426746812062465, 0.45899427705535795]
,[0.3542679221922823, 0.458995979761878]
,[0.3542660424111453, 0.4589932034700749]
,[0.35426520408699974, 0.45899411465921225]
,[0.3542677513665826, 0.4589955327736314]
,[0.35426385546251726, 0.458996111649693]
,[0.3542636131894897, 0.4589960229155067]
,[0.3542676151773699, 0.4589950143298276]
,[0.35426652290331084, 0.45899611231408727]
,[0.3542638604270946, 0.45899656758983737]
,[0.3542664769300373, 0.458995538730368]
],"vol":[[0.40577205868971644, 0.48884829048437733]
,[0.40577009604045605, 0.4888491037636282]
,[0.4057699552756441, 0.48884926543313734]
,[0.40576950287972924, 0.4888486903749014]
,[0.40576855961213176, 0.48885224150937967]
,[0.40577191414172115, 0.48885023338367484]
,[0.40577107556529396, 0.48885124416485193]
,[0.40577115964090715, 0.48885193350637896]
,[0.4057685565193938, 0.4888485261284237]
,[0.40577247703408353, 0.4888482603124514]
,[0.4057679528245298, 0.4888497338268647]
,[0.40577235003707585, 0.48884792577393715]
,[0.4057706467468866, 0.48885098960205114]
,[0.405771545560207, 0.48885045969948193]
,[0.4057699594150262, 0.4888489672765567]
,[0.405771051385622, 0.48885231393726847]
,[0.4057707901431544, 0.4888489446210318]
,[0.40576855790289557, 0.4888513181097188]
,[0.40577240636758816, 0.48884950367124785]
,[0.4057721254357005, 0.4888524401354884]
,[0.4057696477446012, 0.48885158126507305]
,[0.4057682617294234, 0.48885192581450543]
,[0.40577045379177545, 0.4888508785889749]
,[0.40577144768795903, 0.4888524157235493]
,[0.40577141985751847, 0.4888510686464222]
,[0.40576948558699727, 0.48884921466040443]
,[0.40576987172676643, 0.4888486231775259]
,[0.40576843295602066, 0.48884875979466663]
,[0.4057715677187279, 0.48885040770891536]
,[0.4057686679909299, 0.48884866571468516]
,[0.405771697096577, 0.4888494343002613]
,[0.4057694913870906, 0.48885078371082097]
,[0.4057723057268487, 0.4888510759315856]
,[0.4057704123023249, 0.48885074271741447]
,[0.40576937089822745, 0.4888513289986553]
,[0.40576877750727, 0.48884947427331293]
,[0.4057702377051364, 0.48885111091832323]
,[0.4057688150230267, 0.4888509104007914]
,[0.40577081629852996, 0.488851980260915]
,[0.40576959901114046, 0.4888488327332808]
]}