{
"parameters":[2, 2, 2, 2, 20, 60]
,"current_iter":4,"domain":[[-5.12, -5.12]
,[5.12, 5.12]
],"result":[21.812898086356327, 10.208893586800333, 22.91745998891672, 23.337987284954693, 10.182861479882195, 34.390260719611334, 21.10553951495048, 33.10848824768017, 33.70537460519807, 18.02826792989051, 11.928818903219101, 10.555763694209462, 11.78006661749994, 17.44546855654757, 39.25003409621459, 28.882639226633795, 26.341121734400677, 35.067463653581704, 21.633178945801205, 7.987892194344207]
,"population":[[2.2419613112770658, 0.8044659206839386]
,[5.12, 1.0880807309474192]
,[-0.17355036764807874, 5.12]
,[-3.3900033732239416, -1.3899741240702055]
,[5.12, -5.12]
,[-5.12, -5.12]
,[3.054772732458365, -3.0920581034131684]
,[5.12, -1.1984788415650718]
,[2.0536654346588703, 5.12]
,[1.8595792607322352, -3.5742072233193465]
,[-3.550709741263324, 5.12]
,[1.9585680103223986, -0.820575893720974]
,[-2.889918045822357, -5.12]
,[-0.13363596196260974, 3.1510501485880984]
,[2.8205245249627957, 5.12]
,[5.12, 5.12]
,[0.7834951590771598, 1.5176119346179697]
,[-5.12, -1.625853151544158]
,[0.20358961338902581, -5.12]
,[5.12, 3.8399923434716574]
],"den":[[0.6493699884761928, 0.7155051921768584]
,[0.6491864153979289, 0.7213853951002854]
,[0.6455971527832405, 0.7154435594842107]
,[0.6466717166315671, 0.7173324516861005]
,[0.6466095178968791, 0.7208562166441649]
,[0.6506367719587289, 0.7153339431075418]
,[0.6492956275000759, 0.7186693434726024]
,[0.6501959612427695, 0.7174572568168333]
,[0.6492830651752566, 0.7167645911081506]
,[0.6523536924289256, 0.7218532148706756]
,[0.6487028705548664, 0.7193563572074191]
,[0.646257501993726, 0.7220173955308251]
,[0.6499965860042674, 0.7201641287680272]
,[0.6505910166743094, 0.72215844763514]
,[0.6458609966446378, 0.7154700955156037]
,[0.6472960944366069, 0.7153708904114339]
,[0.6461440437952863, 0.7220122813296231]
,[0.6472908170416058, 0.717903850783808]
,[0.6481056686751501, 0.7179082648541624]
,[0.6500459682584159, 0.7214145942618523]
],"vol":[[0.2154562224049173, 0.4653617317863866]
,[0.21334193355811765, 0.46308967808948925]
,[0.2113415203157356, 0.4642510989994989]
,[0.21776714158704405, 0.46322074898115856]
,[0.21443425434922744, 0.4648593245538147]
,[0.21659509454457823, 0.45974249637868897]
,[0.2151517151646378, 0.4623097478485998]
,[0.21162025969880235, 0.4663728755879911]
,[0.21303286815758896, 0.46659211812099943]
,[0.21599709381608342, 0.46118961687755666]
,[0.2148875752690595, 0.4619128185198852]
,[0.21727535283236654, 0.4652072757442548]
,[0.21260207659589628, 0.4628921791036308]
,[0.21553294488463082, 0.4617149959149723]
,[0.2114054867090364, 0.46532961887205243]
,[0.214085954812053, 0.4615985736610735]
,[0.21204043424096236, 0.4621515863834811]
,[0.21307813694826508, 0.4627025714173079]
,[0.21213596622361544, 0.463466624736456]
,[0.21387102691976756, 0.4618420781626001]
]}