{
"parameters":[2, 2, 2, 2, 40, 40]
,"current_iter":30,"domain":[[-5.12, -5.12]
,[5.12, 5.12]
],"result":[9.476827691041455, 0.9949663459203659, 6.726192296659393, 1.000886893090632, 2.23584456278253, 1.0028857843605348, 18.716683365186462, 17.689392009505948, 0.9949817895539557, 0.9950143088842722, 4.603884096677864, 0.9949659665265589, 4.455090705050555, 10.497900638983358, 12.75325761365672, 1.086807214097501, 1.51051745999286, 0.9951249377274838, 14.54418362249546, 1.169416261238089, 1.1063698597027507, 2.6857806180950057, 3.434124934587653, 15.03785706760222, 1.0154739541659943, 0.9949921782582436, 7.358459727248077, 14.345450671322238, 8.504797811130782, 1.7135635299027836, 1.345052471160784, 0.9949658866549473, 1.4276257086117319, 8.91197874459479, 12.998040749141587, 10.221618791394743, 1.1091110969787614, 13.714847497363069, 13.149211582631198, 6.24362739534687]
,"population":[[3.3594233731859795, 0.4421957933727705]
,[0.9949537258707472, -0.00019161261882333805]
,[1.1097799589338357, -1.1022457740255331]
,[0.9957028460188241, 0.005415590161165181]
,[1.4454839027877966, 0.3113787307306944]
,[0.9958039519820354, -0.0062646356038890665]
,[1.0768355565794792, 0.6112371362267642]
,[3.6921593178138243, -0.18520646168404994]
,[0.9946688133229871, -0.00017501119779646915]
,[0.994821617687446, -0.0005096403117448553]
,[1.192288098296869, -0.8161516340000307]
,[0.9949086991132244, -0.00017981813052869546]
,[2.1010823177756635, -0.43050885341712547]
,[2.3463097583469112, -0.5190319800162119]
,[1.366528137130103, 0.04498705645217125]
,[1.006323059512675, 0.018281146893760505]
,[1.6897882509186957, -0.0027693420217340934]
,[0.9949767344182483, -0.0009142210928986466]
,[0.5147048955639415, 0.16186306964022035]
,[0.9912178235519933, 0.02945904726972236]
,[0.9960254447969583, -0.02369519575077357]
,[1.4752132228063513, 0.21977888252759162]
,[2.103711074646215, 0.09856001527521902]
,[1.5994679465522725, -0.029728286000592862]
,[1.0050130370430705, 0.001526994637154074]
,[0.9948175146157087, -0.0003834612099083682]
,[1.823613500761039, -0.18092699555137165]
,[1.4718234502906062, 2.00197468900006]
,[1.2203840909161117, 0.34270100328399267]
,[0.9809226923026096, -0.05886132876604512]
,[0.9931561207237831, -0.04209105906644733]
,[0.9949249487095921, -0.0001824560067870351]
,[1.6444012832045818, -0.017598683650854673]
,[4.040178293010558, -0.08446901191757665]
,[1.0912862120086257, -1.7776204713775727]
,[1.0009922289183038, -0.2864303778812477]
,[1.018886760873, 0.0018125488561268428]
,[1.1428846657100409, -0.49076644106800454]
,[0.30513947740883063, -0.9225242201124451]
,[0.31822792834071434, -0.10221474698616521]
],"den":[[0.35426470088039635, 0.4589962737333534]
,[0.35426470088040635, 0.4589962737333701]
,[0.3542647008804123, 0.45899627373336144]
,[0.3542647008804108, 0.45899627373335783]
,[0.354264700880408, 0.45899627373335855]
,[0.35426470088043505, 0.4589962737333451]
,[0.3542647008804381, 0.45899627373337787]
,[0.3542647008804149, 0.458996273733356]
,[0.35426470088041956, 0.45899627373335145]
,[0.3542647008804023, 0.4589962737333603]
,[0.35426470088040174, 0.4589962737333635]
,[0.3542647008804004, 0.45899627373335655]
,[0.35426470088041867, 0.4589962737333626]
,[0.354264700880426, 0.45899627373335905]
,[0.3542647008803987, 0.4589962737333456]
,[0.35426470088041834, 0.4589962737333406]
,[0.35426470088039885, 0.45899627373336904]
,[0.3542647008804131, 0.4589962737333504]
,[0.35426470088041995, 0.45899627373334745]
,[0.35426470088039597, 0.4589962737333627]
,[0.3542647008804269, 0.45899627373334645]
,[0.35426470088042733, 0.4589962737333383]
,[0.3542647008804259, 0.45899627373338003]
,[0.35426470088040657, 0.4589962737333688]
,[0.35426470088041134, 0.45899627373337754]
,[0.35426470088042594, 0.4589962737333555]
,[0.35426470088039635, 0.4589962737333391]
,[0.35426470088041195, 0.4589962737333672]
,[0.35426470088040524, 0.4589962737333538]
,[0.3542647008804326, 0.45899627373335034]
,[0.354264700880437, 0.4589962737333667]
,[0.35426470088041895, 0.45899627373334007]
,[0.35426470088041095, 0.45899627373334884]
,[0.3542647008804353, 0.45899627373336244]
,[0.354264700880398, 0.45899627373336793]
,[0.35426470088039563, 0.4589962737333671]
,[0.35426470088043405, 0.45899627373335744]
,[0.3542647008804236, 0.45899627373336793]
,[0.354264700880398, 0.4589962737333723]
,[0.35426470088042317, 0.4589962737333625]
],"vol":[[0.40577019045630436, 0.4888490543825255]
,[0.40577019045628554, 0.4888490543825333]
,[0.4057701904562842, 0.4888490543825349]
,[0.4057701904562799, 0.4888490543825294]
,[0.4057701904562708, 0.48884905438256343]
,[0.405770190456303, 0.48884905438254417]
,[0.405770190456295, 0.4888490543825539]
,[0.40577019045629575, 0.4888490543825605]
,[0.4057701904562708, 0.4888490543825278]
,[0.4057701904563084, 0.48884905438252524]
,[0.405770190456265, 0.48884905438253934]
,[0.4057701904563072, 0.488849054382522]
,[0.40577019045629087, 0.48884905438255144]
,[0.4057701904562995, 0.4888490543825463]
,[0.4057701904562842, 0.488849054382532]
,[0.40577019045629475, 0.4888490543825641]
,[0.40577019045629226, 0.4888490543825318]
,[0.4057701904562708, 0.48884905438255455]
,[0.40577019045630774, 0.4888490543825372]
,[0.405770190456305, 0.4888490543825654]
,[0.40577019045628127, 0.4888490543825571]
,[0.40577019045626794, 0.4888490543825604]
,[0.405770190456289, 0.48884905438255033]
,[0.40577019045629853, 0.4888490543825651]
,[0.4057701904562983, 0.48884905438255216]
,[0.4057701904562797, 0.4888490543825344]
,[0.40577019045628343, 0.48884905438252874]
,[0.4057701904562696, 0.48884905438253007]
,[0.40577019045629964, 0.48884905438254583]
,[0.40577019045627183, 0.4888490543825291]
,[0.4057701904563009, 0.4888490543825365]
,[0.40577019045627977, 0.48884905438254944]
,[0.40577019045630675, 0.4888490543825522]
,[0.4057701904562886, 0.48884905438254905]
,[0.4057701904562786, 0.48884905438255466]
,[0.40577019045627294, 0.4888490543825369]
,[0.4057701904562869, 0.4888490543825526]
,[0.40577019045627327, 0.48884905438255066]
,[0.4057701904562925, 0.4888490543825609]
,[0.40577019045628077, 0.48884905438253073]
]}