{
"parameters":[2, 2, 2, 2, 20, 60]
,"current_iter":6,"domain":[[-5.12, -5.12]
,[5.12, 5.12]
],"result":[21.52119097130058, 10.208893586800333, 22.91745998891672, 23.337987284954693, 10.182861479882195, 34.390260719611334, 21.10553951495048, 31.345398115894778, 33.70537460519807, 18.02826792989051, 11.928818903219101, 10.555763694209462, 11.78006661749994, 17.44546855654757, 39.25003409621459, 17.899284936582134, 20.570728467728657, 30.442373342957357, 21.633178945801205, 7.987892194344207]
,"population":[[-5.12, -5.12]
,[-2.237746779618146, -5.064724438403797]
,[-4.783797702277347, 2.945827156850685]
,[-2.199346632736765, 3.3510969856356554]
,[-5.12, -3.084715884812869]
,[-5.12, -5.12]
,[-5.12, 4.7840410268055535]
,[-2.7828243975494322, -4.732047888343123]
,[-5.12, -1.7110177724026845]
,[-5.12, -5.12]
,[-5.12, 2.454470379933896]
,[-5.12, -0.9984459546787304]
,[-2.0674926814861037, -5.12]
,[-5.12, -2.8176085744623136]
,[-5.12, 5.12]
,[-5.12, -1.3771739766006699]
,[-5.12, -5.12]
,[-5.12, -0.9433032772023231]
,[-5.12, -5.12]
,[-2.0200293985380546, -0.23851250359761944]
],"den":[[0.6498763563372898, 0.7199318501521893]
,[0.6498302955181792, 0.7214072678210047]
,[0.6489297038976704, 0.7199163857260644]
,[0.6491993256282019, 0.7203903327931039]
,[0.649183719174933, 0.7212744902188907]
,[0.6501942084177428, 0.7198888815835994]
,[0.649857698223027, 0.7207257759383126]
,[0.6500836034050589, 0.720421647987059]
,[0.6498545461760245, 0.7202478493548551]
,[0.6506250055910149, 0.7215246497488128]
,[0.6497089679697239, 0.7208981564184196]
,[0.6490953939096353, 0.7215658447636816]
,[0.6500335776230508, 0.7211008365722182]
,[0.6501827278351926, 0.7216012365298571]
,[0.6489959056767558, 0.7199230439536949]
,[0.6493559899572342, 0.719898152131859]
,[0.6490669258052467, 0.7215645615455829]
,[0.6493546657917366, 0.7205337040909454]
,[0.6495591224258443, 0.7205348116373136]
,[0.6500459682584159, 0.7214145942618523]
],"vol":[[0.2142687726196648, 0.46272520400234884]
,[0.213738270668938, 0.4621551168450597]
,[0.21323634155506613, 0.462446532116586]
,[0.2148486116212969, 0.4621880041980907]
,[0.21401234784215883, 0.4625991436405671]
,[0.21455453011804682, 0.4613152664009237]
,[0.21419236788186216, 0.4619594224323266]
,[0.21330628080990593, 0.4629789128368955]
,[0.21366072223078075, 0.4630339235756691]
,[0.21440448413285293, 0.46167836733140827]
,[0.21412609182403727, 0.4618598278175688]
,[0.21472521557061214, 0.46268644901777023]
,[0.21355263115127637, 0.4621055618386929]
,[0.2142880232652018, 0.461810191611067]
,[0.2132523915363534, 0.46271714646388923]
,[0.21392495506033152, 0.4617809797874816]
,[0.2134117079442348, 0.4619197377100133]
,[0.21367208074586588, 0.46205798685970206]
,[0.21343567813318556, 0.46224969755092615]
,[0.21387102691976756, 0.4618420781626001]
]}