{
"parameters":[2, 2, 2, 2, 40, 40]
,"current_iter":15,"domain":[[-5.12, -5.12]
,[5.12, 5.12]
],"result":[9.476827691041455, 1.191333736606543, 13.410102345139723, 30.19627187578816, 2.23584456278253, 6.714724292978746, 18.716683365186462, 17.689392009505948, 7.841531541613163, 4.371442016983057, 20.752468431057427, 23.447166653111385, 4.455090705050555, 10.497900638983358, 18.133909663304642, 3.59997995009803, 9.372212831102065, 2.8439780103801553, 15.85533039677022, 24.574748369632967, 23.204083873965423, 2.6857806180950057, 30.174669757032532, 29.012206269597524, 29.980523165951915, 8.189405063406308, 7.358459727248077, 14.345450671322238, 21.691483763559518, 7.329252391040713, 23.564829169793956, 7.66293238904921, 21.516806042096356, 26.63409532693507, 12.998040749141587, 13.05497858298163, 16.725792792552408, 13.714847497363069, 23.164095849577684, 10.785658708413756]
,"population":[[1.2377679865828324, 0.500708979203017]
,[0.9701255164689125, 0.01939512017926459]
,[-2.641217745092993, 1.547578083256121]
,[1.5145694207087979, 5.12]
,[2.878892641773916, 1.8562361851682094]
,[1.6774278764120827, -0.0718861464675644]
,[-4.046568762478014, -1.0635177818889021]
,[5.12, -0.7402771601604391]
,[0.9047406910451109, 0.1713191882051241]
,[0.9833814263535372, 3.184859832213754]
,[0.5033354267173114, 1.0102357413293026]
,[0.9615683373540288, 1.5198180615931876]
,[2.4370071464852834, -1.3699798536646013]
,[3.3320560627502167, -2.1074839202075863]
,[1.071183907672731, 5.12]
,[1.08561312306677, 2.4682861081275105]
,[2.8727332324103907, 0.021744311155777817]
,[0.9650190964769314, 0.09312277366605853]
,[3.933468015422684, -3.2257620997606864]
,[4.356457889295795, -3.0642213431532013]
,[2.247942483137152, -5.12]
,[2.433512523864459, 0.8723351432332351]
,[2.3354053810114164, 4.144455725823784]
,[5.12, -2.348915847135152]
,[0.9713778407353459, 3.3992700814501933]
,[0.5862841173321776, 2.4987826808402827]
,[3.4829122221901345, -0.34167683079138156]
,[3.9196925763202612, 4.305322487484339]
,[5.12, 1.7963325397135115]
,[2.3884600863501837, 2.5226435508053577]
,[1.5822989315739768, 0.47143539535760337]
,[-0.09662342789213574, 0.26581952444175616]
,[4.451824158180584, -0.6057191353222419]
,[4.598113787268796, -3.041842629894348]
,[5.12, -2.5616109616647966]
,[2.8408947686285497, -0.7888810724307753]
,[-1.0250111283976797, -2.257270332777368]
,[2.9442841061752794, -5.12]
,[1.059252604177247, 5.12]
,[1.002895262964144, 4.273784702116544]
],"den":[[0.35426439040359403, 0.4589957727269581]
,[0.35426472686888133, 0.4589963329959623]
,[0.3542649262132083, 0.45899604121663007]
,[0.3542648758161085, 0.4589959204800513]
,[0.35426478285832613, 0.458995944592372]
,[0.35426569171224714, 0.458995492964627]
,[0.35426579477455755, 0.4589965961065348]
,[0.3542650133114624, 0.45899585835304024]
,[0.35426517144262043, 0.45899570512395316]
,[0.35426459103501906, 0.4589960049743935]
,[0.3542645697215449, 0.45899611136584617]
,[0.35426452649623624, 0.45899587713442636]
,[0.35426514234528383, 0.4589960817973154]
,[0.35426538829717846, 0.4589959609045443]
,[0.3542644691560675, 0.45899550948553275]
,[0.3542651297776661, 0.45899534201672304]
,[0.35426447388680465, 0.45899629798764896]
,[0.35426495490162385, 0.45899567088596205]
,[0.3542651847020564, 0.4589955726745883]
,[0.35426437792624815, 0.4589960838686879]
,[0.35426541740694056, 0.4589955370310881]
,[0.3542654340001131, 0.4589952633108427]
,[0.35426538475597613, 0.4589966681029277]
,[0.3542647349248833, 0.4589962916707934]
,[0.3542648959291297, 0.4589965838608377]
,[0.3542653863751411, 0.4589958410232974]
,[0.35426439024348033, 0.45899529149826507]
,[0.3542649159387628, 0.4589962370712455]
,[0.35426468953881096, 0.45899578444625483]
,[0.3542656113091209, 0.4589956696652029]
,[0.3542657578112605, 0.4589962190281595]
,[0.3542651513167701, 0.45899532328255954]
,[0.3542648808390185, 0.45899561726954596]
,[0.3542657026958837, 0.4589960748114188]
,[0.35426444571744925, 0.45899626158057777]
,[0.35426436755023416, 0.45899623295129]
,[0.35426565875565813, 0.4589959075401847]
,[0.35426530634324915, 0.4589962617949386]
,[0.3542644473192255, 0.4589964086855678]
,[0.35426529151038566, 0.45899607673330634]
],"vol":[[0.40577072927160174, 0.4888488413663868]
,[0.40577009604045605, 0.4888491037636282]
,[0.4057700506239545, 0.4888491559248424]
,[0.40576990466247825, 0.4888489703874706]
,[0.405769600325665, 0.48885011612909623]
,[0.40577068263449007, 0.48884946822538444]
,[0.4057704120753421, 0.48884979434484743]
,[0.4057704392015831, 0.4888500167546961]
,[0.40576959932782086, 0.48884891739482067]
,[0.40577086424665215, 0.4888488316316861]
,[0.4057694045510984, 0.48884930704786916]
,[0.4057708232722089, 0.48884872369584087]
,[0.4057702737209367, 0.4888497122124475]
,[0.40577056371497694, 0.4888495412441457]
,[0.40577005195948895, 0.4888490597273012]
,[0.4057704042739882, 0.48885013949730366]
,[0.40577031998645385, 0.4888490524176997]
,[0.4057695997741953, 0.4888498182024942]
,[0.40577084144674247, 0.48884923279022774]
,[0.40577075080659364, 0.48885018021402515]
,[0.4057699514018273, 0.4888499031072043]
,[0.40576950421648617, 0.4888500142729822]
,[0.4057702114657042, 0.4888496763950761]
,[0.40577053213737574, 0.4888501723377324]
,[0.4057705231581342, 0.48884973771540347]
,[0.40576989908313366, 0.4888491395434764]
,[0.40577002366765996, 0.4888489487068413]
,[0.405769559461209, 0.488848992785134]
,[0.4057705708642246, 0.48884952446985663]
,[0.4057696352931102, 0.48884896243107345]
,[0.4057706126068249, 0.48884921040830237]
,[0.4057699009544817, 0.4888496457834924]
,[0.40577080897591233, 0.48884974006589593]
,[0.4057701980795058, 0.4888496325573382]
,[0.4057698620798328, 0.4888498217157117]
,[0.40576967062757313, 0.48884922330524827]
,[0.40577014174729203, 0.4888497513540524]
,[0.4057696827316949, 0.4888496866588728]
,[0.4057703284252507, 0.48885003183962694]
,[0.40576993567841413, 0.48884901631812233]
]}