{
"parameters":[2, 2, 2, 2, 20, 60]
,"current_iter":8,"domain":[[-5.12, -5.12]
,[5.12, 5.12]
],"result":[21.52119097130058, 10.208893586800333, 22.91745998891672, 23.337987284954693, 10.182861479882195, 34.390260719611334, 21.10553951495048, 31.345398115894778, 33.70537460519807, 18.02826792989051, 11.928818903219101, 10.555763694209462, 11.78006661749994, 17.44546855654757, 39.25003409621459, 17.899284936582134, 20.570728467728657, 10.797727347505974, 21.633178945801205, 7.987892194344207]
,"population":[[-5.12, -5.017650040115106]
,[-2.509644215311425, -5.12]
,[-5.12, -0.3115263546259748]
,[-2.193685058745974, 0.48839582815486393]
,[-5.12, -1.082885783963377]
,[-4.496455899025506, -5.12]
,[-5.12, 2.5603509878198336]
,[-3.424516004910471, -2.129208873008471]
,[-5.12, -5.12]
,[-5.12, -1.6921335376611273]
,[-5.12, 1.7790164160505726]
,[-5.12, -1.0205995515570838]
,[-1.7698363174718121, -4.049831953983283]
,[-5.12, -5.12]
,[-5.12, 5.12]
,[-3.119940822103265, -1.3517981785772728]
,[-4.776638241088323, -2.6247463045751642]
,[-0.9849783630321667, -0.7627254759590251]
,[-2.688692111445102, -5.12]
,[-0.7009945365872232, -0.6265399008825515]
],"den":[[0.6500339888730912, 0.7213098707087573]
,[0.6500307356801739, 0.7214140768084953]
,[0.6499671285116998, 0.7213087784841179]
,[0.6499861714102207, 0.7213422525141383]
,[0.6499850691544594, 0.721404698964959]
,[0.6500564381945936, 0.7213068359159398]
,[0.6500326710839953, 0.7213659442609466]
,[0.6500486263612214, 0.7213444642500376]
,[0.6500324484605774, 0.7213321891648298]
,[0.6500868646251249, 0.7214223672832097]
,[0.6500221665333603, 0.7213781191846191]
,[0.6499788308996252, 0.7214252768131136]
,[0.6500450931300966, 0.7213924341198189]
,[0.65005562734167, 0.7214277764699863]
,[0.649971804224442, 0.7213092487427757]
,[0.6499972363303729, 0.7213074906781112]
,[0.6499768202485479, 0.7214251861817244]
,[0.6499971428069423, 0.721352378571375]
,[0.6500115832117553, 0.7213524567953855]
,[0.6500459682584159, 0.7214145942618523]
],"vol":[[0.2138991189841029, 0.4619044517543519]
,[0.21386165058423412, 0.4618641875224483]
,[0.2138262002325086, 0.4618847696596232]
,[0.21394007197125575, 0.46186651029711917]
,[0.21388100816266917, 0.46189554833743446]
,[0.21391930152292338, 0.46180487039415546]
,[0.21389372265471346, 0.46185036597759194]
,[0.21383113991644995, 0.4619223707536129]
,[0.21385617347734298, 0.46192625606327975]
,[0.21390870404450837, 0.46183051556065763]
,[0.21388904169579728, 0.4618433317888478]
,[0.2139313567298453, 0.46190171455940454]
,[0.21384853919855557, 0.4618606875413615]
,[0.21390047862261832, 0.4618398260727413]
,[0.2138273338138572, 0.4619038826648838]
,[0.2138748357674675, 0.46183776289411305]
,[0.2138385860455747, 0.46184756311693836]
,[0.21385697570886078, 0.4618573274060517]
,[0.213840279016964, 0.4618708675878136]
,[0.21387102691976756, 0.4618420781626001]
]}