{
"parameters":[2, 2, 2, 2, 20, 60]
,"current_iter":44,"domain":[[-5.12, -5.12]
,[5.12, 5.12]
],"result":[17.530553395495062, 0.08009550634308837, 9.36711086701591, 0.6027653827637423, 0.11237582740500152, 0.21574754043445665, 21.10553951495048, 3.6423389053117567, 0.20286861027345537, 0.12267554722127905, 1.5229208441641173, 1.897629356172068, 0.23536221237128707, 7.843319057622942, 1.0425201621128632, 5.9096249195956325, 19.2253800430124, 5.131191207127552, 16.50989968493638, 5.035896589443837]
,"population":[[0.2194986264084239, 0.5631246266302281]
,[0.01548951828358311, -0.012809159854972928]
,[-0.49788754494185045, -0.12747783034999086]
,[0.061771319787789075, -0.072555463811343]
,[0.02041252007313708, -0.012263932645344408]
,[0.026152713137860738, 0.020139121519452317]
,[-0.6703998586318072, 2.611668916975438]
,[0.012803275500236539, -0.7658949736590801]
,[0.02371836396264241, 0.02148803882753981]
,[0.020094843171623303, -0.014670763632600661]
,[0.5607116413365966, -0.016797609019319877]
,[0.9289193672434675, 0.016488762248352468]
,[0.010790165441614388, -0.03276787962513055]
,[0.18401574487847627, -0.9172554658887486]
,[0.023660987982411386, 0.0891025142764473]
,[0.9515284056684974, 0.2183823413114646]
,[-1.0919375828664566, -0.6385209209762391]
,[-0.03876396272433144, -0.4285570058087157]
,[-0.12302969331723573, -0.3922700418091045]
,[1.7342604260415453, 0.5578082855994732]
],"den":[[0.6500459682584158, 0.721414594261852]
,[0.6500459682584158, 0.721414594261852]
,[0.6500459682584158, 0.721414594261852]
,[0.6500459682584158, 0.721414594261852]
,[0.6500459682584158, 0.721414594261852]
,[0.6500459682584158, 0.721414594261852]
,[0.6500459682584158, 0.721414594261852]
,[0.6500459682584158, 0.721414594261852]
,[0.6500459682584158, 0.721414594261852]
,[0.6500459682584158, 0.721414594261852]
,[0.6500459682584158, 0.721414594261852]
,[0.6500459682584158, 0.721414594261852]
,[0.6500459682584158, 0.721414594261852]
,[0.6500459682584158, 0.721414594261852]
,[0.6500459682584158, 0.721414594261852]
,[0.6500459682584158, 0.721414594261852]
,[0.6500459682584158, 0.721414594261852]
,[0.6500459682584158, 0.721414594261852]
,[0.6500459682584158, 0.721414594261852]
,[0.6500459682584158, 0.721414594261852]
],"vol":[[0.2138710269197674, 0.46184207816260037]
,[0.2138710269197674, 0.46184207816260037]
,[0.2138710269197674, 0.46184207816260037]
,[0.2138710269197674, 0.46184207816260037]
,[0.2138710269197674, 0.46184207816260037]
,[0.2138710269197674, 0.46184207816260037]
,[0.2138710269197674, 0.46184207816260037]
,[0.2138710269197674, 0.46184207816260037]
,[0.2138710269197674, 0.46184207816260037]
,[0.2138710269197674, 0.46184207816260037]
,[0.2138710269197674, 0.46184207816260037]
,[0.2138710269197674, 0.46184207816260037]
,[0.2138710269197674, 0.46184207816260037]
,[0.2138710269197674, 0.46184207816260037]
,[0.2138710269197674, 0.46184207816260037]
,[0.2138710269197674, 0.46184207816260037]
,[0.2138710269197674, 0.46184207816260037]
,[0.2138710269197674, 0.46184207816260037]
,[0.2138710269197674, 0.46184207816260037]
,[0.2138710269197674, 0.46184207816260037]
]}