{
"parameters":[2, 2, 2, 2, 20, 60]
,"current_iter":3,"domain":[[-5.12, -5.12]
,[5.12, 5.12]
],"result":[35.654827456408505, 10.208893586800333, 22.91745998891672, 23.337987284954693, 10.182861479882195, 34.390260719611334, 46.020109138446, 33.10848824768017, 39.43525721164079, 18.02826792989051, 11.928818903219101, 18.566648629413876, 11.78006661749994, 21.66098991138792, 39.25003409621459, 28.882639226633795, 26.341121734400677, 35.067463653581704, 21.633178945801205, 7.987892194344207]
,"population":[[-5.12, -5.12]
,[-1.059763272684556, 1.200630196113311]
,[3.613094452290635, -1.6592095351401428]
,[5.12, -1.6206265624224534]
,[3.007881121389562, 0.9694739124222282]
,[2.077117694348435, -5.12]
,[-3.8190499406073366, -4.91110514965972]
,[5.12, 0.7747717182875895]
,[5.12, -5.12]
,[3.2240690670731293, -0.4199699433764472]
,[3.1280166457484464, 5.12]
,[5.12, -3.081703646004392]
,[-1.857596026694671, -5.12]
,[1.513451336427278, -5.12]
,[-3.284082691192462, -5.12]
,[-2.5187469452274094, 0.2386625232627686]
,[-2.5203239674574536, -2.5100450246681856]
,[-5.12, 5.12]
,[4.539256677398515, -0.05189973952083582]
,[-1.6691785981362484, -3.0495395644603622]
],"den":[[0.6477793206061305, 0.7015996046503122]
,[0.6471637763283101, 0.7213166856960125]
,[0.6351285144862122, 0.7013929422592649]
,[0.638731666071649, 0.7077266421530003]
,[0.6385231056684193, 0.7195422818798792]
,[0.6520270094899627, 0.701025384368685]
,[0.6475299786341223, 0.712209413249006]
,[0.650548914137546, 0.7081451299007229]
,[0.6474878555339828, 0.7058225321785828]
,[0.6577840659216411, 0.7228853459017366]
,[0.6455423879197727, 0.7145130591716533]
,[0.6373427508095431, 0.7234358648930809]
,[0.649880383172332, 0.7172216217050086]
,[0.6518735861025531, 0.7239088308448788]
,[0.6360132170834399, 0.7014819210051381]
,[0.6408252856193788, 0.701149273458015]
,[0.6369623107936003, 0.7234187163148948]
,[0.6408075898312743, 0.7096426172418961]
,[0.6435398927650393, 0.7096574181907838]
,[0.6500459682584159, 0.7214145942618523]
],"vol":[[0.21918639243707858, 0.47364393205381683]
,[0.2120969084364018, 0.46602544210282737]
,[0.20538926406790586, 0.4699198366516272]
,[0.22693520338755183, 0.4664649397574881]
,[0.21575960134796934, 0.47195929561327815]
,[0.22300517804206538, 0.4548019088462452]
,[0.21816534027037982, 0.46341023511594887]
,[0.20632391327612612, 0.4770344280187884]
,[0.21106057216875915, 0.47776957659244845]
,[0.22100000424404143, 0.4596542910736325]
,[0.2172796450322494, 0.46207927973131385]
,[0.2252861720769642, 0.4731260209646301]
,[0.2096160723366431, 0.4653632024554334]
,[0.2194436528361222, 0.46141595494736815]
,[0.20560375165912279, 0.4735362532980348]
,[0.21459170794495636, 0.4610255760700508]
,[0.20773281286836684, 0.46287989926416584]
,[0.21121236427971604, 0.46472742335617456]
,[0.2080531439639014, 0.4672893929706686]
,[0.21387102691976756, 0.4618420781626001]
]}