{
"parameters":[2, 2, 2, 2, 40, 40]
,"current_iter":38,"domain":[[-5.12, -5.12]
,[5.12, 5.12]
],"result":[9.001698294912643, 0.9949590576158833, 0.9949594327033342, 0.9949590576169935, 2.23584456278253, 0.9949590576136096, 0.9949813225271757, 0.9949590754295858, 0.9949590576157075, 0.9949590576176526, 4.603884096677864, 0.9949590576162741, 4.455090705050555, 1.11330011823026, 0.9949590577955529, 0.994959057673686, 1.2337691714853793, 0.9949590576203811, 1.4445597958540208, 0.9949590576488152, 0.99495905761537, 2.6857806180950057, 1.007132095504577, 0.9949590577594449, 0.9949590575257989, 0.9949590576107425, 0.9950173418411747, 0.9949590588445361, 0.9949590582524177, 0.9949590579998677, 0.9949590577003917, 0.9949590576131122, 1.4276257086117319, 0.9949909873807368, 12.998040749141587, 0.9949590714655105, 0.9949590576176242, 2.0493288142077173, 0.994960347284028, 1.0645649760074125]
,"population":[[1.1858006891859976, 0.08869189575340923]
,[0.9949570163928012, -8.347729010875556E-08]
,[0.9949582620515044, -4.35101168831185E-05]
,[0.9949570148863561, -8.76834775804526E-08]
,[1.0890002503211835, 0.04499126432341287]
,[0.9949570210604268, -1.0299797820244721E-07]
,[0.9946389452370293, -0.00010039624329880472]
,[0.9949512652498644, 6.1724680626504435E-06]
,[0.9949570145828404, -1.4616809816746662E-08]
,[0.9949570115113582, -6.571431331975322E-09]
,[1.135161709431344, -0.17340000397200808]
,[0.9949570136409122, 2.4264095463774903E-09]
,[1.3690907092141944, -0.15606128846594494]
,[1.0193922337636057, -4.2947767024884275E-05]
,[0.9949568008861854, -4.095669596758115E-07]
,[0.9949570113909665, 5.311160690529455E-07]
,[1.0296893513692589, -0.0003193356698765457]
,[0.9949570108825851, -1.0836492135509062E-07]
,[1.1408421559588269, -0.008986174546275903]
,[0.9949569962616865, 3.275876392031723E-07]
,[0.9949570156853303, -4.573283772681516E-08]
,[1.0406516230731389, 0.1426431333505385]
,[0.9873939413973614, -0.0020498183615421882]
,[0.994957122851556, -1.0316455149589865E-06]
,[0.9949571615262487, -4.693507847238038E-08]
,[0.9949570224263002, 2.391956197293173E-08]
,[0.9955007834904915, -4.509274555499897E-08]
,[0.9949570148608263, 2.488986509827437E-06]
,[0.9949570217148362, 1.7979560214102145E-06]
,[0.9949569928700653, -1.3658928722607393E-06]
,[0.9949570154728001, -6.557061949358422E-07]
,[0.9949570199366846, -6.687790907021601E-08]
,[1.2567706464523836, -0.003187895128874556]
,[0.9945573768108944, 4.4513409514812986E-06]
,[1.3955663193171841, -0.09441008039911472]
,[0.9949570090826165, 8.354196525723289E-06]
,[0.9949570115573098, 7.263771794676287E-09]
,[0.9934942546792975, 0.07353548241075898]
,[0.9948823471305043, -2.6190216998369602E-05]
,[1.0136430258063003, 0.0013735108861324201]
],"den":[[0.35426470088042555, 0.4589962737333443]
,[0.35426470088042555, 0.4589962737333443]
,[0.35426470088042555, 0.4589962737333443]
,[0.35426470088042555, 0.4589962737333443]
,[0.35426470088042555, 0.4589962737333443]
,[0.35426470088042555, 0.4589962737333443]
,[0.35426470088042555, 0.4589962737333443]
,[0.35426470088042555, 0.4589962737333443]
,[0.35426470088042555, 0.4589962737333443]
,[0.35426470088042555, 0.4589962737333443]
,[0.35426470088042555, 0.4589962737333443]
,[0.35426470088042555, 0.4589962737333443]
,[0.35426470088042555, 0.4589962737333443]
,[0.35426470088042555, 0.4589962737333443]
,[0.35426470088042555, 0.4589962737333443]
,[0.35426470088042555, 0.4589962737333443]
,[0.35426470088042555, 0.4589962737333443]
,[0.35426470088042555, 0.4589962737333443]
,[0.35426470088042555, 0.4589962737333443]
,[0.35426470088042555, 0.4589962737333443]
,[0.35426470088042555, 0.4589962737333443]
,[0.35426470088042555, 0.4589962737333443]
,[0.35426470088042555, 0.4589962737333443]
,[0.35426470088042555, 0.4589962737333443]
,[0.35426470088042555, 0.4589962737333443]
,[0.35426470088042555, 0.4589962737333443]
,[0.35426470088042555, 0.4589962737333443]
,[0.35426470088042555, 0.4589962737333443]
,[0.35426470088042555, 0.4589962737333443]
,[0.35426470088042555, 0.4589962737333443]
,[0.35426470088042555, 0.4589962737333443]
,[0.35426470088042555, 0.4589962737333443]
,[0.35426470088042555, 0.4589962737333443]
,[0.35426470088042555, 0.4589962737333443]
,[0.35426470088042555, 0.4589962737333443]
,[0.35426470088042555, 0.4589962737333443]
,[0.35426470088042555, 0.4589962737333443]
,[0.35426470088042555, 0.4589962737333443]
,[0.35426470088042555, 0.4589962737333443]
,[0.35426470088042555, 0.4589962737333443]
],"vol":[[0.40577019045628965, 0.48884905438254567]
,[0.40577019045628965, 0.48884905438254567]
,[0.40577019045628965, 0.48884905438254567]
,[0.40577019045628965, 0.48884905438254567]
,[0.40577019045628965, 0.48884905438254567]
,[0.40577019045628965, 0.48884905438254567]
,[0.40577019045628965, 0.48884905438254567]
,[0.40577019045628965, 0.48884905438254567]
,[0.40577019045628965, 0.48884905438254567]
,[0.40577019045628965, 0.48884905438254567]
,[0.40577019045628965, 0.48884905438254567]
,[0.40577019045628965, 0.48884905438254567]
,[0.40577019045628965, 0.48884905438254567]
,[0.40577019045628965, 0.48884905438254567]
,[0.40577019045628965, 0.48884905438254567]
,[0.40577019045628965, 0.48884905438254567]
,[0.40577019045628965, 0.48884905438254567]
,[0.40577019045628965, 0.48884905438254567]
,[0.40577019045628965, 0.48884905438254567]
,[0.40577019045628965, 0.4888490543825457]
,[0.40577019045628965, 0.48884905438254567]
,[0.40577019045628965, 0.48884905438254567]
,[0.40577019045628965, 0.48884905438254567]
,[0.40577019045628965, 0.4888490543825457]
,[0.40577019045628965, 0.48884905438254567]
,[0.40577019045628965, 0.48884905438254567]
,[0.40577019045628965, 0.48884905438254567]
,[0.40577019045628965, 0.48884905438254567]
,[0.40577019045628965, 0.48884905438254567]
,[0.40577019045628965, 0.48884905438254567]
,[0.40577019045628965, 0.48884905438254567]
,[0.40577019045628965, 0.48884905438254567]
,[0.40577019045628965, 0.48884905438254567]
,[0.40577019045628965, 0.48884905438254567]
,[0.40577019045628965, 0.48884905438254567]
,[0.40577019045628965, 0.48884905438254567]
,[0.40577019045628965, 0.48884905438254567]
,[0.40577019045628965, 0.48884905438254567]
,[0.40577019045628965, 0.48884905438254567]
,[0.40577019045628965, 0.48884905438254567]
]}