{
"parameters":[2, 2, 2, 2, 40, 40]
,"current_iter":16,"domain":[[-5.12, -5.12]
,[5.12, 5.12]
],"result":[29.477350018953103, 32.33673161699805, 1.6772184027811345, 4.684447353770711, 2.29907530314574, 8.513423920945414, 27.17724955779783, 29.225852787222834, 26.296213533289073, 9.133210275997225, 17.835150934521643, 11.652987536959301, 23.95502563416463, 8.87303366481293, 21.8348149868932, 11.007125296042226, 3.2263310870995525, 12.112728060944514, 24.902156226769065, 13.417591287028584, 23.843166107649214, 10.102387056023758, 13.76187689513229, 20.07557995883365, 20.64881484365912, 10.787421251648162, 17.071733944450415, 1.7451347811505293, 4.710953121993547, 2.456068119303188, 5.246899842236576, 2.4981337450816756, 15.901615270010758, 17.959937536791553, 20.380927701872135, 2.239194996970255, 19.527094725315646, 19.90290491475219, 10.99448607885413, 13.297144801291331]
,"population":[[5.12, -0.1269511126617603]
,[5.12, -2.002884539974549]
,[0.9550647583629984, -0.043267859173944656]
,[2.0483664149530214, 1.4542570289304253]
,[0.94249361607136, 0.06249870410757272]
,[0.4975245672026856, -0.030547946147584774]
,[5.12, -5.12]
,[5.12, -0.07469042248584438]
,[3.230100856209895, 3.81747615502835]
,[3.055639980242714, 5.12]
,[0.14877867128293776, 0.3095840783139332]
,[5.12, -0.05679528801384599]
,[5.12, 2.499421001543538]
,[3.900299943708848, -0.09871273735890002]
,[4.96206525976649, 2.7674515183498887]
,[1.4520054147562655, 0.09241901139702458]
,[5.12, -0.0955959088164792]
,[2.942954951922449, 0.18215519397416158]
,[1.47826501874173, 1.091802923134885]
,[0.629792821053226, 3.877689183021071]
,[1.1841295701584467, -5.12]
,[-2.3024559044359205, 2.407333231385164]
,[2.4877673970368623, 4.256228923709904]
,[5.0219632737284225, -0.6083777013782259]
,[-0.25455463044285, -5.12]
,[1.6924214602356897, -0.04609025827786751]
,[5.12, 0.4219491977192023]
,[0.9656484841897203, -0.05436145355453681]
,[1.1604813953021897, 0.08965884108608155]
,[0.9441350233795941, 2.4034982003927]
,[0.9660953829118264, -0.3265162832454754]
,[0.9758266954358271, 2.011694291044096]
,[0.1487662509099118, -5.12]
,[-3.428880559566357, -0.05533730941706567]
,[4.321601575768789, 0.8133306046265086]
,[0.9651674878568258, 2.3665718699186735]
,[0.6310203588105839, 3.3293952129626048]
,[5.12, -2.918627897222255]
,[0.8588291725646011, 0.20665193004375115]
,[0.8795717545724464, -3.6315570357528495]
],"den":[[0.7598480254775709, 0.48356892147438374]
,[0.7598505603935687, 0.4835722254253278]
,[0.7598470205807442, 0.48357048128377544]
,[0.7598484354401064, 0.4835693281394522]
,[0.7598482326227636, 0.48356901800022517]
,[0.7598468925015353, 0.48357205812457354]
,[0.7598497364329316, 0.483568805288379]
,[0.759846594546826, 0.4835718320091106]
,[0.7598497709257181, 0.4835691736250727]
,[0.759851379025256, 0.4835688105283307]
,[0.7598510563117196, 0.4835686084554976]
,[0.7598484088356146, 0.48356921935636954]
,[0.7598491325469787, 0.4835711812326924]
,[0.7598482691682901, 0.48356981320365316]
,[0.7598481872761292, 0.48357115687822905]
,[0.7598473725299856, 0.4835686066370481]
,[0.759848853152008, 0.48357223745894073]
,[0.7598466691693581, 0.4835689802938039]
,[0.7598484112570979, 0.48357210832273834]
,[0.7598472223731226, 0.4835714496488054]
,[0.7598474233794952, 0.48357313007490677]
,[0.7598476136232802, 0.48357108289891987]
,[0.7598500880241202, 0.483570466141682]
,[0.7598497807211222, 0.4835695232157826]
,[0.7598492088147845, 0.4835713158234108]
,[0.7598506977952659, 0.4835711018116409]
,[0.759851316459519, 0.4835712647292679]
,[0.7598489993981664, 0.4835688409189228]
,[0.7598491860050222, 0.48356869872046215]
,[0.7598493913317472, 0.4835709569191388]
,[0.7598494381054286, 0.4835730292780956]
,[0.7598505373291955, 0.48357080144465664]
,[0.7598477698616188, 0.48357179339726347]
,[0.7598496092398965, 0.48357094744537]
,[0.759849267971409, 0.4835708222249712]
,[0.7598504328730454, 0.48357090808436426]
,[0.7598473771745967, 0.4835726644683097]
,[0.7598483654677062, 0.48357120006303306]
,[0.7598510317777663, 0.4835711631709711]
,[0.7598479265467832, 0.4835688049981239]
],"vol":[[0.6986700790579774, 0.5179046047748769]
,[0.698673698804398, 0.5179039610748903]
,[0.6986701648721405, 0.5179039376343619]
,[0.6986701335115529, 0.5179062414409229]
,[0.69867055471898, 0.51790555828739]
,[0.698672472849196, 0.5179032647544457]
,[0.6986707898673987, 0.5179020702392708]
,[0.6986732835001087, 0.5179054396875062]
,[0.698673741556527, 0.5179019549120116]
,[0.6986722666730886, 0.5179024660366076]
,[0.6986742462236858, 0.5179034743460108]
,[0.6986710951289867, 0.5179039891375928]
,[0.6986728326386407, 0.5179055341401431]
,[0.6986725267536467, 0.5179033501406162]
,[0.6986726054685042, 0.5179031418532287]
,[0.6986715941701174, 0.5179063555872081]
,[0.6986706876904812, 0.5179052459442827]
,[0.6986702934720685, 0.5179021576619899]
,[0.6986736947568455, 0.5179033709536595]
,[0.6986702921284454, 0.5179040616984938]
,[0.6986748115852609, 0.517904724986769]
,[0.6986718750979527, 0.5179044889126644]
,[0.6986714536549367, 0.5179056272242187]
,[0.6986730289072237, 0.5179065326236442]
,[0.698671440357978, 0.5179052688368195]
,[0.6986739070177751, 0.5179031063417993]
,[0.6986729623919021, 0.5179026005339673]
,[0.6986745305889598, 0.5179064163967639]
,[0.6986740699031333, 0.5179052968583114]
,[0.698671196764177, 0.5179021788975201]
,[0.6986709610298291, 0.5179040601354606]
,[0.6986738440526052, 0.5179043520392719]
,[0.6986717277913336, 0.5179059559540546]
,[0.6986747671184853, 0.5179057358369424]
,[0.6986703574965696, 0.5179034300394304]
,[0.6986714711891304, 0.5179033120855573]
,[0.698673728899065, 0.5179023527539823]
,[0.6986747471187131, 0.5179023837617327]
,[0.6986711213758966, 0.5179058337626429]
,[0.6986738673972763, 0.5179063142449359]
]}