{
"parameters":[2, 2, 2, 2, 40, 40]
,"current_iter":27,"domain":[[-5.12, -5.12]
,[5.12, 5.12]
],"result":[9.476827691041455, 0.9957897792338226, 13.327363424774468, 1.0391426603089151, 2.23584456278253, 1.6115495449210737, 18.716683365186462, 17.689392009505948, 0.9950876620211488, 1.042671460170423, 4.603884096677864, 0.9950669352527086, 4.455090705050555, 10.497900638983358, 18.133909663304642, 3.5520946359282624, 1.51051745999286, 0.9954465492368314, 15.85533039677022, 2.8902872374117727, 4.175121900868784, 2.6857806180950057, 3.434124934587653, 15.03785706760222, 19.20586781289925, 2.5459581676104204, 7.358459727248077, 14.345450671322238, 8.504797811130782, 7.329252391040713, 8.207570327825579, 0.9949916040330926, 1.4276257086117319, 8.91197874459479, 12.998040749141587, 13.048202331879367, 10.942313092105639, 13.714847497363069, 23.164095849577684, 7.706340833825511]
,"population":[[4.645633485738872, 1.1732726361866288]
,[0.9929269168547644, -0.0002491077232294403]
,[3.5061856686842194, -0.9571445857665578]
,[0.9913333407963917, -0.014481709623131259]
,[1.5987085044625977, 0.20977179488135805]
,[0.9442869921744016, 0.023931500323427946]
,[4.127554225660999, 1.455231320448369]
,[5.12, -1.352201227980742]
,[0.9953595246903545, -0.0006982854561470559]
,[1.0000033578572578, 0.014669839532415258]
,[-0.0539852552762653, 2.0060065926283595]
,[0.9949926705597639, -0.000736617748871402]
,[1.0492475013321036, -0.5695039554052747]
,[3.7000328510145435, -0.3707876015614388]
,[4.6158441494579145, 1.660483650530576]
,[0.9815051699583776, -0.552133067555422]
,[1.1920637815112538, -0.00437816317585657]
,[0.996335113351451, -0.0009102960233815754]
,[1.648760208552063, -1.6179154193264367]
,[1.0148222513889624, -0.11904613550532181]
,[0.9721997308615796, 0.15860677873594833]
,[2.327295773085699, 0.260676221502498]
,[2.391559366540216, 0.12083095026616043]
,[2.2621363434406807, -0.18470668549475872]
,[-1.3772070547375255, -0.02666440256221562]
,[0.9943181010172084, -1.1139831277022278]
,[2.403426816513444, -0.11278397890814759]
,[2.2345247537086523, 1.7721609380377326]
,[1.7828745391889906, 0.7179652501897782]
,[2.148083488111576, 0.3046048138614808]
,[0.9868470490994513, -0.20413440376688213]
,[0.9949607815963006, -0.0004050297665386826]
,[1.6481380269934407, -0.02803057741166716]
,[1.2502387076350652, -0.09370644305750135]
,[4.68498024369154, -2.8303113585259077]
,[1.1327927686848607, -0.7842188662747301]
,[1.2861513209221478, 0.01840200201161763]
,[1.2295159174102877, -1.8927314091078216]
,[2.2306548243587403, 3.9584547078021513]
,[1.3479995072656221, 0.02665520481975291]
],"den":[[0.35426470088036677, 0.4589962737333659]
,[0.35426470088039735, 0.45899627373341684]
,[0.3542647008804155, 0.4589962737333903]
,[0.3542647008804109, 0.4589962737333793]
,[0.35426470088040246, 0.4589962737333815]
,[0.35426470088048506, 0.45899627373334045]
,[0.35426470088049444, 0.4589962737334407]
,[0.3542647008804234, 0.45899627373337365]
,[0.35426470088043777, 0.4589962737333597]
,[0.354264700880385, 0.458996273733387]
,[0.3542647008803831, 0.4589962737333967]
,[0.35426470088037915, 0.45899627373337537]
,[0.3542647008804351, 0.45899627373339397]
,[0.3542647008804575, 0.45899627373338303]
,[0.35426470088037393, 0.45899627373334195]
,[0.354264700880434, 0.45899627373332674]
,[0.3542647008803744, 0.4589962737334136]
,[0.35426470088041806, 0.4589962737333566]
,[0.354264700880439, 0.45899627373334767]
,[0.35426470088036566, 0.4589962737333942]
,[0.35426470088046014, 0.45899627373334445]
,[0.35426470088046164, 0.4589962737333196]
,[0.35426470088045714, 0.4589962737334473]
,[0.3542647008803981, 0.45899627373341306]
,[0.35426470088041273, 0.4589962737334396]
,[0.3542647008804573, 0.4589962737333721]
,[0.35426470088036677, 0.45899627373332214]
,[0.35426470088041456, 0.45899627373340807]
,[0.35426470088039397, 0.45899627373336693]
,[0.35426470088047773, 0.45899627373335655]
,[0.3542647008804911, 0.45899627373340646]
,[0.35426470088043593, 0.458996273733325]
,[0.35426470088041134, 0.4589962737333517]
,[0.35426470088048606, 0.45899627373339336]
,[0.3542647008803718, 0.45899627373341034]
,[0.35426470088036466, 0.45899627373340773]
,[0.35426470088048206, 0.4589962737333781]
,[0.35426470088045003, 0.45899627373341034]
,[0.35426470088037193, 0.45899627373342367]
,[0.3542647008804487, 0.4589962737333935]
],"vol":[[0.40577019045633, 0.48884905438250137]
,[0.40577019045627244, 0.4888490543825252]
,[0.40577019045626833, 0.48884905438252996]
,[0.40577019045625506, 0.4888490543825131]
,[0.40577019045622736, 0.4888490543826172]
,[0.4057701904563258, 0.4888490543825583]
,[0.4057701904563012, 0.48884905438258797]
,[0.40577019045630364, 0.4888490543826082]
,[0.4057701904562273, 0.48884905438250825]
,[0.4057701904563423, 0.4888490543825004]
,[0.4057701904562096, 0.48884905438254367]
,[0.40577019045633855, 0.48884905438249066]
,[0.4057701904562886, 0.48884905438258053]
,[0.40577019045631496, 0.48884905438256493]
,[0.40577019045626844, 0.4888490543825212]
,[0.40577019045630053, 0.48884905438261933]
,[0.4057701904562928, 0.4888490543825205]
,[0.40577019045622736, 0.48884905438259013]
,[0.4057701904563402, 0.48884905438253695]
,[0.405770190456332, 0.48884905438262305]
,[0.40577019045625934, 0.48884905438259785]
,[0.40577019045621865, 0.48884905438260795]
,[0.40577019045628293, 0.48884905438257725]
,[0.4057701904563121, 0.48884905438262233]
,[0.4057701904563113, 0.48884905438258286]
,[0.40577019045625456, 0.48884905438252846]
,[0.4057701904562659, 0.4888490543825111]
,[0.4057701904562237, 0.48884905438251514]
,[0.4057701904563156, 0.48884905438256343]
,[0.4057701904562306, 0.48884905438251236]
,[0.4057701904563194, 0.4888490543825349]
,[0.40577019045625473, 0.4888490543825745]
,[0.4057701904563373, 0.488849054382583]
,[0.4057701904562817, 0.48884905438257326]
,[0.4057701904562512, 0.48884905438259046]
,[0.4057701904562338, 0.48884905438253606]
,[0.4057701904562766, 0.4888490543825841]
,[0.40577019045623486, 0.4888490543825782]
,[0.4057701904562936, 0.48884905438260956]
,[0.4057701904562579, 0.48884905438251725]
]}