{
"parameters":[2, 2, 2, 2, 20, 60]
,"current_iter":29,"domain":[[-5.12, -5.12]
,[5.12, 5.12]
],"result":[21.52119097130058, 10.208893586800333, 18.264303909356144, 18.261716570975718, 10.182861479882195, 34.390260719611334, 21.10553951495048, 5.7908512336547275, 33.70537460519807, 18.02826792989051, 11.928818903219101, 10.555763694209462, 5.229067456133402, 7.843319057622942, 28.944823600207503, 10.298257229431638, 20.570728467728657, 10.797727347505974, 16.50989968493638, 5.035896589443837]
,"population":[[-5.12, -1.8110164839008562]
,[-2.5561040083281092, -4.548953508628266]
,[-1.9444648566387528, -1.7361942292929784]
,[-0.38842553184422624, -3.473925674597787]
,[-4.498108497115451, -5.12]
,[-5.12, -3.7293646444650315]
,[-5.12, 0.9024699670727871]
,[-1.8760509287741742, -0.9751162640595761]
,[-5.12, -5.12]
,[-5.12, -4.521566452933964]
,[-5.12, -0.7104490385616482]
,[-3.7177424012097724, -1.3084369019829285]
,[-1.979608660576686, -1.0292861857233628]
,[-2.224779337944653, -4.349148099520706]
,[-5.12, 2.315349924398933]
,[-1.6136227884922711, -0.802224809274589]
,[-5.12, -2.0008846212960827]
,[-2.8226633279710596, -1.1987184551215428]
,[-3.8869727244285293, -4.577783228353022]
,[-1.9723217347898174, -0.9954395255922033]
],"den":[[0.6500459682584155, 0.7214145942618496]
,[0.6500459682584155, 0.7214145942618523]
,[0.6500459682584139, 0.7214145942618496]
,[0.6500459682584143, 0.7214145942618505]
,[0.6500459682584143, 0.7214145942618521]
,[0.6500459682584161, 0.7214145942618496]
,[0.6500459682584155, 0.7214145942618511]
,[0.650045968258416, 0.7214145942618505]
,[0.6500459682584155, 0.7214145942618502]
,[0.6500459682584169, 0.7214145942618525]
,[0.6500459682584153, 0.7214145942618514]
,[0.6500459682584142, 0.7214145942618525]
,[0.6500459682584159, 0.7214145942618517]
,[0.6500459682584161, 0.7214145942618526]
,[0.650045968258414, 0.7214145942618496]
,[0.6500459682584147, 0.7214145942618496]
,[0.6500459682584141, 0.7214145942618525]
,[0.6500459682584147, 0.7214145942618507]
,[0.650045968258415, 0.7214145942618507]
,[0.6500459682584159, 0.7214145942618523]
],"vol":[[0.21387102691976828, 0.46184207816260164]
,[0.2138710269197673, 0.46184207816260064]
,[0.21387102691976642, 0.46184207816260114]
,[0.2138710269197693, 0.4618420781626007]
,[0.2138710269197678, 0.4618420781626014]
,[0.21387102691976878, 0.46184207816259915]
,[0.21387102691976814, 0.4618420781626003]
,[0.21387102691976656, 0.4618420781626021]
,[0.21387102691976717, 0.4618420781626022]
,[0.2138710269197685, 0.4618420781625998]
,[0.213871026919768, 0.46184207816260014]
,[0.21387102691976909, 0.4618420781626016]
,[0.213871026919767, 0.46184207816260053]
,[0.2138710269197683, 0.46184207816260003]
,[0.21387102691976645, 0.46184207816260164]
,[0.21387102691976764, 0.4618420781626]
,[0.21387102691976673, 0.46184207816260026]
,[0.2138710269197672, 0.4618420781626005]
,[0.21387102691976678, 0.4618420781626008]
,[0.21387102691976756, 0.4618420781626001]
]}