{
"parameters":[2, 2, 2, 2, 40, 40]
,"current_iter":14,"domain":[[-5.12, -5.12]
,[5.12, 5.12]
],"result":[29.477350018953103, 32.33673161699805, 2.0193789868477623, 4.684447353770711, 8.306612842819577, 9.084659996118116, 27.17724955779783, 29.225852787222834, 26.296213533289073, 9.133210275997225, 19.149392098421416, 11.652987536959301, 23.95502563416463, 8.87303366481293, 21.8348149868932, 22.259041317975743, 12.08887110947027, 12.112728060944514, 33.93113250229559, 13.417591287028584, 23.843166107649214, 10.102387056023758, 13.76187689513229, 20.07557995883365, 20.64881484365912, 14.295622412546619, 17.071733944450415, 1.7451347811505293, 4.710953121993547, 2.456068119303188, 11.691891367887102, 2.4981337450816756, 15.901615270010758, 17.959937536791553, 20.380927701872135, 2.239194996970255, 19.527094725315646, 19.90290491475219, 10.99448607885413, 13.297144801291331]
,"population":[[5.12, -0.37400662996504747]
,[5.12, -2.464509042813872]
,[1.0101819768455462, -0.09393117202947722]
,[2.8000997174773237, 0.9691772334199401]
,[5.12, -0.13432092697703707]
,[0.2299201782203919, -0.03833187574217807]
,[5.12, -1.2929941543676908]
,[5.12, -0.07723069757179973]
,[5.12, 5.12]
,[1.7811053677490873, 5.12]
,[-0.8735563302630972, 1.5722152715553723]
,[3.2659499788162663, -0.07296135551985514]
,[2.761644633985378, 5.12]
,[5.12, -0.5930066978389231]
,[5.12, 1.0167494848659309]
,[1.483174914659922, -0.024105321915205792]
,[1.8068172306011039, -0.11029519095948123]
,[5.12, 1.6068940523751105]
,[5.12, 0.7176165993703163]
,[0.22252505224608043, 3.0454211392445334]
,[2.291325179747827, -0.3244459390680898]
,[-0.19538639650060696, 1.3382979247276081]
,[2.2086165814283096, 2.0531767370791876]
,[3.808395780129205, -1.7080967973522356]
,[1.9384698007971608, 4.014164355884047]
,[-5.12, -0.8326218823920374]
,[1.785077686318866, 4.080215486390714]
,[0.9656484841897203, -0.05436145355453681]
,[-0.020860773171771818, -0.15920070239861306]
,[0.9438862475700908, 1.6225898639483263]
,[1.0144980148399547, -1.235570188215529]
,[0.9584768995206067, -1.0302174493087475]
,[1.2539816749710737, 2.0122769395754694]
,[4.06740118757583, -0.05205178161494818]
,[5.12, 2.2082289151393506]
,[0.9575329604427483, 1.4824000344018504]
,[0.7073009789552716, 1.5453535843482622]
,[5.12, -0.186768523863513]
,[0.880508958696714, 1.2367178669662482]
,[0.6259357609467128, -0.3652525244617561]
],"den":[[0.7598476276076197, 0.483568954383224]
,[0.7598511980976764, 0.4835736080774704]
,[0.7598462121863074, 0.48357115141220974]
,[0.7598482050496957, 0.4835695271807386]
,[0.759847919376598, 0.48356909034218964]
,[0.7598460317836659, 0.48357337243034043]
,[0.7598500375293326, 0.48356879073244613]
,[0.759845612107303, 0.48357305394128086]
,[0.7598500861132506, 0.48356930954352456]
,[0.7598523511600669, 0.48356879811304393]
,[0.7598518966103011, 0.48356851348860597]
,[0.7598481675766302, 0.48356937395715444]
,[0.7598491869414661, 0.48357213730706794]
,[0.7598479708518497, 0.4835702104053141]
,[0.7598478555047746, 0.4835721030032215]
,[0.7598467079152658, 0.48356851092727615]
,[0.7598487934069403, 0.48357362502710316]
,[0.7598457172149312, 0.48356903723178984]
,[0.7598481709873477, 0.48357344313566103]
,[0.7598464964157184, 0.4835725153776089]
,[0.7598467795380212, 0.4835748822981268]
,[0.759847047500961, 0.483571998801588]
,[0.7598505327539649, 0.4835711300842075]
,[0.7598500999103125, 0.48356980195043464]
,[0.759849294366502, 0.48357232688132695]
,[0.7598513916312667, 0.48357202544060973]
,[0.7598522630347239, 0.48357225491399974]
,[0.7598489993981664, 0.4835688409189228]
,[0.7598492622384039, 0.48356864062897614]
,[0.759849551446027, 0.48357182135604104]
,[0.7598496173278805, 0.4835747403233977]
,[0.7598511656109531, 0.4835716023664994]
,[0.7598472675664129, 0.48357299955556693]
,[0.759849858374888, 0.48357180801201016]
,[0.7598493776900281, 0.4835716316360714]
,[0.7598510184819572, 0.48357175257108836]
,[0.759846714457312, 0.48357422648005366]
,[0.7598481064918898, 0.48357216383005497]
,[0.7598518620536387, 0.4835721118666998]
,[0.7598474882612296, 0.48356879032361494]
],"vol":[[0.6986682605006713, 0.5179038646838313]
,[0.6986733590004299, 0.5179029580169424]
,[0.6986683813719806, 0.5179029250003951]
,[0.6986683371998401, 0.5179061699672605]
,[0.698668930480616, 0.517905207729104]
,[0.6986716322130876, 0.5179019772328747]
,[0.6986692616928107, 0.5179002947295656]
,[0.6986727740343651, 0.5179050406783197]
,[0.6986734192178302, 0.5179001322883514]
,[0.6986713418090892, 0.5179008522196191]
,[0.6986741300536427, 0.5179022724476272]
,[0.698669691661088, 0.5179029975439328]
,[0.6986721389851603, 0.5179051737171269]
,[0.6986717081388008, 0.5179020975013462]
,[0.6986718190105679, 0.517901804123559]
,[0.6986703945725045, 0.5179063307450443]
,[0.6986691177741686, 0.5179047677863365]
,[0.6986685625080675, 0.5179004178665647]
,[0.6986733532993549, 0.5179021268170174]
,[0.6986685606155422, 0.5179030997477042]
,[0.6986749263789978, 0.5179040340051682]
,[0.6986707902661069, 0.5179037014891228]
,[0.6986701966534982, 0.5179053048282827]
,[0.6986724154341729, 0.5179065801051158]
,[0.6986701779244125, 0.5179048000310246]
,[0.6986736522739715, 0.5179017541048578]
,[0.6986723217457451, 0.5179010416623802]
,[0.6986745305889598, 0.5179064163967639]
,[0.6986738817019101, 0.5179048394999688]
,[0.6986698348166942, 0.5179004477773189]
,[0.6986695027792041, 0.5179030975461346]
,[0.6986735635860178, 0.5179035086996625]
,[0.6986705827811964, 0.5179057678521507]
,[0.6986748637464765, 0.5179054578119122]
,[0.6986686526881148, 0.5179022100407447]
,[0.6986702213508312, 0.5179020438998819]
,[0.6986734013894911, 0.517900692658321]
,[0.6986748355763173, 0.5179007363334819]
,[0.6986697286304908, 0.5179055957426129]
,[0.6986735964675476, 0.5179062725134611]
]}