{
"parameters":[2, 2, 2, 2, 40, 40]
,"current_iter":27,"domain":[[-5.12, -5.12]
,[5.12, 5.12]
],"result":[17.36750616292059, 30.024583481300173, 1.3159329161175712, 0.008462559722591578, 1.3003308873859165, 1.049548139858853, 10.11612694869144, 0.005163248425139599, 13.243945222613377, 1.1830499801552286, 12.38311171983055, 0.5244431547956854, 20.987969457058046, 8.87303366481293, 7.900656394100396, 0.3577410818897633, 3.2263310870995525, 12.112728060944514, 15.982415798133642, 5.631731723911934, 2.4552221766055027, 2.8831556436507366, 13.76187689513229, 6.003907461943467, 0.22371856536743095, 1.13733272686542, 2.924406941917603, 1.1656790475733203, 0.0905586477967244, 2.456068119303188, 0.010051841154540497, 2.4981337450816756, 0.34246547392663906, 8.833846546880284, 4.726738520846119, 2.239194996970255, 6.856018729571456, 1.082859432836063, 1.9502315923229379, 10.947486603221725]
,"population":[[5.12, 0.014399635304566411]
,[5.12, -0.6761981975559198]
,[-0.8307777659827659, 0.008954349354860764]
,[-0.0033320491555107745, 0.005617547805364551]
,[-0.9356239443852332, -0.052686017844032304]
,[-0.9000118110404829, -0.0002724024292881091]
,[-3.3020936231605984, 0.005014477943593613]
,[0.003505769856159762, -0.0037062332962669343]
,[0.6793101884498378, -0.5579502694326716]
,[0.018630350840572706, -0.8471409447123215]
,[1.056485067456348, -0.31365478356251986]
,[0.050072105705523444, 0.012523632063863388]
,[-0.5319517831724392, -0.23641064533668527]
,[1.5985789137127882, -0.1686832987966305]
,[-0.2529466971917206, -1.0481126140719779]
,[0.013385177337551433, 0.04850641341770244]
,[0.8437652596980214, 0.009264563836319064]
,[0.7692533683839653, 0.20370104867881517]
,[0.150544617768992, 0.7296113843698612]
,[0.01248472042195404, -1.500610007272184]
,[0.3222161494235956, -0.03310882996126299]
,[-0.030617648660733868, -1.2031943264538512]
,[0.14087117544488692, 0.5404948192412747]
,[0.0007491877449139058, 1.1602971723642048]
,[-0.027436259340241513, -0.019422380085068365]
,[-1.155350085499603, 0.005853665148016784]
,[0.3160007981486525, 0.014487932418013369]
,[-0.9581984141893293, 0.010749947393829538]
,[0.020050075761878873, 0.0074159337207564]
,[-1.2569313496766974, 1.0999321528875594]
,[0.006889138090933021, -0.0017926865794225012]
,[-1.065758187215924, 1.4450414024114564]
,[0.04165398703991165, -0.0009910309252850699]
,[0.28095748426708694, -0.011296339955082281]
,[-2.5202498822113, -0.08524749279304014]
,[-0.8314680488745896, 0.8347247388266309]
,[-2.1058743765764336, 0.038263165304052354]
,[0.00826251165529865, -1.0143229905767481]
,[-0.42987333686179774, -0.0016220053056927267]
,[-0.9983267080233453, 0.24822794183065638]
],"den":[[0.7598480711098763, 0.48356961239059487]
,[0.7598480715967088, 0.48356961302512097]
,[0.7598480709168851, 0.48356961269015736]
,[0.75984807118861, 0.4835696124686952]
,[0.7598480711496587, 0.4835696124091327]
,[0.7598480708922875, 0.4835696129929907]
,[0.7598480714384666, 0.4835696123682812]
,[0.7598480708350651, 0.48356961294956513]
,[0.7598480714450908, 0.4835696124390206]
,[0.7598480717539275, 0.4835696123692876]
,[0.7598480716919502, 0.48356961233047935]
,[0.7598480711835005, 0.4835696124478033]
,[0.7598480713224898, 0.48356961282458305]
,[0.7598480711566773, 0.4835696125618521]
,[0.7598480711409499, 0.48356961281990574]
,[0.7598480709844773, 0.48356961233013007]
,[0.7598480712688318, 0.48356961302743207]
,[0.7598480708493963, 0.48356961240189117]
,[0.7598480711839656, 0.48356961300263135]
,[0.7598480709556396, 0.48356961287613254]
,[0.759848070994243, 0.48356961319885955]
,[0.7598480710307793, 0.483569612805698]
,[0.7598480715059899, 0.4835696126872493]
,[0.7598480714469721, 0.4835696125061597]
,[0.759848071337137, 0.48356961285043126]
,[0.7598480716230969, 0.48356961280933014]
,[0.7598480717419117, 0.4835696128406186]
,[0.7598480712969184, 0.48356961237512414]
,[0.7598480713327564, 0.4835696123478148]
,[0.7598480713721896, 0.48356961278150346]
,[0.7598480713811725, 0.4835696131795015]
,[0.7598480715922792, 0.48356961275164445]
,[0.7598480710607851, 0.4835696129421497]
,[0.759848071414039, 0.483569612779684]
,[0.7598480713484982, 0.48356961275563537]
,[0.7598480715722183, 0.4835696127721247]
,[0.7598480709853692, 0.48356961310943947]
,[0.7598480711751717, 0.48356961282819944]
,[0.7598480716872384, 0.48356961282111427]
,[0.7598480710908766, 0.4835696123682255]
],"vol":[[0.6986724763730968, 0.5179052426485582]
,[0.6986724770682716, 0.5179052425249351]
,[0.6986724763895774, 0.5179052425204334]
,[0.6986724763835546, 0.517905242962881]
,[0.6986724764644477, 0.5179052428316809]
,[0.6986724768328261, 0.5179052423912063]
,[0.6986724765096082, 0.5179052421617988]
,[0.6986724769885122, 0.5179052428089037]
,[0.6986724770764822, 0.5179052421396501]
,[0.6986724767932297, 0.517905242237812]
,[0.698672477173404, 0.5179052424314585]
,[0.698672476568234, 0.5179052425303245]
,[0.6986724769019239, 0.5179052428270434]
,[0.6986724768431785, 0.5179052424076047]
,[0.6986724768582957, 0.517905242367603]
,[0.6986724766640752, 0.5179052429848029]
,[0.6986724764899851, 0.5179052427716951]
,[0.6986724764142752, 0.5179052421785884]
,[0.6986724770674944, 0.5179052424116019]
,[0.6986724764140171, 0.51790524254426]
,[0.698672477281982, 0.517905242671645]
,[0.6986724767180276, 0.5179052426263068]
,[0.6986724766370891, 0.5179052428449202]
,[0.6986724769396174, 0.5179052430188028]
,[0.6986724766345355, 0.5179052427760917]
,[0.6986724771082592, 0.5179052423607831]
,[0.6986724769268431, 0.5179052422636423]
,[0.6986724772280165, 0.5179052429964814]
,[0.6986724771395414, 0.5179052427814733]
,[0.698672476587753, 0.5179052421826666]
,[0.6986724765424801, 0.5179052425439598]
,[0.6986724770961666, 0.5179052426000201]
,[0.6986724766897372, 0.5179052429080531]
,[0.6986724772734422, 0.5179052428657794]
,[0.698672476426571, 0.5179052424229493]
,[0.6986724766404565, 0.5179052424002962]
,[0.6986724770740513, 0.5179052422160559]
,[0.6986724772696011, 0.5179052422220111]
,[0.6986724765732747, 0.5179052428845861]
,[0.69867247710065, 0.517905242976863]
]}