{
"parameters":[2, 2, 2, 2, 40, 40]
,"current_iter":6,"domain":[[-5.12, -5.12]
,[5.12, 5.12]
],"result":[24.444789825924875, 26.72086544358242, 16.688598248990253, 35.36836500957624, 22.015893385287008, 36.54762184824908, 23.220369887817842, 17.689392009505948, 9.194011740940887, 5.136058656291695, 32.983563202134725, 29.90813049700501, 28.320709873487072, 11.900868837970943, 22.584283233569526, 23.494382804658343, 9.372212831102065, 21.006743611801767, 15.85533039677022, 37.45855048007979, 28.931921955317534, 2.6857806180950057, 30.174669757032532, 38.39477397815864, 29.980523165951915, 10.4102366230677, 24.595971258694433, 14.345450671322238, 30.91332305182629, 34.46792045084034, 33.17558353164848, 37.329186859591395, 22.93776611775248, 26.63409532693507, 12.998040749141587, 13.05497858298163, 30.46434227463052, 13.714847497363069, 28.294325805029416, 10.785658708413756]
,"population":[[-2.6643965562060354, -1.074253776297184]
,[-2.4503272739283246, -2.8327990271991554]
,[0.1983354278533641, -4.505225331419205]
,[-5.12, -4.933710229935118]
,[1.9167153366693372, -5.12]
,[-5.12, 5.12]
,[-5.12, -2.0335363324684095]
,[5.12, -1.0794684298807036]
,[-0.0754587613959819, -3.8505189474663597]
,[1.5505092657443482, -0.9621338543756335]
,[-5.12, 2.0098761776662575]
,[-5.12, -1.4416037923830007]
,[0.4742334293946123, -5.12]
,[-5.12, -0.8157491862999627]
,[4.296405934526393, -0.5672813076629569]
,[-1.3970942491191405, -1.1108027088992014]
,[5.12, -2.8992255797793183]
,[3.178203790138806, -3.171997651993408]
,[4.0702999458877, -4.27345507480017]
,[5.12, -3.941145549930473]
,[-0.006028065436608693, -5.12]
,[-0.06434902596678388, -0.5984067248851099]
,[-0.17471071590568304, 5.12]
,[-5.12, 4.883196011852979]
,[0.7447020831560226, 5.12]
,[-1.3668345691345865, -5.12]
,[0.22072153186103471, -3.931075685046721]
,[-0.08391826717453527, -2.8343107329220025]
,[-4.355443326572255, -5.12]
,[-2.9291103266118856, -4.208568406903051]
,[-5.12, -3.2532260847813337]
,[5.12, -5.12]
,[-5.12, -0.7358417785518472]
,[5.12, -1.1766902329523767]
,[4.3135270098320415, -5.12]
,[0.30349656597260416, -5.12]
,[2.5259820775886164, 3.5210167100195138]
,[-0.32158195385325156, -5.12]
,[-1.1874972738516698, -5.12]
,[-0.11632485348866975, -2.140238396825218]
],"den":[[0.3534299791047495, 0.459389048201701]
,[0.3537037524837546, 0.4598449250610374]
,[0.35386595397094184, 0.4596075115246963]
,[0.35382494711277523, 0.4595092711938095]
,[0.3537493096929646, 0.4595288907853902]
,[0.354488821370385, 0.4591614125982594]
,[0.35457268059160907, 0.4600590115454949]
,[0.35393682363928747, 0.45945872000064697]
,[0.354065491002906, 0.4593340413293854]
,[0.35359322787137154, 0.4595780221243494]
,[0.3535758856311736, 0.45966459018523453]
,[0.3535407142798691, 0.45947400194422594]
,[0.3540418152287604, 0.45964053101217156]
,[0.3542419401266423, 0.45954216359154904]
,[0.3534940580203891, 0.45917485524561175]
,[0.3540315892729022, 0.45903859006864717]
,[0.35349790730272646, 0.45981643967308977]
,[0.3538892970162916, 0.4593061827333445]
,[0.3540762798739971, 0.4592262705978085]
,[0.3534198266008423, 0.45964221643612946]
,[0.3542656260111275, 0.45919726837419916]
,[0.3542791274601449, 0.45897454906464097]
,[0.3542390587389644, 0.4601175932075196]
,[0.3537103074508205, 0.45981129980592234]
,[0.3538413125744904, 0.4600490475283554]
,[0.3542403762129605, 0.4594446192227933]
,[0.35342984882421913, 0.4589974844643825]
,[0.35385759391189286, 0.45976687352096346]
,[0.3536733779402371, 0.4593985839000009]
,[0.3544233993598611, 0.4593051894322353]
,[0.35454260448240865, 0.45975219231369097]
,[0.3540491151024737, 0.4590233465489155]
,[0.353829034128908, 0.4592625563981498]
,[0.35449775848041565, 0.45963484676303573]
,[0.3534749866036248, 0.4597868161508914]
,[0.3534113838980723, 0.4597635212163147]
,[0.35446200541916567, 0.459498742348404]
,[0.3541752562665556, 0.4597869905709339]
,[0.35347628992885577, 0.45990651179773784]
,[0.35416318713691264, 0.4596364105548018]
],"vol":[[0.40675484033093157, 0.48791328138463386]
,[0.4062395960040866, 0.48812678744941557]
,[0.40620264173403625, 0.4881692297232754]
,[0.4060838765357295, 0.4880182626097613]
,[0.405836245291544, 0.4889505238806289]
,[0.4067168928809923, 0.4884233408541607]
,[0.4064967456771831, 0.48868869609499893]
,[0.4065188176202602, 0.488869665419581]
,[0.4058354333707646, 0.487975143817454]
,[0.4068646661496046, 0.48790536050237837]
,[0.40567694842897933, 0.4882921947459168]
,[0.40683132627116897, 0.48781753580795445]
,[0.40638417016199646, 0.4886218670178124]
,[0.4066201310509567, 0.4884827543917871]
,[0.40620372842495645, 0.488090956192792]
,[0.4064903979109065, 0.4889695380058447]
,[0.40642181525476495, 0.488085008553105]
,[0.405835796574445, 0.4887081084647633]
,[0.406846114434027, 0.48823177316258337]
,[0.4067723628145927, 0.48900266818259375]
,[0.40612190717368896, 0.4887771933013025]
,[0.4057580436593603, 0.48886764611115735]
,[0.4063335146381824, 0.4885927233195998]
,[0.4065944371475672, 0.48899625944039066]
,[0.40658713096354787, 0.4886426181344486]
,[0.4060793367627715, 0.4881559006159648]
,[0.4061807080721732, 0.4880006216246034]
,[0.4058029949069626, 0.4880364870276238]
,[0.4066259482147534, 0.48846910557280376]
,[0.4058646974261251, 0.48801178868863804]
,[0.4066599131233624, 0.488213561550348]
,[0.4060808594317789, 0.48856781544046474]
,[0.4068196937326168, 0.48864453067136016]
,[0.4063226226237811, 0.4885570536499713]
,[0.4060492281034385, 0.48871096708188094]
,[0.40589344819378087, 0.4882240554722447]
,[0.40627678651200205, 0.4886537155616153]
,[0.4059032970145653, 0.48860107471397224]
,[0.40642868169245117, 0.48888193965009236]
,[0.40610911342614053, 0.488055635230955]
]}