{
"parameters":[2, 2, 2, 2, 40, 40]
,"current_iter":14,"domain":[[-5.12, -5.12]
,[5.12, 5.12]
],"result":[9.476827691041455, 1.191333736606543, 13.410102345139723, 30.19627187578816, 2.23584456278253, 6.714724292978746, 23.220369887817842, 17.689392009505948, 9.194011740940887, 4.371442016983057, 20.752468431057427, 29.90813049700501, 4.455090705050555, 10.497900638983358, 18.133909663304642, 3.59997995009803, 9.372212831102065, 5.528162805385043, 15.85533039677022, 24.574748369632967, 23.204083873965423, 2.6857806180950057, 30.174669757032532, 29.012206269597524, 29.980523165951915, 8.189405063406308, 7.358459727248077, 14.345450671322238, 21.691483763559518, 7.329252391040713, 23.564829169793956, 7.66293238904921, 21.516806042096356, 26.63409532693507, 12.998040749141587, 13.05497858298163, 23.828023511373875, 13.714847497363069, 23.164095849577684, 10.785658708413756]
,"population":[[5.12, 1.7989782893696538]
,[0.9701255164689125, 0.01939512017926459]
,[-1.3012470909511973, 3.206613419626481]
,[3.5769328238128577, 0.914307931830588]
,[2.609618809991529, 0.34703475633580594]
,[4.073679294332173, -0.14808769014187487]
,[-2.797663372303436, -0.5321980325296688]
,[5.12, -0.3755450076750187]
,[0.5508348237335474, 0.4817541615016784]
,[1.1167604309461452, 1.373355873338986]
,[0.15849741575282417, 5.12]
,[-5.12, 1.5123951771846684]
,[1.630071527825868, -0.7531899368950518]
,[-0.9466391452790693, 0.7748564024776015]
,[5.12, 3.643311710505376]
,[1.0270453014023935, 0.7653009376691214]
,[2.758375744637751, 0.022355719282603697]
,[0.9745614046115852, -0.15591137296252597]
,[3.991001705418876, -2.892494020478722]
,[-0.6189750066183956, 1.1752960424452448]
,[2.683982923433745, -0.69286478172197]
,[1.543430202139374, 2.5910089564559127]
,[1.3729457449485976, 2.450420980262026]
,[5.12, -0.12518670666306334]
,[5.12, 5.12]
,[1.1150472297620446, -0.8582974561187316]
,[1.6141461926049492, -0.10429023423799856]
,[1.2169774400426894, 5.12]
,[5.0665476960336715, 2.8730473014447195]
,[2.186742796184926, 3.3100590669259464]
,[0.7066900439118832, -1.7959609518821804]
,[-0.317561197828936, 0.19277438363568436]
,[-1.1044587426727617, 0.6062866971161393]
,[5.12, -0.44830875065805287]
,[4.765722936561355, -4.534016687779253]
,[1.0146795413068839, -4.255443171485782]
,[-1.3546140700004208, -2.4534277993438667]
,[2.717268828177398, -4.618109641480544]
,[2.807010170943563, 5.12]
,[1.2894212815581128, 5.12]
],"den":[[0.35426372444048004, 0.4589946637908959]
,[0.35426472686888133, 0.4589963329959623]
,[0.35426532077387707, 0.4589954637000777]
,[0.3542651706261913, 0.4589951039905319]
,[0.3542648936777967, 0.45899517582818056]
,[0.35426760141918195, 0.45899383029716884]
,[0.35426790847191797, 0.4589971168792351]
,[0.3542655802650248, 0.4589949188960134]
,[0.35426605138394834, 0.45899446238179153]
,[0.35426432218011683, 0.4589953557238656]
,[0.35426425868104994, 0.458995672695089]
,[0.3542641299002255, 0.4589949748512503]
,[0.3542659646944809, 0.45899558460179635]
,[0.35426669745703865, 0.45899522442690804]
,[0.35426395906710884, 0.4589938795177744]
,[0.35426592725187556, 0.45899338057925815]
,[0.354263973161357, 0.4589962286959679]
,[0.3542654062450493, 0.45899436037681207]
,[0.3542660908876825, 0.45899406777643376]
,[0.35426368726682095, 0.4589955907730203]
,[0.35426678418352536, 0.45899396158403205]
,[0.35426683361943473, 0.45899314609144387]
,[0.35426668690676216, 0.4589973313775258]
,[0.35426475087006504, 0.4589962098762096]
,[0.35426523054875825, 0.4589970803957253]
,[0.3542666917307277, 0.4589948672656458]
,[0.35426372396345446, 0.458993230070011]
,[0.35426529016330177, 0.45899604720820303]
,[0.3542646156516943, 0.4589946987061051]
,[0.35426736187477614, 0.458994356739814]
,[0.35426779834745603, 0.4589959934525779]
,[0.3542659914231598, 0.4589933247647112]
,[0.3542651855909079, 0.4589942006378426]
,[0.35426763414264456, 0.4589955637887692]
,[0.35426388923661656, 0.4589961202286651]
,[0.3542636563536435, 0.45899603493365176]
,[0.3542675032318739, 0.4589950654388885]
,[0.3542664532923375, 0.4589961208673087]
,[0.35426389400877606, 0.45899655849741255]
,[0.3542664091009031, 0.4589955695146337]
],"vol":[[0.4057719826210604, 0.4888483220055772]
,[0.40577009604045605, 0.4888491037636282]
,[0.4057699607314279, 0.4888492591671261]
,[0.4057695258695421, 0.48884870639708405]
,[0.40576861916125245, 0.4888521198961566]
,[0.4057718436754781, 0.4888501896016907]
,[0.4057710376007226, 0.4888511612068585]
,[0.40577111841772046, 0.48885182383078263]
,[0.40576861618838334, 0.4888485485164961]
,[0.40577238475117344, 0.4888482930030593]
,[0.4057680358916159, 0.48884970940677874]
,[0.4057722626763349, 0.48884797143063924]
,[0.40577062540252373, 0.4888509165104411]
,[0.40577148937950186, 0.4888504071459156]
,[0.4057699647103752, 0.4888489725665432]
,[0.40577101435820995, 0.48885218951687437]
,[0.40577076324101735, 0.48884895078910456]
,[0.4057686175182631, 0.4888512322857591]
,[0.4057723168235807, 0.48884948817156804]
,[0.40577204678009354, 0.48885231082388464]
,[0.40576966511971957, 0.4888514852416984]
,[0.40576833282392705, 0.4888518164370319]
,[0.4057704399259959, 0.48885080980002643]
,[0.40577139530060125, 0.4888522873581072]
,[0.4057713685488171, 0.4888509924911985]
,[0.40576950924704447, 0.48884921036225043]
,[0.40576988042075024, 0.48884864180415455]
,[0.40576849741409804, 0.4888487731262675]
,[0.4057715106791995, 0.48885035717040726]
,[0.4057687233394888, 0.48884868269265214]
,[0.4057716350426024, 0.48884942148927263]
,[0.405769514822337, 0.4888507185991743]
,[0.40577222008349023, 0.48885099949400246]
,[0.4057704000445997, 0.48885067919459646]
,[0.4057693990033993, 0.4888512427526605]
,[0.4057688286111781, 0.4888494599130427]
,[0.4057702322144754, 0.48885103312471884]
,[0.4057688646728934, 0.4888508403788758]
,[0.4057707883826589, 0.4888518687731993]
,[0.4057696182750776, 0.4888488432379159]
]}