{
"parameters":[2, 2, 2, 2, 40, 40]
,"current_iter":20,"domain":[[-5.12, -5.12]
,[5.12, 5.12]
],"result":[9.476827691041455, 1.191333736606543, 13.327363424774468, 6.72684504393722, 2.23584456278253, 6.714724292978746, 18.716683365186462, 17.689392009505948, 1.355388493319932, 4.371442016983057, 19.33445612642388, 0.9983543361387675, 4.455090705050555, 10.497900638983358, 18.133909663304642, 3.59997995009803, 1.51051745999286, 1.0231160893975222, 15.85533039677022, 12.793481796585015, 10.689296645177487, 2.6857806180950057, 3.434124934587653, 20.589786988506283, 29.980523165951915, 8.189405063406308, 7.358459727248077, 14.345450671322238, 21.691483763559518, 7.329252391040713, 23.07885303909235, 7.66293238904921, 1.4276257086117319, 26.63409532693507, 12.998040749141587, 13.05497858298163, 16.725792792552408, 13.714847497363069, 23.164095849577684, 10.785658708413756]
,"population":[[3.1218986778101363, 1.4040080456400408]
,[1.020083369497257, -0.02152908918956944]
,[-2.0427232953734533, 1.207137809296919]
,[1.1954570999254417, 1.7167982864211337]
,[2.627888163626789, 1.3822441604447542]
,[1.8674839882913203, -0.18389419338233043]
,[5.12, 1.5546274523974695]
,[1.831054066961909, -4.3531363968587]
,[0.9191461192365471, -0.0002712899015153634]
,[0.990844726984205, 0.1410990128897914]
,[1.8441263802677024, -5.12]
,[0.9908262999274657, 0.00022782179254898435]
,[4.597282445182982, -2.0020833148543953]
,[3.514516428992916, -1.4980218326546433]
,[3.5294479470096203, 3.7097629697601664]
,[1.0502688181017166, 2.1063776854877467]
,[0.08828832669523512, 0.003978053083443539]
,[0.9585569939234695, -0.009510629214783151]
,[1.9152973296675722, -1.5066664124342675]
,[-1.1676868775334275, 0.3999997236172516]
,[1.4929434299112865, -0.045204464091382415]
,[2.727719182471438, 0.6417037896144335]
,[-0.053839217393029104, -0.12319765872070025]
,[-2.7503554175181963, 0.3696478972038776]
,[2.432470121567049, 2.7890446088952787]
,[0.8300405501174061, 1.355817121760433]
,[3.1562814685379434, -0.3970819861081682]
,[2.585590805945381, 0.19761542547222793]
,[3.4060614033913637, 0.08805519300886498]
,[2.032728483742074, 1.4888446314507995]
,[1.4546507630243048, 0.9515019665593815]
,[0.5979709733398724, 0.1869061505620854]
,[-1.0364441368292292, 0.021595437906664072]
,[5.12, -1.1965730945232078]
,[3.298759855218133, -4.227079934550018]
,[3.1506028934852144, -3.3356584328073495]
,[3.135348206968527, 3.022251961542511]
,[1.802373528119527, -4.20395810765154]
,[3.395895433351609, 5.12]
,[2.1836343537546687, 2.235229452419181]
],"den":[[0.35426470059537407, 0.45899627357043427]
,[0.35426470116678277, 0.458996274521922]
,[0.35426470150532313, 0.45899627402640203]
,[0.3542647014197353, 0.4589962738213588]
,[0.35426470126186793, 0.458996273862308]
,[0.3542647028053468, 0.4589962730953224]
,[0.3542647029803743, 0.4589962749687546]
,[0.3542647016532394, 0.4589962737158504]
,[0.35426470192178877, 0.45899627345562616]
,[0.3542647009361003, 0.458996273964853]
,[0.35426470089990425, 0.45899627414553434]
,[0.354264700826496, 0.45899627374774626]
,[0.35426470187237363, 0.458996274095319]
,[0.35426470229006624, 0.4589962738900105]
,[0.354264700729117, 0.4589962731233794]
,[0.35426470185103043, 0.4589962728389722]
,[0.35426470073715105, 0.45899627446246843]
,[0.3542647015540438, 0.4589962733974808]
,[0.35426470194430687, 0.4589962732306914]
,[0.35426470057418413, 0.45899627409883675]
,[0.3542647023395024, 0.4589962731701592]
,[0.3542647023676821, 0.45899627270530846]
,[0.3542647022840523, 0.45899627509102386]
,[0.35426470118046405, 0.4589962744517407]
,[0.3542647014538926, 0.45899627494795814]
,[0.35426470228680207, 0.4589962736864198]
,[0.3542647005951021, 0.4589962727531783]
,[0.35426470148787437, 0.45899627435901597]
,[0.35426470110338626, 0.4589962735903368]
,[0.3542647026688006, 0.4589962733954076]
,[0.3542647029176007, 0.4589962743283739]
,[0.3542647018876096, 0.45899627280715655]
,[0.35426470142826555, 0.4589962733064257]
,[0.3542647028239999, 0.45899627408345506]
,[0.3542647006893119, 0.4589962744006394]
,[0.3542647005565629, 0.4589962743520192]
,[0.3542647027493776, 0.45899627379938346]
,[0.35426470215088635, 0.45899627440100343]
,[0.35426470069203214, 0.45899627465046333]
,[0.35426470212569616, 0.45899627408671895]
],"vol":[[0.4057701903989566, 0.4888490545661441]
,[0.4057701893235595, 0.4888490550117653]
,[0.40577018924643005, 0.4888490551003491]
,[0.40577018899854816, 0.48884905478525664]
,[0.40577018848170227, 0.48884905673103457]
,[0.40577019031975425, 0.4888490556307195]
,[0.4057701898602719, 0.48884905618455826]
,[0.40577018990633956, 0.48884905656227007]
,[0.4057701884800076, 0.4888490546952608]
,[0.40577019062818065, 0.4888490545496119]
,[0.4057701881492243, 0.4888490553569967]
,[0.405770190558595, 0.48884905436630777]
,[0.40577018962530886, 0.4888490560450753]
,[0.40577019011779686, 0.48884905575472504]
,[0.4057701892486982, 0.4888490549369797]
,[0.4057701898470231, 0.4888490567707201]
,[0.4057701897038802, 0.48884905492456604]
,[0.4057701884807657, 0.48884905622507496]
,[0.40577019058946023, 0.4888490552308872]
,[0.40577019043552887, 0.48884905683986807]
,[0.40577018907792417, 0.488849056369266]
,[0.40577018831848294, 0.4888490565580555]
,[0.4057701895195827, 0.48884905598424777]
,[0.4057701900641696, 0.488849056826492]
,[0.4057701900489204, 0.4888490560883862]
,[0.4057701889890729, 0.48884905507252907]
,[0.405770189200651, 0.4888490547484371]
,[0.4057701884123034, 0.4888490548232939]
,[0.4057701901299382, 0.4888490557262378]
,[0.4057701885410864, 0.4888490547717445]
,[0.4057701902008284, 0.4888490551928767]
,[0.405770188992251, 0.488849055932261]
,[0.405770190534316, 0.48884905609237794]
,[0.40577018949684934, 0.4888490559097995]
,[0.40577018892623135, 0.48884905623104136]
,[0.4057701886010938, 0.48884905521477917]
,[0.40577018940118204, 0.4888490561115483]
,[0.4057701886216499, 0.48884905600167844]
,[0.4057701897182115, 0.48884905658788835]
,[0.4057701890512216, 0.48884905486325925]
]}