{
"parameters":[2, 2, 2, 2, 20, 60]
,"current_iter":40,"domain":[[-5.12, -5.12]
,[5.12, 5.12]
],"result":[21.52119097130058, 8.006870690050564, 15.194564681524717, 12.02187827043979, 4.2161079537749355, 17.753228311009458, 21.10553951495048, 3.6423389053117567, 0.5673919216529892, 0.2584435622509478, 1.5229208441641173, 5.431602396576746, 4.982819858204767, 7.843319057622942, 1.0425201621128632, 5.9096249195956325, 19.2253800430124, 10.797727347505974, 16.50989968493638, 5.035896589443837]
,"population":[[-0.7219657185646258, -0.7295039766440533]
,[-0.19925357827585977, 0.07522108937897137]
,[1.5179108420780356, 0.7626078059990743]
,[-0.26408237339688356, 0.07404975374162903]
,[-0.06743582370264321, -0.2076533706711655]
,[1.114195969241373, 0.31458021288268334]
,[-3.33715341447225, 0.7288727296125157]
,[-0.10395512662599182, -1.4327298570438534]
,[-0.007563752173957983, -0.05318692998936503]
,[0.030714923666836706, -0.01904269461207781]
,[0.24928091711798034, -0.10934746198395764]
,[2.25629868873333, 0.2799639467693219]
,[0.4409453870897287, 1.305854103649006]
,[0.6562486788505344, -0.5948400471712417]
,[-0.024474556535112713, 1.2113351079539123]
,[1.724263082947498, 0.17387804283592412]
,[1.1346313687381155, 1.2966157329718846]
,[1.3215151845987727, 0.8970891030494896]
,[-0.4295473154518536, -1.3536252176449424]
,[0.2027390745019295, 0.9599642736135188]
],"den":[[0.6500459682584158, 0.721414594261852]
,[0.6500459682584158, 0.721414594261852]
,[0.6500459682584158, 0.721414594261852]
,[0.6500459682584158, 0.721414594261852]
,[0.6500459682584158, 0.721414594261852]
,[0.6500459682584158, 0.721414594261852]
,[0.6500459682584158, 0.721414594261852]
,[0.6500459682584158, 0.721414594261852]
,[0.6500459682584158, 0.721414594261852]
,[0.6500459682584158, 0.721414594261852]
,[0.6500459682584158, 0.721414594261852]
,[0.6500459682584158, 0.721414594261852]
,[0.6500459682584158, 0.721414594261852]
,[0.6500459682584158, 0.721414594261852]
,[0.6500459682584158, 0.721414594261852]
,[0.6500459682584158, 0.721414594261852]
,[0.6500459682584158, 0.721414594261852]
,[0.6500459682584158, 0.721414594261852]
,[0.6500459682584158, 0.721414594261852]
,[0.6500459682584158, 0.721414594261852]
],"vol":[[0.2138710269197674, 0.46184207816260037]
,[0.2138710269197674, 0.46184207816260037]
,[0.2138710269197674, 0.46184207816260037]
,[0.2138710269197674, 0.46184207816260037]
,[0.2138710269197674, 0.46184207816260037]
,[0.2138710269197674, 0.46184207816260037]
,[0.2138710269197674, 0.46184207816260037]
,[0.2138710269197674, 0.46184207816260037]
,[0.2138710269197674, 0.46184207816260037]
,[0.2138710269197674, 0.46184207816260037]
,[0.2138710269197674, 0.46184207816260037]
,[0.2138710269197674, 0.46184207816260037]
,[0.2138710269197674, 0.46184207816260037]
,[0.2138710269197674, 0.46184207816260037]
,[0.2138710269197674, 0.46184207816260037]
,[0.2138710269197674, 0.46184207816260037]
,[0.2138710269197674, 0.46184207816260037]
,[0.2138710269197674, 0.46184207816260037]
,[0.2138710269197674, 0.46184207816260037]
,[0.2138710269197674, 0.46184207816260037]
]}