{
"parameters":[2, 2, 2, 2, 40, 40]
,"current_iter":39,"domain":[[-5.12, -5.12]
,[5.12, 5.12]
],"result":[1.0409205498858238, 0.9949590575204965, 0.9949590576819123, 0.9949590575178711, 1.7023555472956833, 0.9949590575241185, 0.9949590704263791, 0.9949590574670264, 0.9949590575192833, 0.9949590575241594, 3.9358376640978836, 0.9949590575190381, 4.455090705050555, 0.9949612974185076, 0.9949590575170522, 0.9949590575188871, 0.9957888770025445, 0.994959057522367, 1.1932512650561655, 0.994959057519182, 0.9949590575215588, 2.6857806180950057, 0.995013955889501, 0.994959057523813, 0.9949590575257989, 0.9949590575201963, 0.9949590882982502, 0.994959057529778, 0.99495905752838, 0.9949590575157892, 0.9949590575208322, 0.9949590575248646, 1.0986224029125466, 0.9949590605343737, 7.547868906075157, 0.9949590576544516, 0.9949590575191198, 0.99763593581552, 0.9949590618902793, 0.9954522834392847]
,"population":[[0.9798582258043789, -0.002039266752705723]
,[0.9949571705635099, -4.5389729113482464E-08]
,[0.9949571358132967, 8.441337031631905E-07]
,[0.9949571751259525, -4.6791734112255656E-08]
,[1.0482088953329072, 0.027379004705678892]
,[0.9949571642375921, -4.164349686591504E-08]
,[0.9949580389742366, 8.176031838202169E-06]
,[0.9949573579883993, -4.971035440617721E-07]
,[0.9949571727461815, -4.845975383687734E-08]
,[0.9949571644497859, -5.0566098447236496E-08]
,[1.0953480769556965, -0.07139681546649379]
,[0.99495717313062, -4.718742900002521E-08]
,[1.1868757022965295, -0.07908997223913859]
,[0.9948523451104376, 1.6213137226368857E-07]
,[0.9949571764009556, -4.236107047919888E-08]
,[0.9949571739557341, -6.234351471485224E-08]
,[0.992912893357711, 1.9189630171387913E-05]
,[0.9949571672186759, -4.0830077799089305E-08]
,[1.0265416907014577, -0.001918629148054334]
,[0.9949571740218536, -7.467398389848189E-08]
,[0.9949571687875635, -4.6956701469880895E-08]
,[1.0747930425928065, 0.05478175447959674]
,[0.9954562403857852, 0.0001709557031720382]
,[0.9949571645598219, 3.370907860223387E-08]
,[0.9949571615262487, -4.693507847238038E-08]
,[0.9949571712356817, -5.018458830851698E-08]
,[0.9949460930999628, -4.704812872818728E-08]
,[0.9949571626167265, -1.5966095362274577E-07]
,[0.9949571688951496, -1.920784859787163E-07]
,[0.9949571780354821, -1.4206457316333803E-08]
,[0.9949571693825834, -1.689566519041041E-08]
,[0.9949571630626272, -4.498095176804877E-08]
,[1.017731131725261, -0.0020713783930456212]
,[0.9949627990209372, -1.910520472514495E-07]
,[1.1839307104984378, -0.03010107335864111]
,[0.9949571760326661, -8.326382361772498E-07]
,[0.9949571730722383, -4.974537999607758E-08]
,[0.9950360296771321, -0.003672530357059993]
,[0.9949633566216951, 1.3862770085921082E-06]
,[0.9933870740141153, -0.00013347503937125168]
],"den":[[0.35426470088042555, 0.4589962737333443]
,[0.35426470088042555, 0.4589962737333443]
,[0.35426470088042555, 0.4589962737333443]
,[0.35426470088042555, 0.4589962737333443]
,[0.35426470088042555, 0.4589962737333443]
,[0.35426470088042555, 0.4589962737333443]
,[0.35426470088042555, 0.4589962737333443]
,[0.35426470088042555, 0.4589962737333443]
,[0.35426470088042555, 0.4589962737333443]
,[0.35426470088042555, 0.4589962737333443]
,[0.35426470088042555, 0.4589962737333443]
,[0.35426470088042555, 0.4589962737333443]
,[0.35426470088042555, 0.4589962737333443]
,[0.35426470088042555, 0.4589962737333443]
,[0.35426470088042555, 0.4589962737333443]
,[0.35426470088042555, 0.4589962737333443]
,[0.35426470088042555, 0.4589962737333443]
,[0.35426470088042555, 0.4589962737333443]
,[0.35426470088042555, 0.4589962737333443]
,[0.35426470088042555, 0.4589962737333443]
,[0.35426470088042555, 0.4589962737333443]
,[0.35426470088042555, 0.4589962737333443]
,[0.35426470088042555, 0.4589962737333443]
,[0.35426470088042555, 0.4589962737333443]
,[0.35426470088042555, 0.4589962737333443]
,[0.35426470088042555, 0.4589962737333443]
,[0.35426470088042555, 0.4589962737333443]
,[0.35426470088042555, 0.4589962737333443]
,[0.35426470088042555, 0.4589962737333443]
,[0.35426470088042555, 0.4589962737333443]
,[0.35426470088042555, 0.4589962737333443]
,[0.35426470088042555, 0.4589962737333443]
,[0.35426470088042555, 0.4589962737333443]
,[0.35426470088042555, 0.4589962737333443]
,[0.35426470088042555, 0.4589962737333443]
,[0.35426470088042555, 0.4589962737333443]
,[0.35426470088042555, 0.4589962737333443]
,[0.35426470088042555, 0.4589962737333443]
,[0.35426470088042555, 0.4589962737333443]
,[0.35426470088042555, 0.4589962737333443]
],"vol":[[0.40577019045628965, 0.48884905438254567]
,[0.40577019045628965, 0.48884905438254567]
,[0.40577019045628965, 0.48884905438254567]
,[0.40577019045628965, 0.48884905438254567]
,[0.40577019045628965, 0.48884905438254567]
,[0.40577019045628965, 0.48884905438254567]
,[0.40577019045628965, 0.48884905438254567]
,[0.40577019045628965, 0.48884905438254567]
,[0.40577019045628965, 0.48884905438254567]
,[0.40577019045628965, 0.48884905438254567]
,[0.40577019045628965, 0.48884905438254567]
,[0.40577019045628965, 0.48884905438254567]
,[0.40577019045628965, 0.48884905438254567]
,[0.40577019045628965, 0.48884905438254567]
,[0.40577019045628965, 0.48884905438254567]
,[0.40577019045628965, 0.48884905438254567]
,[0.40577019045628965, 0.48884905438254567]
,[0.40577019045628965, 0.48884905438254567]
,[0.40577019045628965, 0.48884905438254567]
,[0.40577019045628965, 0.4888490543825457]
,[0.40577019045628965, 0.48884905438254567]
,[0.40577019045628965, 0.48884905438254567]
,[0.40577019045628965, 0.48884905438254567]
,[0.40577019045628965, 0.4888490543825457]
,[0.40577019045628965, 0.48884905438254567]
,[0.40577019045628965, 0.48884905438254567]
,[0.40577019045628965, 0.48884905438254567]
,[0.40577019045628965, 0.48884905438254567]
,[0.40577019045628965, 0.48884905438254567]
,[0.40577019045628965, 0.48884905438254567]
,[0.40577019045628965, 0.48884905438254567]
,[0.40577019045628965, 0.48884905438254567]
,[0.40577019045628965, 0.48884905438254567]
,[0.40577019045628965, 0.48884905438254567]
,[0.40577019045628965, 0.48884905438254567]
,[0.40577019045628965, 0.48884905438254567]
,[0.40577019045628965, 0.48884905438254567]
,[0.40577019045628965, 0.48884905438254567]
,[0.40577019045628965, 0.48884905438254567]
,[0.40577019045628965, 0.48884905438254567]
]}