{
"parameters":[2, 2, 2, 2, 40, 40]
,"current_iter":19,"domain":[[-5.12, -5.12]
,[5.12, 5.12]
],"result":[29.477350018953103, 32.33673161699805, 1.397371648347784, 4.684447353770711, 2.29907530314574, 7.572351913002139, 27.17724955779783, 28.812958196537792, 26.296213533289073, 9.133210275997225, 17.835150934521643, 11.652987536959301, 23.95502563416463, 8.87303366481293, 21.8348149868932, 4.404090575813729, 3.2263310870995525, 12.112728060944514, 18.879470671523023, 13.417591287028584, 16.66860236120152, 2.8831556436507366, 13.76187689513229, 20.07557995883365, 12.42526895752856, 4.815656103172142, 14.46069438520023, 1.36739861419405, 4.035968992896244, 2.456068119303188, 2.7900966328209957, 2.4981337450816756, 6.928876582310021, 8.833846546880284, 20.380927701872135, 2.239194996970255, 19.527094725315646, 19.90290491475219, 2.1582901184962893, 13.297144801291331]
,"population":[[5.12, -0.0625535394004236]
,[4.375475495156823, -1.5494636872172036]
,[0.9536109386183883, -0.018279690223252223]
,[1.9379325894825925, 1.766353257742049]
,[0.9750909941285044, -0.1469765040424113]
,[1.2426682136408367, -0.20161689338886796]
,[2.677374732849805, -5.12]
,[-4.787447050539199, -0.011863519128867713]
,[5.12, 1.3576036825617703]
,[2.9453646988115185, 2.297626594314539]
,[2.6857141453804654, -0.08685522940304077]
,[5.12, -0.012442110413233233]
,[4.9688331423070355, 0.6022246834637415]
,[1.8638368309719486, -0.27392134927281947]
,[3.9816529418350686, 0.3662188497117719]
,[0.7081722311449186, -0.08501306769495605]
,[2.9921673072687587, -0.005301737270055132]
,[1.3291866466168831, 1.0566900852755257]
,[1.088193504967302, 4.01737670208651]
,[0.3448157651793674, 1.6621294012077075]
,[-0.14200661519650526, 1.5795978968434259]
,[0.0865944041126937, 0.9477853682714585]
,[1.5224731750089358, 0.695129618614372]
,[3.2988937046796885, -5.12]
,[1.578412947298957, 0.041107463212945144]
,[0.691173939671232, -0.021106820439417487]
,[-1.7304988943889112, -0.03512923609825486]
,[0.9534997134956521, -0.013180882685740773]
,[2.001660617865811, 0.012047088015852723]
,[0.9482646035329357, 2.1184198427960044]
,[0.9516725176353003, -0.23402668319027575]
,[0.9505837410545677, 1.6958280666296692]
,[0.9583365670137962, 0.17816265609558907]
,[-1.8369948428403116, 0.057871856270813815]
,[5.12, 1.7663496267526173]
,[0.9364246435283021, 0.7088793910719778]
,[0.8316354023541536, 5.12]
,[1.4936051171718905, -0.7452190465845642]
,[0.9375041031435142, 0.05133226539116045]
,[0.7149175450655223, -1.7412108433115552]
],"den":[[0.7598480583274494, 0.483569609175334]
,[0.7598480996779783, 0.48356966307065796]
,[0.7598480419351842, 0.4835696346195473]
,[0.7598480650149166, 0.48356961580901164]
,[0.7598480617064818, 0.4835696107499008]
,[0.7598480398459067, 0.48356966034158344]
,[0.7598480862372141, 0.483569607280063]
,[0.7598480349855543, 0.4835696566531007]
,[0.7598480867998737, 0.48356961328851344]
,[0.7598481130318145, 0.4835696073655391]
,[0.7598481077675867, 0.48356960406924904]
,[0.7598480645809339, 0.4835696140345]
,[0.7598480763863932, 0.4835696460373844]
,[0.7598480623026265, 0.48356962372156626]
,[0.7598480609667699, 0.48356964564010496]
,[0.7598480476763162, 0.48356960403958577]
,[0.7598480718287944, 0.4835696632669549]
,[0.7598480362028259, 0.4835696101348191]
,[0.7598480646204341, 0.4835696611604353]
,[0.7598480452268994, 0.48356965041589167]
,[0.759848048505793, 0.4835696778276513]
,[0.759848051609123, 0.4835696444333259]
,[0.7598480919725054, 0.4835696343725436]
,[0.7598480869596601, 0.4835696189911721]
,[0.7598480776305031, 0.4835696482328802]
,[0.7598481019193278, 0.4835696447418375]
,[0.759848112011218, 0.48356964739941277]
,[0.7598480742144184, 0.48356960786128217]
,[0.7598480772584214, 0.483569605541686]
,[0.7598480806077903, 0.48356964237829503]
,[0.7598480813707806, 0.4835696761834148]
,[0.7598480993017434, 0.48356963984213525]
,[0.7598480541577433, 0.4835696560232493]
,[0.7598480841623921, 0.48356964222375526]
,[0.7598480785954888, 0.48356964018111176]
,[0.7598480975978142, 0.48356964158168336]
,[0.7598480477520808, 0.4835696702324967]
,[0.7598480638734998, 0.4835696463445522]
,[0.7598481073673794, 0.4835696457427546]
,[0.7598480567136522, 0.4835696072753283]
],"vol":[[0.6986724168101878, 0.5179052279149817]
,[0.6986724758568895, 0.5179052174146989]
,[0.6986724182100216, 0.517905217032328]
,[0.6986724176984556, 0.5179052546129105]
,[0.6986724245693537, 0.5179052434690461]
,[0.6986724558586348, 0.5179052060560508]
,[0.6986724284051856, 0.5179051865706579]
,[0.6986724690822855, 0.517905241534399]
,[0.6986724765542788, 0.5179051846893952]
,[0.6986724524954104, 0.517905193027057]
,[0.6986724847866044, 0.5179052094749894]
,[0.6986724333847305, 0.5179052178724686]
,[0.6986724617276592, 0.5179052430751468]
,[0.698672456737945, 0.517905207448903]
,[0.6986724580219722, 0.5179052040512387]
,[0.6986724415252823, 0.5179052564749087]
,[0.6986724267384363, 0.5179052383739847]
,[0.6986724203077933, 0.5179051879967311]
,[0.6986724757908643, 0.5179052077884134]
,[0.6986724202858756, 0.51790521905611]
,[0.6986724940090008, 0.5179052298759245]
,[0.6986724461078856, 0.5179052260249926]
,[0.6986724392331444, 0.5179052445935703]
,[0.6986724649292682, 0.5179052593627954]
,[0.6986724390162392, 0.5179052387474167]
,[0.6986724792533466, 0.5179052034719626]
,[0.6986724638442445, 0.5179051952210298]
,[0.6986724894252806, 0.5179052574668577]
,[0.6986724819103954, 0.517905239204514]
,[0.6986724350426431, 0.5179051883431333]
,[0.6986724311972533, 0.5179052190306132]
,[0.6986724782262345, 0.5179052237922609]
,[0.6986724437049632, 0.5179052499559383]
,[0.6986724932836416, 0.517905246365303]
,[0.6986724213521857, 0.5179052087522433]
,[0.6986724395191689, 0.5179052068281342]
,[0.6986724763478054, 0.517905191179147]
,[0.6986724929573976, 0.5179051916849574]
,[0.6986724338128802, 0.5179052479627049]
,[0.6986724786070417, 0.5179052558005176]
]}