{
"parameters":[2, 2, 2, 2, 20, 60]
,"current_iter":16,"domain":[[-5.12, -5.12]
,[5.12, 5.12]
],"result":[21.52119097130058, 10.208893586800333, 22.04353305436923, 18.261716570975718, 10.182861479882195, 34.390260719611334, 21.10553951495048, 24.10030921560994, 33.70537460519807, 18.02826792989051, 11.928818903219101, 10.555763694209462, 11.78006661749994, 17.44546855654757, 28.944823600207503, 17.899284936582134, 20.570728467728657, 10.797727347505974, 21.633178945801205, 5.035896589443837]
,"population":[[-5.12, -5.12]
,[-5.12, -5.12]
,[-1.9082832600265593, -4.440282226426158]
,[-1.0619915192722857, -2.330664527746385]
,[-5.12, -5.12]
,[-5.12, -5.12]
,[-2.6119506159992216, 0.5006959063505807]
,[0.8094614179172828, 3.1991681714860856]
,[-5.12, -5.12]
,[-5.12, -5.12]
,[-2.1653561368198857, 1.8796134683444525]
,[-5.12, -1.2526208896244713]
,[-2.3669795328096352, -3.037442710433135]
,[-5.12, -4.3017080855735275]
,[-5.12, 0.7314326851955]
,[-2.281273616837938, -1.2938924538110976]
,[-5.12, -5.12]
,[-2.645237217888262, -1.175762239457628]
,[-5.12, -5.12]
,[-1.9723217347898174, -0.9954395255922033]
],"den":[[0.6500459675018109, 0.7214145876476261]
,[0.6500459672963428, 0.7214145942291705]
,[0.6500459632789829, 0.7214145875786424]
,[0.6500459644817117, 0.7214145896928259]
,[0.6500459644120945, 0.721414593636876]
,[0.6500459689196857, 0.721414587455952]
,[0.6500459674185807, 0.721414591189171]
,[0.6500459684262988, 0.7214145898325167]
,[0.6500459674045201, 0.7214145890572357]
,[0.650045970841386, 0.7214145947527879]
,[0.6500459667551247, 0.721414591958126]
,[0.6500459640180931, 0.7214145949365507]
,[0.6500459682031438, 0.7214145928622417]
,[0.6500459688684731, 0.7214145950944263]
,[0.6500459635742959, 0.7214145876083434]
,[0.6500459651805601, 0.721414587497306]
,[0.6500459638911025, 0.7214145949308265]
,[0.6500459651746532, 0.7214145903323766]
,[0.6500459660866936, 0.7214145903373173]
,[0.6500459682584159, 0.7214145942618523]
],"vol":[[0.2138710286940319, 0.4618420821020486]
,[0.21387102632756838, 0.4618420795590033]
,[0.21387102408856257, 0.4618420808589488]
,[0.21387103128057822, 0.46184207970570723]
,[0.21387102755017204, 0.4618420815397184]
,[0.2138710299687392, 0.46184207581259773]
,[0.2138710283532056, 0.4618420786860495]
,[0.21387102440054764, 0.4618420832337931]
,[0.21387102598164023, 0.4618420834791851]
,[0.21387102929941393, 0.46184207743231864]
,[0.21387102805756128, 0.46184207824177775]
,[0.213871030730133, 0.4618420819291703]
,[0.21387102549946746, 0.4618420793379483]
,[0.2138710287799052, 0.46184207802036054]
,[0.21387102416015832, 0.4618420820661055]
,[0.21387102716033024, 0.4618420778900524]
,[0.2138710248708371, 0.46184207850902387]
,[0.21387102603230831, 0.4618420791257258]
,[0.21387102497776334, 0.461842079980909]
,[0.21387102691976756, 0.4618420781626001]
]}