{
"parameters":[2, 2, 2, 2, 40, 40]
,"current_iter":26,"domain":[[-5.12, -5.12]
,[5.12, 5.12]
],"result":[9.476827691041455, 1.0042952074535147, 13.327363424774468, 1.1721734705797644, 2.23584456278253, 1.8074727055212385, 18.716683365186462, 17.689392009505948, 0.9950876620211488, 1.1474858992792658, 14.27799755300665, 0.9952703794769135, 4.455090705050555, 10.497900638983358, 18.133909663304642, 3.5520946359282624, 1.51051745999286, 0.9954465492368314, 15.85533039677022, 2.8902872374117727, 4.175121900868784, 2.6857806180950057, 3.434124934587653, 15.03785706760222, 23.410382662014207, 2.5459581676104204, 7.358459727248077, 14.345450671322238, 8.504797811130782, 7.329252391040713, 10.356233606559305, 0.9981059670289323, 1.4276257086117319, 8.91197874459479, 12.998040749141587, 13.05497858298163, 10.942313092105639, 13.714847497363069, 23.164095849577684, 7.706340833825511]
,"population":[[2.8493998953624526, 0.01945438014558414]
,[1.0016927606168644, -0.0013114468742384893]
,[3.8969534340026084, -0.4790674553784677]
,[1.0024288801747083, 0.02897870303523645]
,[1.2048251675241772, 1.025646889509819]
,[1.0505447970711215, -0.0321018436018316]
,[5.12, 1.1838211953799598]
,[3.7291502046528153, -2.565752692786222]
,[0.9953595246903545, -0.0006982854561470559]
,[0.9881287296862535, -0.026905998483171694]
,[1.79785149307484, -1.9781363613799134]
,[0.9961828062804791, 0.0002669704842249397]
,[3.1031619420486094, -0.41451259556891623]
,[3.2489150230400936, -0.2748219958900952]
,[3.415275807545502, 1.596169156237413]
,[1.0244240023245224, 1.0794369920832823]
,[1.4514499218009003, -0.004766827300640347]
,[0.9944069463626638, 0.0014673209735356727]
,[1.3103967405665076, -1.3830687799812582]
,[0.9759205276752256, 0.09737944499284669]
,[1.0237258197561216, -0.12659548160905695]
,[2.1983964751410605, 0.16374680113883733]
,[1.856570457680998, 0.11698243865565912]
,[2.3721375947810657, -1.7036806528793753]
,[0.991548993651957, -2.5445006437287865]
,[0.9951760048064336, -1.137627735310642]
,[1.2246701081421185, -0.00208345945670062]
,[1.6488918452904544, 3.4454549124410336]
,[1.6809341414784145, 1.081012580113834]
,[2.6574880618177144, 0.3066512801020999]
,[0.9698377112835835, -0.31295707278380147]
,[0.9988193345064283, -0.000980543243743403]
,[2.566551035985419, -0.0016790631094873503]
,[-2.1299717139176066, 0.07929496046011966]
,[1.0624876397354426, -3.1473267459562226]
,[1.762129264463191, -2.660780302731738]
,[0.7444988786465383, -0.014634173664727525]
,[1.573414035037214, -2.3985795038653936]
,[1.0743114255892254, 5.12]
,[0.06696886445862937, -0.19799671546652828]
],"den":[[0.3542647008803202, 0.45899627373336993]
,[0.3542647008803708, 0.4589962737334543]
,[0.35426470088040085, 0.45899627373341034]
,[0.3542647008803933, 0.4589962737333922]
,[0.35426470088037926, 0.4589962737333958]
,[0.3542647008805161, 0.4589962737333278]
,[0.35426470088053164, 0.4589962737334939]
,[0.35426470088041395, 0.4589962737333828]
,[0.35426470088043777, 0.4589962737333597]
,[0.35426470088035034, 0.4589962737334049]
,[0.35426470088034717, 0.45899627373342095]
,[0.3542647008803407, 0.45899627373338564]
,[0.3542647008804334, 0.45899627373341645]
,[0.3542647008804704, 0.4589962737333983]
,[0.354264700880332, 0.4589962737333303]
,[0.3542647008804315, 0.4589962737333051]
,[0.35426470088033274, 0.45899627373344903]
,[0.3542647008804051, 0.4589962737333546]
,[0.35426470088043976, 0.4589962737333398]
,[0.3542647008803183, 0.4589962737334168]
,[0.3542647008804748, 0.45899627373333446]
,[0.3542647008804773, 0.4589962737332932]
,[0.35426470088046985, 0.45899627373350477]
,[0.35426470088037204, 0.45899627373344803]
,[0.3542647008803963, 0.45899627373349206]
,[0.35426470088047013, 0.4589962737333802]
,[0.35426470088032014, 0.4589962737332975]
,[0.3542647008803993, 0.4589962737334398]
,[0.3542647008803652, 0.4589962737333717]
,[0.354264700880504, 0.45899627373335444]
,[0.3542647008805261, 0.4589962737334371]
,[0.3542647008804347, 0.45899627373330226]
,[0.35426470088039397, 0.4589962737333465]
,[0.35426470088051776, 0.45899627373341545]
,[0.3542647008803285, 0.45899627373344354]
,[0.3542647008803167, 0.4589962737334392]
,[0.35426470088051115, 0.4589962737333902]
,[0.3542647008804581, 0.45899627373344354]
,[0.35426470088032874, 0.4589962737334657]
,[0.35426470088045586, 0.45899627373341567]
],"vol":[[0.40577019045639745, 0.4888490543824968]
,[0.4057701904563021, 0.48884905438253634]
,[0.40577019045629525, 0.48884905438254417]
,[0.40577019045627327, 0.48884905438251625]
,[0.4057701904562274, 0.4888490543826888]
,[0.40577019045639046, 0.4888490543825912]
,[0.40577019045634966, 0.4888490543826403]
,[0.40577019045635376, 0.4888490543826738]
,[0.4057701904562273, 0.48884905438250825]
,[0.40577019045641777, 0.4888490543824953]
,[0.405770190456198, 0.4888490543825669]
,[0.4057701904564116, 0.4888490543824791]
,[0.40577019045632884, 0.48884905438262793]
,[0.4057701904563725, 0.4888490543826022]
,[0.4057701904562955, 0.4888490543825297]
,[0.40577019045634855, 0.48884905438269227]
,[0.40577019045633583, 0.48884905438252857]
,[0.4057701904562274, 0.48884905438264387]
,[0.4057701904564143, 0.48884905438255577]
,[0.4057701904564007, 0.48884905438269843]
,[0.4057701904562803, 0.4888490543826567]
,[0.405770190456213, 0.4888490543826734]
,[0.40577019045631946, 0.48884905438262255]
,[0.40577019045636775, 0.4888490543826972]
,[0.4057701904563664, 0.4888490543826318]
,[0.40577019045627244, 0.4888490543825417]
,[0.4057701904562912, 0.48884905438251297]
,[0.4057701904562213, 0.48884905438251963]
,[0.4057701904563736, 0.4888490543825996]
,[0.40577019045623275, 0.488849054382515]
,[0.40577019045637985, 0.4888490543825524]
,[0.4057701904562727, 0.48884905438261794]
,[0.40577019045640944, 0.48884905438263215]
,[0.40577019045631746, 0.48884905438261594]
,[0.4057701904562669, 0.4888490543826444]
,[0.405770190456238, 0.4888490543825543]
,[0.40577019045630897, 0.4888490543826338]
,[0.40577019045623985, 0.4888490543826241]
,[0.4057701904563371, 0.48884905438267606]
,[0.405770190456278, 0.4888490543825232]
]}