{
"parameters":[2, 2, 2, 2, 20, 60]
,"current_iter":24,"domain":[[-5.12, -5.12]
,[5.12, 5.12]
],"result":[21.52119097130058, 10.208893586800333, 22.04353305436923, 18.261716570975718, 10.182861479882195, 34.390260719611334, 21.10553951495048, 14.401461516747549, 33.70537460519807, 18.02826792989051, 11.928818903219101, 10.555763694209462, 8.67711530495756, 17.44546855654757, 28.944823600207503, 17.899284936582134, 20.570728467728657, 10.797727347505974, 16.50989968493638, 5.035896589443837]
,"population":[[-5.12, -3.5834170510175167]
,[-2.772394490283138, -5.12]
,[-1.9661110570261786, -3.3675500621069183]
,[-1.7423124874930471, -3.6456640279422268]
,[-4.462236019462885, -5.12]
,[-3.3927853058838098, -5.12]
,[-5.12, 4.538373331568609]
,[-2.4686960611599122, -1.0899122590780412]
,[-5.12, -5.12]
,[-5.12, -3.370320593291131]
,[-5.12, 1.647715990064793]
,[-5.12, -1.1924798208912255]
,[-1.843971237616115, 0.15868816280686437]
,[-5.12, -1.5584458532294878]
,[-5.12, -0.1535309266534821]
,[-2.367599786439784, -1.1304692615444027]
,[-5.12, -5.12]
,[-3.8533541630765944, -1.4255319327859057]
,[-4.456158757338992, -2.4312343108874463]
,[-1.9723217347898174, -0.9954395255922033]
],"den":[[0.6500459682583977, 0.7214145942616933]
,[0.6500459682583928, 0.7214145942618515]
,[0.6500459682582962, 0.7214145942616917]
,[0.6500459682583252, 0.7214145942617425]
,[0.6500459682583235, 0.7214145942618373]
,[0.6500459682584318, 0.7214145942616887]
,[0.6500459682583957, 0.7214145942617785]
,[0.6500459682584199, 0.7214145942617458]
,[0.6500459682583953, 0.7214145942617273]
,[0.6500459682584779, 0.721414594261864]
,[0.6500459682583798, 0.7214145942617969]
,[0.650045968258314, 0.7214145942618685]
,[0.6500459682584145, 0.7214145942618186]
,[0.6500459682584305, 0.7214145942618723]
,[0.6500459682583033, 0.7214145942616924]
,[0.6500459682583419, 0.7214145942616897]
,[0.650045968258311, 0.7214145942618684]
,[0.6500459682583418, 0.7214145942617579]
,[0.6500459682583637, 0.721414594261758]
,[0.6500459682584159, 0.7214145942618523]
],"vol":[[0.2138710269198102, 0.46184207816269474]
,[0.21387102691975332, 0.4618420781626336]
,[0.21387102691969953, 0.46184207816266487]
,[0.21387102691987234, 0.46184207816263717]
,[0.21387102691978271, 0.46184207816268125]
,[0.2138710269198408, 0.46184207816254363]
,[0.213871026919802, 0.4618420781626127]
,[0.21387102691970702, 0.46184207816272194]
,[0.21387102691974502, 0.4618420781627278]
,[0.21387102691982474, 0.46184207816258255]
,[0.2138710269197949, 0.461842078162602]
,[0.21387102691985913, 0.4618420781626906]
,[0.21387102691973342, 0.46184207816262834]
,[0.21387102691981225, 0.4618420781625967]
,[0.21387102691970125, 0.4618420781626939]
,[0.21387102691977333, 0.46184207816259354]
,[0.21387102691971832, 0.4618420781626084]
,[0.21387102691974624, 0.46184207816262324]
,[0.2138710269197209, 0.4618420781626438]
,[0.21387102691976756, 0.4618420781626001]
]}