{
"parameters":[2, 2, 2, 2, 40, 40]
,"current_iter":30,"domain":[[-5.12, -5.12]
,[5.12, 5.12]
],"result":[7.3923685714275855, 12.199129881774414, 1.0105997301565282, 0.001263452229336437, 1.3003308873859165, 0.009641036316294205, 10.11612694869144, 0.0046086678662558, 0.869198214251595, 1.1830499801552286, 1.2557122037614477, 0.00552375727408716, 8.476737727420383, 8.87303366481293, 7.900656394100396, 0.009805223238515737, 1.1939040272202934, 4.206295426657817, 1.07127610198728, 5.631731723911934, 0.00378390505173698, 0.6254006602743765, 0.002350764442345721, 1.5374384508332266, 0.0007468334770290852, 0.13523881997082476, 2.924406941917603, 1.1656790475733203, 0.001523452729827568, 2.456068119303188, 0.001887463177038029, 2.4981337450816756, 0.013359725389479493, 6.776005227435281, 0.1197304704197446, 2.239194996970255, 1.1127211361767877, 0.05404567390883841, 0.9982916634231565, 4.867837722428515]
,"population":[[0.20726974364440942, 0.0032459526812140507]
,[0.44751117541059476, -0.006655878948951172]
,[0.17135982132990515, -0.004947257298605092]
,[0.00209127414161284, 0.0014124832280626065]
,[-0.21211983811216178, -0.005908583795977872]
,[0.007254608564886043, -0.0021457343777584025]
,[-2.4900767570429223, 0.6182732751884219]
,[0.006303319039096273, -0.0001210286471537193]
,[0.0021310606660932575, -0.06663970008566723]
,[0.0026797176841006475, -0.40344914462370335]
,[-0.9589134100312728, 0.0049315839230182935]
,[-0.0035543549993934474, -0.0039000601402840343]
,[0.2247666153196282, 0.005042527926693798]
,[0.6524398045804939, -0.16579120981309428]
,[-0.5647030976921628, -0.4911096399262558]
,[0.0009422358367972023, -0.006967306949447805]
,[-1.0250590638724755, -0.009905591021728343]
,[-1.034866635253054, -0.6737066854851208]
,[-0.04094513657067881, -0.0614734174758598]
,[0.03630717997748682, -1.8284609261089149]
,[0.0023287198943986237, -0.004690340494657489]
,[0.0035619559385342693, 0.056324654276781225]
,[0.003362336289970192, 0.0007376975151937104]
,[-0.0007192819811990265, 0.883766476880229]
,[-0.0008075469938125432, -0.0017641804645453917]
,[0.026041249078200795, -0.0022431845868240855]
,[0.6038375797684625, 0.02158110773624953]
,[-0.15463816844146128, 0.00906364854061798]
,[0.002119747698705105, -0.0017848721037849401]
,[-0.9461112257875883, 0.5025310149828736]
,[0.002863941842352317, -0.001145367031975452]
,[-0.46649135394209196, 0.13352659291726085]
,[-0.008108233081163502, -0.00126914237361812]
,[-1.233676660660923, 0.0051784920225004145]
,[-0.014985410500517535, -0.0194827649072238]
,[-0.7056827700095094, 0.18734657827631782]
,[1.007462981129877, -0.02092558726160284]
,[-0.0021570643841900567, 0.016370725615040275]
,[0.43864732302784826, -0.0033278844524601567]
,[0.15880074678870468, -0.03658343630716642]
],"den":[[0.759848070945032, 0.4835696128355544]
,[0.7598480710196777, 0.4835696129328456]
,[0.7598480709154409, 0.483569612881486]
,[0.7598480709571043, 0.4835696128475294]
,[0.7598480709511318, 0.4835696128383967]
,[0.7598480709116694, 0.48356961292791917]
,[0.7598480709954145, 0.48356961283213307]
,[0.7598480709028955, 0.4835696129212607]
,[0.7598480709964301, 0.48356961284297945]
,[0.7598480710437838, 0.4835696128322874]
,[0.7598480710342809, 0.4835696128263369]
,[0.7598480709563208, 0.4835696128443261]
,[0.7598480709776319, 0.4835696129020973]
,[0.759848070952208, 0.48356961286181305]
,[0.7598480709497965, 0.48356961290138023]
,[0.7598480709258049, 0.48356961282628336]
,[0.7598480709694045, 0.4835696129332]
,[0.7598480709050929, 0.48356961283728644]
,[0.7598480709563922, 0.4835696129293973]
,[0.7598480709213831, 0.4835696129100014]
,[0.7598480709273021, 0.4835696129594848]
,[0.7598480709329042, 0.48356961289920175]
,[0.7598480710057678, 0.4835696128810401]
,[0.7598480709967187, 0.48356961285327377]
,[0.7598480709798777, 0.48356961290606065]
,[0.7598480710237238, 0.48356961289975864]
,[0.7598480710419414, 0.483569612904556]
,[0.7598480709737111, 0.4835696128331823]
,[0.759848070979206, 0.48356961282899497]
,[0.7598480709852523, 0.483569612895492]
,[0.7598480709866297, 0.4835696129565167]
,[0.7598480710189984, 0.48356961289091377]
,[0.759848070937505, 0.48356961292012374]
,[0.7598480709916691, 0.48356961289521305]
,[0.7598480709816198, 0.48356961289152567]
,[0.7598480710159226, 0.483569612894054]
,[0.7598480709259415, 0.4835696129457741]
,[0.7598480709550437, 0.4835696129026519]
,[0.7598480710335584, 0.48356961290156547]
,[0.7598480709421188, 0.4835696128321245]
],"vol":[[0.6986724768778272, 0.5179052427664111]
,[0.6986724769844177, 0.5179052427474562]
,[0.6986724768803542, 0.517905242746766]
,[0.6986724768794307, 0.517905242814606]
,[0.698672476891834, 0.5179052427944891]
,[0.698672476948317, 0.5179052427269517]
,[0.6986724768987583, 0.5179052426917768]
,[0.6986724769721883, 0.5179052427909968]
,[0.6986724769856766, 0.5179052426883808]
,[0.6986724769422458, 0.5179052427034319]
,[0.6986724770005375, 0.5179052427331235]
,[0.6986724769077474, 0.5179052427482825]
,[0.6986724769589118, 0.5179052427937781]
,[0.6986724769499043, 0.517905242729466]
,[0.6986724769522223, 0.5179052427233326]
,[0.6986724769224427, 0.5179052428179672]
,[0.6986724768957496, 0.5179052427852916]
,[0.698672476884141, 0.5179052426943511]
,[0.6986724769842985, 0.5179052427300789]
,[0.6986724768841015, 0.5179052427504193]
,[0.6986724770171857, 0.517905242769951]
,[0.6986724769307151, 0.5179052427629993]
,[0.6986724769183049, 0.5179052427965192]
,[0.6986724769646913, 0.5179052428231804]
,[0.6986724769179133, 0.5179052427859657]
,[0.698672476990549, 0.5179052427222869]
,[0.6986724769627326, 0.5179052427073924]
,[0.6986724770089112, 0.5179052428197579]
,[0.6986724769953454, 0.517905242786791]
,[0.6986724769107402, 0.5179052426949765]
,[0.6986724769037986, 0.5179052427503732]
,[0.6986724769886948, 0.5179052427589689]
,[0.6986724769263774, 0.5179052428061992]
,[0.6986724770158763, 0.5179052427997175]
,[0.6986724768860264, 0.5179052427318188]
,[0.6986724769188212, 0.5179052427283455]
,[0.6986724769853039, 0.5179052427000961]
,[0.6986724770152873, 0.517905242701009]
,[0.6986724769085203, 0.5179052428026011]
,[0.6986724769893823, 0.5179052428167499]
]}