{
"parameters":[2, 2, 2, 2, 40, 40]
,"current_iter":39,"domain":[[-5.12, -5.12]
,[5.12, 5.12]
],"result":[8.462262002240095E-10, 6.159890375556643E-10, 2.992101831367222E-05, 8.460308009716755E-10, 8.063345546815981E-10, 8.423732822393504E-10, 4.4530924537156125E-05, 8.097575943111224E-10, 7.939071622331539E-10, 7.683755853804541E-10, 8.029044096247162E-10, 7.952003500122373E-10, 9.934151279367143E-10, 2.878452464827319E-06, 0.008939884612678028, 8.196767709023334E-10, 8.528964201559575E-10, 7.525855494350253E-10, 8.309886112556342E-10, 4.467146652586962E-10, 8.361524805877707E-10, 8.293383757518313E-10, 8.344596125198223E-10, 1.0808527406425128E-09, 8.058442801939236E-10, 8.344862578724133E-10, 1.7558399179051776E-10, 8.121361361190793E-10, 7.920135658423533E-10, 0.12229660649360596, 8.452492039623394E-10, 1.8476410539063721, 7.963549819578475E-10, 9.961311775441573E-10, 8.4569151681535E-10, 1.6604685088178606, 6.766107674138766E-10, 8.18481282749417E-10, 8.259100070517889E-10, 6.393250373548653E-10]
,"population":[[-1.338870329368039E-06, -1.5725307751581628E-06]
,[4.622458951656855E-07, -1.7003605820700632E-06]
,[-0.00038802802907334774, 1.5872036506276622E-05]
,[-1.3342140661543235E-06, -1.5761670971785666E-06]
,[-1.2834922356646167E-06, -1.554668771470541E-06]
,[-1.3281715724588444E-06, -1.5754273967302773E-06]
,[0.0004391306984099958, -0.0001778300603746787]
,[-1.2800630055945078E-06, -1.5630261160024422E-06]
,[-1.2582432727141143E-06, -1.5551603851028808E-06]
,[-1.2860398552273353E-06, -1.4896716923952274E-06]
,[-1.270149214151217E-06, -1.5600585539886287E-06]
,[-1.275634211923447E-06, -1.5430451768095865E-06]
,[-1.5921709311835002E-06, -1.5723604343152858E-06]
,[-0.00012044301960691631, 1.5450796152113348E-06]
,[0.0033827521264882085, 0.005798518450027699]
,[-1.2916299765224249E-06, -1.5694865182470894E-06]
,[-1.351235200337303E-06, -1.572641075367116E-06]
,[-1.1491144578088698E-06, -1.572567763184722E-06]
,[-1.3461002314503424E-06, -1.5416341909900836E-06]
,[-1.4184087777925482E-06, -4.896782804500489E-07]
,[-1.3155772317697707E-06, -1.5760386671616194E-06]
,[-1.2969930254145977E-06, -1.5805414937465175E-06]
,[-1.3143625003945208E-06, -1.57434370815123E-06]
,[-2.0009571543957E-06, -1.201764484247702E-06]
,[-1.2724791943878035E-06, -1.5629041980656703E-06]
,[-1.3109946820726183E-06, -1.5771942430348614E-06]
,[-5.179857676455846E-07, -7.853222826479458E-07]
,[-1.288735422168057E-06, -1.5597243681747276E-06]
,[-1.2488225500804701E-06, -1.559681956912052E-06]
,[-0.01984620728520067, 0.014941137884459332]
,[-1.3270298526727689E-06, -1.580980913922078E-06]
,[-0.08045305508670221, 0.0548253175243424]
,[-1.2648676037345108E-06, -1.5537574882071635E-06]
,[-1.6156791913354988E-06, -1.5526127490426065E-06]
,[-1.3413357171490228E-06, -1.5695684323474764E-06]
,[-0.05553944884773627, 0.07356075167421301]
,[-1.283942646240711E-06, -1.3273861471745962E-06]
,[-1.2698209573149277E-06, -1.5852847046276197E-06]
,[-1.2978997576117202E-06, -1.5743223251581464E-06]
,[-1.255520012107972E-06, -1.28304338920595E-06]
],"den":[[0.7598480709698058, 0.4835696128796954]
,[0.7598480709698064, 0.48356961287969635]
,[0.7598480709698056, 0.48356961287969585]
,[0.7598480709698059, 0.48356961287969547]
,[0.7598480709698058, 0.4835696128796954]
,[0.7598480709698054, 0.4835696128796963]
,[0.7598480709698061, 0.4835696128796953]
,[0.7598480709698053, 0.48356961287969624]
,[0.7598480709698061, 0.48356961287969547]
,[0.7598480709698067, 0.4835696128796953]
,[0.7598480709698067, 0.4835696128796953]
,[0.7598480709698059, 0.48356961287969547]
,[0.7598480709698061, 0.483569612879696]
,[0.7598480709698059, 0.48356961287969563]
,[0.7598480709698058, 0.483569612879696]
,[0.7598480709698056, 0.4835696128796953]
,[0.759848070969806, 0.48356961287969635]
,[0.7598480709698053, 0.4835696128796954]
,[0.7598480709698059, 0.4835696128796963]
,[0.7598480709698056, 0.48356961287969613]
,[0.7598480709698056, 0.4835696128796966]
,[0.7598480709698056, 0.483569612879696]
,[0.7598480709698063, 0.48356961287969585]
,[0.7598480709698061, 0.4835696128796956]
,[0.7598480709698061, 0.48356961287969613]
,[0.7598480709698064, 0.483569612879696]
,[0.7598480709698067, 0.4835696128796961]
,[0.7598480709698061, 0.48356961287969535]
,[0.7598480709698061, 0.4835696128796953]
,[0.7598480709698061, 0.48356961287969596]
,[0.7598480709698061, 0.4835696128796966]
,[0.7598480709698064, 0.48356961287969596]
,[0.7598480709698057, 0.48356961287969624]
,[0.7598480709698061, 0.48356961287969596]
,[0.7598480709698061, 0.48356961287969596]
,[0.7598480709698064, 0.48356961287969596]
,[0.7598480709698056, 0.4835696128796964]
,[0.7598480709698059, 0.483569612879696]
,[0.7598480709698067, 0.483569612879696]
,[0.7598480709698058, 0.4835696128796953]
],"vol":[[0.6986724769136148, 0.5179052427698472]
,[0.6986724769136159, 0.517905242769847]
,[0.6986724769136149, 0.5179052427698468]
,[0.6986724769136149, 0.5179052427698476]
,[0.6986724769136149, 0.5179052427698474]
,[0.6986724769136154, 0.5179052427698467]
,[0.698672476913615, 0.5179052427698464]
,[0.6986724769136158, 0.5179052427698473]
,[0.6986724769136159, 0.5179052427698463]
,[0.6986724769136154, 0.5179052427698465]
,[0.698672476913616, 0.5179052427698468]
,[0.6986724769136151, 0.517905242769847]
,[0.6986724769136156, 0.5179052427698473]
,[0.6986724769136154, 0.5179052427698467]
,[0.6986724769136154, 0.5179052427698467]
,[0.6986724769136152, 0.5179052427698476]
,[0.698672476913615, 0.5179052427698473]
,[0.6986724769136149, 0.5179052427698465]
,[0.6986724769136159, 0.5179052427698467]
,[0.6986724769136149, 0.517905242769847]
,[0.6986724769136161, 0.5179052427698472]
,[0.6986724769136153, 0.5179052427698472]
,[0.6986724769136151, 0.5179052427698474]
,[0.6986724769136157, 0.5179052427698476]
,[0.6986724769136151, 0.5179052427698473]
,[0.6986724769136159, 0.5179052427698467]
,[0.6986724769136156, 0.5179052427698465]
,[0.698672476913616, 0.5179052427698476]
,[0.6986724769136159, 0.5179052427698473]
,[0.6986724769136151, 0.5179052427698465]
,[0.6986724769136151, 0.517905242769847]
,[0.6986724769136159, 0.5179052427698471]
,[0.6986724769136153, 0.5179052427698474]
,[0.6986724769136161, 0.5179052427698474]
,[0.6986724769136149, 0.5179052427698467]
,[0.6986724769136152, 0.5179052427698467]
,[0.6986724769136159, 0.5179052427698465]
,[0.6986724769136161, 0.5179052427698465]
,[0.6986724769136151, 0.5179052427698474]
,[0.6986724769136159, 0.5179052427698476]
]}