{
"parameters":[2, 2, 2, 2, 20, 60]
,"current_iter":22,"domain":[[-5.12, -5.12]
,[5.12, 5.12]
],"result":[21.52119097130058, 10.208893586800333, 22.04353305436923, 18.261716570975718, 10.182861479882195, 34.390260719611334, 21.10553951495048, 14.401461516747549, 33.70537460519807, 18.02826792989051, 11.928818903219101, 10.555763694209462, 11.78006661749994, 17.44546855654757, 28.944823600207503, 17.899284936582134, 20.570728467728657, 10.797727347505974, 17.69308693388972, 5.035896589443837]
,"population":[[-5.12, -1.132175538806083]
,[-3.276119579937125, -1.0233645396365234]
,[-1.7100357213693589, -2.835022580206992]
,[-1.1264508119912768, -5.12]
,[-5.12, -4.640823466305406]
,[-5.12, -5.12]
,[-2.3104705521353734, 4.370827530808683]
,[-2.240535317868404, -1.145997674705847]
,[-2.4943912014780127, -5.12]
,[-5.12, -5.029102916011437]
,[-5.12, 0.9123505718681701]
,[-4.368367385950392, -1.4728379417802886]
,[-2.03342609061527, -1.3581002056616653]
,[-3.7500618765381946, -5.12]
,[-3.183315792442613, 3.4210659952483966]
,[-2.3591133460704614, -1.3560319654941695]
,[-5.12, -1.0374325863137108]
,[-4.297864137020373, -1.6665958697872159]
,[-3.1012209421154875, -1.8832064138756102]
,[-1.9723217347898174, -0.9954395255922033]
],"den":[[0.6500459682581805, 0.7214145942597945]
,[0.6500459682581166, 0.7214145942618421]
,[0.6500459682568667, 0.7214145942597731]
,[0.6500459682572409, 0.7214145942604308]
,[0.6500459682572193, 0.7214145942616579]
,[0.6500459682586216, 0.7214145942597349]
,[0.6500459682581546, 0.7214145942608963]
,[0.650045968258468, 0.7214145942604743]
,[0.6500459682581502, 0.721414594260233]
,[0.6500459682592195, 0.721414594262005]
,[0.6500459682579481, 0.7214145942611355]
,[0.6500459682570967, 0.7214145942620622]
,[0.6500459682583987, 0.7214145942614169]
,[0.6500459682586056, 0.7214145942621113]
,[0.6500459682569586, 0.7214145942597823]
,[0.6500459682574583, 0.7214145942597477]
,[0.6500459682570572, 0.7214145942620604]
,[0.6500459682574564, 0.7214145942606298]
,[0.6500459682577402, 0.7214145942606313]
,[0.6500459682584159, 0.7214145942618523]
],"vol":[[0.21387102692031956, 0.4618420781638257]
,[0.21387102691958332, 0.4618420781630345]
,[0.21387102691888674, 0.461842078163439]
,[0.21387102692112428, 0.46184207816308015]
,[0.21387102691996368, 0.46184207816365075]
,[0.21387102692071613, 0.46184207816186895]
,[0.21387102692021354, 0.46184207816276296]
,[0.2138710269189838, 0.4618420781641778]
,[0.2138710269194757, 0.46184207816425416]
,[0.2138710269205079, 0.4618420781623729]
,[0.21387102692012155, 0.46184207816262474]
,[0.21387102692095303, 0.46184207816377193]
,[0.2138710269193257, 0.46184207816296574]
,[0.21387102692034626, 0.46184207816255585]
,[0.213871026918909, 0.4618420781638145]
,[0.2138710269198424, 0.46184207816251527]
,[0.2138710269191301, 0.4618420781627079]
,[0.21387102691949145, 0.46184207816289974]
,[0.21387102691916338, 0.4618420781631658]
,[0.21387102691976756, 0.4618420781626001]
]}