{
"parameters":[2, 2, 2, 2, 20, 60]
,"current_iter":12,"domain":[[-5.12, -5.12]
,[5.12, 5.12]
],"result":[21.52119097130058, 10.208893586800333, 22.04353305436923, 18.261716570975718, 10.182861479882195, 34.390260719611334, 21.10553951495048, 31.345398115894778, 33.70537460519807, 18.02826792989051, 11.928818903219101, 10.555763694209462, 11.78006661749994, 17.44546855654757, 29.664772543930468, 17.899284936582134, 20.570728467728657, 10.797727347505974, 21.633178945801205, 7.987892194344207]
,"population":[[-5.12, -5.12]
,[-3.9137771348799983, -5.12]
,[-2.12695549555316, 0.6838872444631607]
,[-2.771284346914306, 1.0634467706035053]
,[-5.12, -1.6004002957657408]
,[-3.690727694966582, -3.1844160213270656]
,[-5.12, -0.18424671552359861]
,[-2.3913928882163944, -3.8891734421221607]
,[-3.111061500080719, -5.12]
,[-5.12, -5.12]
,[-5.12, -0.09400257072868823]
,[-5.12, -1.0962616080794687]
,[-2.1220277381990984, -4.80703559807783]
,[-5.12, -5.12]
,[-1.46428882308523, -5.12]
,[-5.12, -1.642923949593706]
,[-5.12, -2.9620504108970183]
,[-2.2452487552089764, -1.2133447340565764]
,[-3.1965101548560204, -5.12]
,[-1.6915573265410908, -0.7191397404508917]
],"den":[[0.6500456826599104, 0.7214120975652825]
,[0.6500456051010867, 0.721414581925334]
,[0.6500440886533091, 0.7214120715257389]
,[0.6500445426518415, 0.721412869574444]
,[0.6500445163731478, 0.7214143583497477]
,[0.6500462178703987, 0.7214120252132986]
,[0.6500456512427228, 0.7214134344053845]
,[0.6500460316297966, 0.7214129223040666]
,[0.6500456459351954, 0.7214126296558301]
,[0.6500469432617982, 0.7214147795771437]
,[0.6500454008055024, 0.7214137246656868]
,[0.6500443676479662, 0.7214148489427555]
,[0.6500459473946292, 0.721414065945643]
,[0.6500461985389909, 0.7214149085366535]
,[0.6500442001261881, 0.7214120827370963]
,[0.650044806448737, 0.7214120408233732]
,[0.650044319712373, 0.7214148467820278]
,[0.6500448042190607, 0.721413110988067]
,[0.6500451484903168, 0.7214131128529925]
,[0.6500459682584159, 0.7214145942618523]
],"vol":[[0.21387169665793623, 0.46184356520088304]
,[0.21387080338013323, 0.46184260526811993]
,[0.2138699582142757, 0.4618430959633816]
,[0.21387267301119708, 0.4618426606449992]
,[0.21387126488089644, 0.4618433529360217]
,[0.21387217782644088, 0.4618411910984669]
,[0.21387156800495724, 0.46184227575099973]
,[0.21387007598044758, 0.46184399240472274]
,[0.21387067280135144, 0.4618440850337353]
,[0.21387192517374504, 0.46184180250055695]
,[0.21387145640700506, 0.46184210805009207]
,[0.21387246523259626, 0.46184349994387985]
,[0.21387049079379822, 0.46184252182566105]
,[0.21387172907284882, 0.46184202447090555]
,[0.2138699852397975, 0.461843551633317]
,[0.21387111772586329, 0.46184197528301174]
,[0.21387025350235642, 0.46184220892847155]
,[0.21387069192721778, 0.46184244171724176]
,[0.2138702938642018, 0.46184276452643186]
,[0.21387102691976756, 0.4618420781626001]
]}