{
"parameters":[2, 2, 2, 2, 20, 60]
,"current_iter":49,"domain":[[-5.12, -5.12]
,[5.12, 5.12]
],"result":[0.5540765561904291, 0.019185730543886947, 0.6369013892112534, 0.0022852690841297374, 0.019254788920530785, 0.007851908182058054, 6.276092169323395, 3.6423389053117567, 0.01751404700325665, 0.020485182886815778, 1.5229208441641173, 1.897629356172068, 0.024040289824425187, 7.843319057622942, 1.0425201621128632, 5.9096249195956325, 19.2253800430124, 5.131191207127552, 0.04983184547575448, 5.035896589443837]
,"population":[[0.009569653895484621, 0.05220645011269906]
,[-0.004747767920166786, 0.008613042585821119]
,[-0.056702993118414015, 0.005365180083890285]
,[0.0013966942061019397, 0.003093300853188801]
,[0.0005104465702267248, 0.009839936245272154]
,[-0.001927040686725267, 0.005989031541277306]
,[-0.1352708365085893, 0.12305380978628119]
,[-0.026642328247220813, -0.6535992184141463]
,[-0.004872942700079935, 0.00803429397828151]
,[-0.0027276535776389298, 0.009790107302275159]
,[0.3360724828020949, -0.010790037783926834]
,[-0.6849179863261902, -0.0008630000323356915]
,[0.00045379306483394233, 0.011000802266940456]
,[0.738926710356756, -0.2521230987669714]
,[-0.005290934177779671, 0.4964731875009238]
,[1.2612842064978598, 0.6721653725953364]
,[-0.09595839000519384, -0.4922616301210266]
,[-0.0024277416356726883, -0.40049513809612913]
,[0.0005307555603690652, 0.015846236563236287]
,[0.4828592405399377, 0.30333914997610906]
],"den":[[0.6500459682584158, 0.721414594261852]
,[0.6500459682584158, 0.721414594261852]
,[0.6500459682584158, 0.721414594261852]
,[0.6500459682584158, 0.721414594261852]
,[0.6500459682584158, 0.721414594261852]
,[0.6500459682584158, 0.721414594261852]
,[0.6500459682584158, 0.721414594261852]
,[0.6500459682584158, 0.721414594261852]
,[0.6500459682584158, 0.721414594261852]
,[0.6500459682584158, 0.721414594261852]
,[0.6500459682584158, 0.721414594261852]
,[0.6500459682584158, 0.721414594261852]
,[0.6500459682584158, 0.721414594261852]
,[0.6500459682584158, 0.721414594261852]
,[0.6500459682584158, 0.721414594261852]
,[0.6500459682584158, 0.721414594261852]
,[0.6500459682584158, 0.721414594261852]
,[0.6500459682584158, 0.721414594261852]
,[0.6500459682584158, 0.721414594261852]
,[0.6500459682584158, 0.721414594261852]
],"vol":[[0.2138710269197674, 0.46184207816260037]
,[0.2138710269197674, 0.46184207816260037]
,[0.2138710269197674, 0.46184207816260037]
,[0.2138710269197674, 0.46184207816260037]
,[0.2138710269197674, 0.46184207816260037]
,[0.2138710269197674, 0.46184207816260037]
,[0.2138710269197674, 0.46184207816260037]
,[0.2138710269197674, 0.46184207816260037]
,[0.2138710269197674, 0.46184207816260037]
,[0.2138710269197674, 0.46184207816260037]
,[0.2138710269197674, 0.46184207816260037]
,[0.2138710269197674, 0.46184207816260037]
,[0.2138710269197674, 0.46184207816260037]
,[0.2138710269197674, 0.46184207816260037]
,[0.2138710269197674, 0.46184207816260037]
,[0.2138710269197674, 0.46184207816260037]
,[0.2138710269197674, 0.46184207816260037]
,[0.2138710269197674, 0.46184207816260037]
,[0.2138710269197674, 0.46184207816260037]
,[0.2138710269197674, 0.46184207816260037]
]}