{
"parameters":[2, 2, 2, 2, 20, 60]
,"current_iter":11,"domain":[[-5.12, -5.12]
,[5.12, 5.12]
],"result":[21.52119097130058, 10.208893586800333, 22.91745998891672, 23.337987284954693, 10.182861479882195, 34.390260719611334, 21.10553951495048, 31.345398115894778, 33.70537460519807, 18.02826792989051, 11.928818903219101, 10.555763694209462, 11.78006661749994, 17.44546855654757, 29.664772543930468, 17.899284936582134, 20.570728467728657, 10.797727347505974, 21.633178945801205, 7.987892194344207]
,"population":[[-5.12, -3.839592252003627]
,[-4.8489791518511165, -2.4346109961196385]
,[-5.12, 0.9000150691049906]
,[-2.7324224064312816, 0.577326279451442]
,[-2.6799853288444417, -5.12]
,[-5.12, -5.12]
,[-3.6595967574486643, 5.12]
,[-3.09188157240443, -5.12]
,[-5.12, -3.70372369342619]
,[-5.12, -1.1832874224737895]
,[-3.195649499915661, 3.404586750831928]
,[-5.12, -1.105979524338052]
,[-2.1609200720391235, -3.3347943876271025]
,[-3.9142427190108458, -3.1015117198017914]
,[-3.95948819595003, 2.820578489322378]
,[-4.3460450542599585, -1.3467543931029136]
,[-5.12, -2.415201208807192]
,[-5.12, -1.5195756075652578]
,[-5.12, -5.12]
,[-1.8286771808502627, -0.8119156262236784]
],"den":[[0.6500454170244107, 0.7214097753849193]
,[0.6500452673280354, 0.7214145704511242]
,[0.6500423404304285, 0.7214097251259665]
,[0.6500432166935204, 0.7214112654406937]
,[0.6500431659729832, 0.7214141389276267]
,[0.6500464500347923, 0.7214096357382718]
,[0.6500453563860605, 0.7214123556215443]
,[0.650046090571591, 0.7214113672141992]
,[0.6500453461419958, 0.7214108023734999]
,[0.6500478501135702, 0.7214149519391103]
,[0.6500448730168924, 0.7214129158532888]
,[0.6500428789183386, 0.7214150858217577]
,[0.6500459279891971, 0.7214135745581265]
,[0.6500464127232197, 0.721415200844009]
,[0.6500425555843611, 0.7214097467650202]
,[0.6500437258482129, 0.7214096658672947]
,[0.6500427863977946, 0.7214150816513347]
,[0.6500437215447121, 0.7214117313934063]
,[0.650044386023061, 0.721411734992901]
,[0.6500459682584159, 0.7214145942618523]
],"vol":[[0.2138723195821804, 0.46184494829690736]
,[0.21387059546566117, 0.4618430955295727]
,[0.2138689642100635, 0.4618440426210639]
,[0.21387420404273674, 0.4618432024125513]
,[0.21387148620881724, 0.46184453860425334]
,[0.21387324828606694, 0.4618403660390922]
,[0.21387207126891705, 0.46184245952819847]
,[0.21386919151068784, 0.4618457728435318]
,[0.21387034343540365, 0.46184595162689596]
,[0.21387276064080687, 0.4618415461069723]
,[0.21387185587358068, 0.4618421358484829]
,[0.21387380300901931, 0.4618448223442902]
,[0.21386999214241498, 0.46184293447718644]
,[0.2138723821462406, 0.46184197453219844]
,[0.2138690163720543, 0.4618449221101325]
,[0.2138712021847178, 0.46184187959458783]
,[0.21386953414592907, 0.4618423305539596]
,[0.21387038035026035, 0.46184277985983385]
,[0.21386961204837351, 0.4618434029142245]
,[0.21387102691976756, 0.4618420781626001]
]}