{
"parameters":[2, 2, 2, 2, 40, 40]
,"current_iter":17,"domain":[[-5.12, -5.12]
,[5.12, 5.12]
],"result":[29.477350018953103, 32.33673161699805, 1.6772184027811345, 4.684447353770711, 2.29907530314574, 7.572351913002139, 27.17724955779783, 28.812958196537792, 26.296213533289073, 9.133210275997225, 17.835150934521643, 11.652987536959301, 23.95502563416463, 8.87303366481293, 21.8348149868932, 11.007125296042226, 3.2263310870995525, 12.112728060944514, 24.902156226769065, 13.417591287028584, 16.66860236120152, 10.102387056023758, 13.76187689513229, 20.07557995883365, 20.64881484365912, 4.815656103172142, 17.071733944450415, 1.5187901640835637, 4.710953121993547, 2.456068119303188, 4.92572737096992, 2.4981337450816756, 15.901615270010758, 17.959937536791553, 20.380927701872135, 2.239194996970255, 19.527094725315646, 19.90290491475219, 5.656301676931099, 13.297144801291331]
,"population":[[5.12, -0.07067966656903497]
,[5.12, -2.5300152020049103]
,[0.9550647583629984, -0.043267859173944656]
,[1.288951397945022, 0.7129299694592233]
,[0.9633609483190171, -0.21272457635387787]
,[0.8255442771502424, 0.08688977631275102]
,[4.482206555782573, -5.12]
,[3.37048809709959, -0.054566264180795084]
,[4.691953970539662, 5.12]
,[1.8280923076649653, 5.12]
,[3.0795390647955294, -0.29437041549911763]
,[5.12, -0.03897841845455833]
,[5.12, 0.5450765286322359]
,[5.020811642537468, -0.26864617108371014]
,[1.6037141671984725, 3.2205169756977665]
,[1.3993754271594216, 0.1546722342742414]
,[1.1969388028908088, -0.0858778761237887]
,[2.8417729253864215, 0.18012838879915863]
,[0.1469774004341431, -2.5338638941970113]
,[0.32753705532828326, 2.764700395821448]
,[1.7331269951777923, -1.0860743715949759]
,[-2.3538962745115732, 0.49203769169010475]
,[2.4804787340913195, 0.4121010432026827]
,[4.593414534669451, -3.9340861816308634]
,[0.319465172556452, -5.12]
,[1.136715655148358, -0.016719675736012116]
,[5.12, 4.322147705347595]
,[0.9542939157358229, -0.031689676635540606]
,[2.567222113441318, -0.020811767405817527]
,[0.9460667400729623, 0.9938138058949235]
,[0.9538147758768016, -0.13902197785099285]
,[0.9498893919593712, 2.253716290073687]
,[0.36084088266694625, -1.1438122678421165]
,[-4.3923407013824525, -0.04321233902428245]
,[1.5643932414673052, 1.6289735123237181]
,[0.9325140231293025, 1.0160844317690763]
,[0.6824491041615482, 4.773356389171857]
,[5.12, -2.3065028499475146]
,[0.8980323640283299, 0.12324827427921584]
,[0.9250059204503546, -3.4087640117403466]
],"den":[[0.759847643592668, 0.4835695142393744]
,[0.7598492151797708, 0.48357156260969375]
,[0.7598470205807442, 0.48357048128377544]
,[0.7598478977596045, 0.4835697663619604]
,[0.7598477720177178, 0.4835695740830803]
,[0.7598469411747074, 0.48357145888723985]
,[0.7598487043439437, 0.4835694422068389]
,[0.759846756449936, 0.4835713187010776]
,[0.7598487257286437, 0.48356967056675215]
,[0.7598497227117769, 0.48356944545548325]
,[0.7598495226371266, 0.48356932017517473]
,[0.7598478812654578, 0.48356969891905904]
,[0.7598483299491409, 0.48357091523531126]
,[0.7598477946750675, 0.48357006709012773]
,[0.7598477439038924, 0.4835709001361283]
,[0.7598472387808302, 0.48356931904777967]
,[0.7598481567309621, 0.48357157007024504]
,[0.7598468027141155, 0.48356955070600377]
,[0.7598478827667193, 0.4835714900088977]
,[0.7598471456871776, 0.4835710816468617]
,[0.7598472703063062, 0.483572123470729]
,[0.7598473882528887, 0.4835708542707315]
,[0.7598489223220455, 0.4835704718960408]
,[0.7598487318015592, 0.48356988730460515]
,[0.7598483772333506, 0.4835709986783277]
,[0.7598493003655266, 0.4835708659961648]
,[0.759849683922521, 0.4835709670011849]
,[0.7598482474000716, 0.48356946429692127]
,[0.7598483630918452, 0.4835693761372872]
,[0.7598484903894888, 0.48357077616628963]
,[0.759848519388049, 0.4835720609791243]
,[0.7598492008804127, 0.48357067977584073]
,[0.7598474851169102, 0.48357129476265875]
,[0.7598486254873134, 0.4835707702927802]
,[0.7598484139090386, 0.4835706926591372]
,[0.7598491361201057, 0.483570745889901]
,[0.7598472416603776, 0.4835718348058093]
,[0.7598478543783951, 0.48357092690967074]
,[0.7598495074266641, 0.4835709040374774]
,[0.7598475822579531, 0.48356944202688773]
],"vol":[[0.6986701116694182, 0.5179043512454756]
,[0.6986723558253566, 0.5179039521669272]
,[0.6986701648721405, 0.5179039376343619]
,[0.6986701454293286, 0.5179053659391585]
,[0.6986704065678281, 0.5179049424003578]
,[0.6986715957625436, 0.5179035204649571]
,[0.6986705523542062, 0.5179027798942066]
,[0.6986720983466609, 0.5179048688712752]
,[0.6986723823306509, 0.5179027083940728]
,[0.6986714679383034, 0.5179030252790597]
,[0.6986726952121818, 0.5179036504066992]
,[0.6986707416090672, 0.5179039695651295]
,[0.6986718188233675, 0.517904927429644]
,[0.6986716291820098, 0.5179035734023343]
,[0.698671677983333, 0.5179034442691511]
,[0.6986710510025955, 0.5179054367071168]
,[0.6986704890069687, 0.5179047487551247]
,[0.6986702446010106, 0.517902834094195]
,[0.6986723533159712, 0.5179035863059218]
,[0.6986702437679966, 0.5179040145511472]
,[0.6986730457227945, 0.5179044257739647]
,[0.6986712251711136, 0.5179042794136836]
,[0.6986709638865546, 0.5179049851395378]
,[0.6986719405051802, 0.5179055464654598]
,[0.6986709556427593, 0.5179047629479484]
,[0.6986724849126551, 0.5179034222529169]
,[0.6986718992672767, 0.517903108664196]
,[0.6986728715118293, 0.5179054744075825]
,[0.6986725858976693, 0.5179047803206012]
,[0.6986708046204467, 0.5179028472597144]
,[0.6986706584708066, 0.5179040135821041]
,[0.6986724458757604, 0.517904194555464]
,[0.6986711338445438, 0.5179051889441494]
,[0.6986730181544605, 0.5179050524768207]
,[0.6986702842946653, 0.5179036229376822]
,[0.6986709747573341, 0.5179035498091108]
,[0.6986723744833281, 0.5179029550465499]
,[0.6986730057550816, 0.5179029742706112]
,[0.6986707578815216, 0.5179051131884056]
,[0.6986724603488964, 0.5179054110758999]
]}