{
"parameters":[2, 2, 2, 2, 40, 40]
,"current_iter":32,"domain":[[-5.12, -5.12]
,[5.12, 5.12]
],"result":[0.08753556846477117, 12.199129881774414, 1.0105997301565282, 0.0004221285313832368, 0.06004294874684746, 0.001417233917440086, 10.11612694869144, 5.275484585531842E-05, 0.001784779749662846, 1.1830499801552286, 1.2557122037614477, 2.8160625422657404E-06, 0.0917045325394863, 7.476575802121745, 7.900656394100396, 3.3718622347578275E-06, 0.016475668797685472, 4.206295426657817, 0.16009582386555543, 4.05833230682716, 0.0008322158048272854, 0.04178117206994081, 0.0004148546467970249, 1.5374384508332266, 0.00046630221075005807, 0.0008092286900289736, 2.924406941917603, 0.035180291996216084, 0.00033855979320307483, 2.456068119303188, 0.0005640773506101482, 2.4981337450816756, 0.004458008118289669, 6.776005227435281, 0.00017211387047133542, 2.239194996970255, 0.04448343318746417, 0.0010920667920419902, 0.06489439847696943, 0.05211744749053082]
,"population":[[0.020953494880792935, 0.0016753456604650773]
,[0.286021114458311, -0.023110042756038753]
,[0.7697273747928642, -0.0007837047875520474]
,[-0.0011463567365058837, -0.0009020104618574518]
,[-0.012675614282061607, -0.01192171520950321]
,[-0.002588962928881446, 0.0006640930966127945]
,[-1.5183505224720129, 0.24093194253221226]
,[-0.00030023946582323057, 0.0004192474638900502]
,[0.0007998947122307544, -0.002890782386158273]
,[0.0011957230996283849, -0.16972729223129945]
,[0.2185733613489051, -0.002648594460575166]
,[2.25439713499951E-05, 0.00011698803208442599]
,[0.021240862835092647, 0.0034250496074243798]
,[0.8531123014139986, -0.12135760746373198]
,[-0.41961108605847897, -0.009513010317744328]
,[0.00011557610000006078, -6.0316804217743354E-05]
,[0.008935535391053418, 0.0017953004319919026]
,[-0.37146708562197395, -0.09213504474452536]
,[-0.009229356518911613, -0.026898352779845355]
,[0.017869322735575052, -0.8681131812799878]
,[-0.0007214131487154049, 0.0019168754644268533]
,[0.0015063930675009508, 0.014438559489055643]
,[0.001304091201057463, 0.000624852574214154]
,[-0.004175437137284529, 0.6919284214093397]
,[0.000457192895085194, 0.0014633513260804431]
,[0.0018984045405892897, 0.0006892312792189067]
,[0.7482371039894482, 0.009736391760973887]
,[0.01318436046899794, -0.0018970123832771943]
,[-0.0008041300250592663, 0.0010295137557571063]
,[-0.5995576219648436, 0.4815838218518073]
,[2.982110451561564E-05, 0.0016859366358254124]
,[-0.4559770189558979, 0.5399747273912878]
,[-0.00464225362622346, 0.0009600517137242256]
,[-1.3173028496128947, 0.006219734355182771]
,[-0.0002923645001605192, -0.0008843466794770775]
,[-0.13372103662302195, 0.04538989735884097]
,[0.013631952105409982, -0.0062054442115113215]
,[0.00012499181567322771, 0.0023428751776794214]
,[0.018040966538902345, -0.0014042408394155047]
,[0.003918739070006313, -0.015733530905332558]
],"den":[[0.7598480709688056, 0.4835696128788935]
,[0.7598480709754376, 0.4835696128875376]
,[0.7598480709661765, 0.4835696128829744]
,[0.7598480709698782, 0.4835696128799574]
,[0.7598480709693475, 0.483569612879146]
,[0.7598480709658414, 0.4835696128870999]
,[0.7598480709732819, 0.4835696128785895]
,[0.7598480709650619, 0.4835696128865083]
,[0.7598480709733721, 0.4835696128795532]
,[0.7598480709775794, 0.4835696128786032]
,[0.7598480709767351, 0.48356961287807454]
,[0.7598480709698086, 0.4835696128796728]
,[0.7598480709717019, 0.48356961288480566]
,[0.7598480709694432, 0.4835696128812265]
,[0.7598480709692289, 0.48356961288474193]
,[0.7598480709670973, 0.48356961287806977]
,[0.7598480709709711, 0.48356961288756906]
,[0.7598480709652571, 0.4835696128790474]
,[0.7598480709698149, 0.4835696128872312]
,[0.7598480709667044, 0.4835696128855079]
,[0.7598480709672303, 0.4835696128899044]
,[0.759848070967728, 0.4835696128845484]
,[0.7598480709742018, 0.48356961288293476]
,[0.7598480709733978, 0.4835696128804678]
,[0.7598480709719015, 0.48356961288515776]
,[0.7598480709757971, 0.4835696128845979]
,[0.7598480709774157, 0.4835696128850241]
,[0.7598480709713537, 0.4835696128786827]
,[0.7598480709718418, 0.4835696128783107]
,[0.759848070972379, 0.4835696128842188]
,[0.7598480709725014, 0.4835696128896407]
,[0.7598480709753773, 0.483569612883812]
,[0.7598480709681368, 0.48356961288640726]
,[0.7598480709729492, 0.48356961288419403]
,[0.7598480709720563, 0.4835696128838664]
,[0.759848070975104, 0.483569612884091]
,[0.7598480709671095, 0.4835696128886862]
,[0.7598480709696951, 0.48356961288485495]
,[0.759848070976671, 0.4835696128847584]
,[0.7598480709685468, 0.48356961287858874]
],"vol":[[0.6986724769109097, 0.5179052427714691]
,[0.69867247692038, 0.517905242769785]
,[0.6986724769111342, 0.5179052427697237]
,[0.6986724769110522, 0.5179052427757511]
,[0.6986724769121542, 0.5179052427739638]
,[0.6986724769171725, 0.5179052427679632]
,[0.6986724769127693, 0.517905242764838]
,[0.6986724769192935, 0.5179052427736535]
,[0.6986724769204918, 0.5179052427645363]
,[0.6986724769166331, 0.5179052427658736]
,[0.6986724769218122, 0.5179052427685116]
,[0.698672476913568, 0.5179052427698584]
,[0.6986724769181138, 0.5179052427739006]
,[0.6986724769173136, 0.5179052427681866]
,[0.6986724769175195, 0.5179052427676416]
,[0.6986724769148737, 0.5179052427760497]
,[0.6986724769125021, 0.5179052427731465]
,[0.6986724769114706, 0.5179052427650668]
,[0.6986724769203694, 0.517905242768241]
,[0.6986724769114672, 0.5179052427700482]
,[0.6986724769232914, 0.5179052427717836]
,[0.6986724769156086, 0.517905242771166]
,[0.6986724769145061, 0.5179052427741441]
,[0.6986724769186273, 0.5179052427765128]
,[0.6986724769144712, 0.5179052427732065]
,[0.6986724769209247, 0.5179052427675488]
,[0.6986724769184534, 0.5179052427662254]
,[0.6986724769225562, 0.5179052427762088]
,[0.6986724769213509, 0.5179052427732798]
,[0.6986724769138339, 0.5179052427651223]
,[0.6986724769132172, 0.5179052427700441]
,[0.69867247692076, 0.5179052427708078]
,[0.6986724769152233, 0.5179052427750042]
,[0.698672476923175, 0.5179052427744283]
,[0.6986724769116381, 0.5179052427683957]
,[0.6986724769145519, 0.517905242768087]
,[0.6986724769204588, 0.5179052427655771]
,[0.6986724769231227, 0.5179052427656583]
,[0.6986724769136367, 0.5179052427746845]
,[0.6986724769208211, 0.5179052427759415]
]}