{
"parameters":[2, 2, 2, 2, 40, 40]
,"current_iter":16,"domain":[[-5.12, -5.12]
,[5.12, 5.12]
],"result":[9.476827691041455, 1.191333736606543, 13.410102345139723, 30.19627187578816, 2.23584456278253, 6.714724292978746, 18.716683365186462, 17.689392009505948, 4.0143668792853635, 4.371442016983057, 19.33445612642388, 23.447166653111385, 4.455090705050555, 10.497900638983358, 18.133909663304642, 3.59997995009803, 9.372212831102065, 2.8439780103801553, 15.85533039677022, 24.574748369632967, 23.204083873965423, 2.6857806180950057, 30.174669757032532, 29.012206269597524, 29.980523165951915, 8.189405063406308, 7.358459727248077, 14.345450671322238, 21.691483763559518, 7.329252391040713, 23.564829169793956, 7.66293238904921, 21.516806042096356, 26.63409532693507, 12.998040749141587, 13.05497858298163, 16.725792792552408, 13.714847497363069, 23.164095849577684, 10.785658708413756]
,"population":[[3.6882742080178343, 1.0326834019039062]
,[0.9701255164689125, 0.01939512017926459]
,[-3.549605508863989, 1.868521643565599]
,[2.7402924958299764, 5.12]
,[1.3507000820342236, 2.422754453379605]
,[1.2086191700167523, -0.12034009096596845]
,[4.983555895705273, 1.3257943281022546]
,[5.12, -5.12]
,[1.1206973497757458, 0.009533695571954411]
,[1.1201601788711846, 0.12178702824322185]
,[-0.13709252602489153, 3.1796040096738487]
,[0.9800502101642764, -2.5662761977093753]
,[2.7800732363115213, -1.8232380235969428]
,[5.12, -0.7833694875363446]
,[2.0454552354906443, 1.3999759232267528]
,[1.0964623982562887, 1.9862965882051997]
,[5.12, 0.029216694547285732]
,[0.9830312225979333, -0.12586196661961624]
,[3.7226923945264168, -0.5957808296304806]
,[4.443227921004735, -0.556536380179643]
,[1.2337538448224874, -5.12]
,[1.425360155393076, 2.949468177408857]
,[1.9442720058360852, 5.12]
,[5.12, -0.1244769832961897]
,[5.12, 5.12]
,[0.9578948049121881, 1.6255066456271519]
,[3.5792209799012453, -0.19957327556077745]
,[1.2107373166972257, 4.809145041537892]
,[5.12, 2.9643264957872026]
,[1.3238477244586688, 2.8527700722823983]
,[1.5942705556269212, 4.852717217730364]
,[-0.3341226110227503, 0.3637273374821312]
,[5.12, -0.43118005894642003]
,[5.12, -2.656545957748222]
,[5.12, -5.12]
,[2.351713006604912, -5.12]
,[3.6734998112070794, 5.12]
,[1.5388320603077539, -1.8326733216553224]
,[5.12, 2.7965886064702605]
,[3.226525109867574, 1.9713994245177444]
],"den":[[0.354264669900057, 0.45899623813367585]
,[0.35426472686888133, 0.4589963329959623]
,[0.35426476062098705, 0.4589962835931676]
,[0.3542647520879715, 0.4589962631505805]
,[0.35426473634876815, 0.4589962672331727]
,[0.35426489023192137, 0.458996190765547]
,[0.354264907681979, 0.4589963775446886]
,[0.35426477536808076, 0.4589962526315079]
,[0.3542648021421538, 0.458996226687432]
,[0.3542647038700885, 0.45899627745679134]
,[0.3542647002613847, 0.4589962954705247]
,[0.3542646929426653, 0.4589962558114897]
,[0.35426479721552057, 0.45899629046411095]
,[0.3542648388590149, 0.45899626999507803]
,[0.35426468323407984, 0.45899619356279414]
,[0.35426479508762676, 0.45899616520771097]
,[0.3542646840350675, 0.4589963270685085]
,[0.35426476547838354, 0.4589962208904058]
,[0.3542648043871832, 0.4589962042616874]
,[0.35426466778744764, 0.4589962908148267]
,[0.3542648437877519, 0.4589961982266866]
,[0.354264846597235, 0.4589961518815771]
,[0.35426483825943406, 0.45899638973480156]
,[0.3542647282328882, 0.4589963259989663]
,[0.3542647554934199, 0.45899637547130095]
,[0.354264838533584, 0.45899624969731195]
,[0.35426466987294725, 0.4589961566541476]
,[0.35426475888136305, 0.45899631675441066]
,[0.3542647205483178, 0.45899624011793566]
,[0.35426487661841727, 0.4589962206837122]
,[0.35426490142351597, 0.4589963136994346]
,[0.3542647987345332, 0.45899616203572474]
,[0.3542647529384286, 0.45899621181230976]
,[0.3542648920916225, 0.45899628928128966]
,[0.354264679265556, 0.45899632090422315]
,[0.3542646660306265, 0.4589963160568379]
,[0.3542648846518565, 0.4589962609596591]
,[0.3542648249829356, 0.4589963209405178]
,[0.3542646795367617, 0.4589963458113938]
,[0.3542648224715003, 0.4589962896066952]
],"vol":[[0.4057702032563718, 0.48884905933568]
,[0.40577009604045605, 0.4888491037636282]
,[0.4057700883507335, 0.48884911259533587]
,[0.4057700636371776, 0.48884908118096315]
,[0.40577001210820535, 0.48884927517290183]
,[0.40577019535998093, 0.4888491654726917]
,[0.4057701495500946, 0.48884922068980646]
,[0.40577015414299056, 0.48884925834726495]
,[0.40577001193925477, 0.48884907220848045]
,[0.4057702261097544, 0.4888490576874433]
,[0.4057699789605158, 0.48884913818282283]
,[0.4057702191721416, 0.48884903941222013]
,[0.40577012612453445, 0.48884920678350935]
,[0.4057701752250514, 0.48884917783590753]
,[0.40577008857686037, 0.48884909630759077]
,[0.4057701482292036, 0.48884927912950404]
,[0.4057701339580086, 0.48884909506996116]
,[0.4057700120148329, 0.4888492247292784]
,[0.4057702222493738, 0.4888491256098452]
,[0.40577020690258203, 0.4888492860234805]
,[0.40577007155087885, 0.4888492391049709]
,[0.4057699958354214, 0.48884925792707207]
,[0.405770115583752, 0.48884920071906934]
,[0.4057701698784707, 0.4888492846899012]
,[0.40577016835814494, 0.48884921110155777]
,[0.4057700626925075, 0.4888491098217149]
,[0.40577008378661217, 0.48884907751009427]
,[0.4057700051892152, 0.48884908497323715]
,[0.4057701764355306, 0.48884917499575864]
,[0.4057700180287396, 0.4888490798338209]
,[0.4057701835032043, 0.48884912182023593]
,[0.4057700630093559, 0.4888491955360505]
,[0.4057702167515555, 0.48884921149953287]
,[0.4057701133172597, 0.48884919329665616]
,[0.40577005642727115, 0.48884922532412095]
,[0.4057700240114156, 0.4888491240038902]
,[0.4057701037793367, 0.4888492134107939]
,[0.40577002606083235, 0.48884920245689034]
,[0.4057701353868286, 0.4888492609013792]
,[0.4057700688886596, 0.4888490889577393]
]}