{
"parameters":[2, 2, 2, 2, 40, 40]
,"current_iter":17,"domain":[[-5.12, -5.12]
,[5.12, 5.12]
],"result":[9.476827691041455, 1.191333736606543, 13.410102345139723, 29.862972130682557, 2.23584456278253, 6.714724292978746, 18.716683365186462, 17.689392009505948, 4.0143668792853635, 4.371442016983057, 19.33445612642388, 0.9983543361387675, 4.455090705050555, 10.497900638983358, 18.133909663304642, 3.59997995009803, 9.372212831102065, 1.1771090706271057, 15.85533039677022, 24.574748369632967, 17.403904830141666, 2.6857806180950057, 30.174669757032532, 29.012206269597524, 29.980523165951915, 8.189405063406308, 7.358459727248077, 14.345450671322238, 21.691483763559518, 7.329252391040713, 23.564829169793956, 7.66293238904921, 21.516806042096356, 26.63409532693507, 12.998040749141587, 13.05497858298163, 16.725792792552408, 13.714847497363069, 23.164095849577684, 10.785658708413756]
,"population":[[5.12, 0.5646427973707094]
,[0.9701255164689125, 0.01939512017926459]
,[-1.4553946168118435, 0.38466489159226036]
,[1.816950057624985, 1.6001445368605063]
,[2.6502252919131717, 0.668215537326155]
,[3.8909207630579443, -0.04717258660683667]
,[3.604789224438517, 2.290051754456606]
,[5.12, -4.487759028267648]
,[0.7508105566683022, 0.024929621753171836]
,[1.0956277180201204, 1.708245981494292]
,[3.6978175105165523, -0.10132302666773021]
,[0.9908262999274657, 0.00022782179254898435]
,[3.9178760842679847, -2.2065010585178397]
,[2.9831103970616817, -1.231487866297516]
,[2.6241221374654864, 5.12]
,[1.0849736126000757, 2.7999013204987766]
,[4.005649459148662, 0.031292755401936996]
,[0.9742599147123386, -0.022178470900569867]
,[4.381297860865135, -2.0009635520109867]
,[3.180352669157547, -0.2451602911706906]
,[1.1391627529944985, -0.7178623827856128]
,[1.7943919075939108, 2.8601195043483325]
,[1.5554161133783335, 5.12]
,[5.12, -0.07271959053589376]
,[4.44746404638769, 2.1379875275489213]
,[0.6743856124236981, 2.030897588561089]
,[1.448072512440617, -0.3874259292836836]
,[2.1681684103720618, 5.12]
,[5.12, 2.730329509040133]
,[1.963495432866095, 1.1235862659434241]
,[1.2787897381033577, 2.1805573736232486]
,[0.967389569314569, 0.33396772723677326]
,[4.228129375298685, -0.3959964505853462]
,[5.12, -2.7130122880638763]
,[5.12, -1.8358420124974473]
,[2.6080105681776757, -5.12]
,[1.4820454337961133, 4.963212283331416]
,[2.2183195334953436, -5.12]
,[1.1426043694424317, 5.12]
,[1.325874663709677, 3.825222682100415]
],"den":[[0.3542646831385675, 0.4589962601779323]
,[0.35426472686888133, 0.4589963329959623]
,[0.3542647527776164, 0.4589962950734715]
,[0.3542647462275172, 0.45899627938136695]
,[0.3542647341458162, 0.45899628251523955]
,[0.3542648522693454, 0.45899622381728833]
,[0.35426486566432946, 0.4589963671923812]
,[0.3542647640977558, 0.458996271306734]
,[0.35426478465002503, 0.4589962513915858]
,[0.35426470921458636, 0.4589962903630766]
,[0.35426470644447916, 0.45899630419074855]
,[0.354264700826496, 0.45899627374774626]
,[0.3542647808682511, 0.4589963003477336]
,[0.3542648128345607, 0.4589962846353287]
,[0.35426469337400784, 0.45899622596450657]
,[0.3542647792348408, 0.45899620419862497]
,[0.3542646939888607, 0.4589963284459401]
,[0.35426475650624295, 0.4589962469416822]
,[0.3542647863733508, 0.4589962341771731]
,[0.35426468151688983, 0.4589963006169494]
,[0.35426481661794956, 0.45899622954459585]
,[0.3542648187745603, 0.4589961939692403]
,[0.35426481237431146, 0.45899637654973535]
,[0.354264727915918, 0.4589963276249399]
,[0.35426474884160186, 0.45899636560081086]
,[0.35426481258475395, 0.4589962690543914]
,[0.35426468311775755, 0.4589961976327529]
,[0.3542647514422491, 0.4589963205286495]
,[0.3542647220171009, 0.45899626170108654]
,[0.3542648418193701, 0.45899624678302037]
,[0.3542648608602186, 0.45899631818359393]
,[0.35426478203427303, 0.45899620176375017]
,[0.35426474688034365, 0.45899623997316924]
,[0.35426485369688604, 0.45899629943977827]
,[0.3542646903276962, 0.4589963237141217]
,[0.35426468016832174, 0.4589963199931799]
,[0.35426484798598534, 0.4589962776995755]
,[0.35426480218302786, 0.4589963237419821]
,[0.35426469053587867, 0.45899634283332247]
,[0.3542648002552041, 0.4589962996895655]
],"vol":[[0.4057701783413583, 0.4888490696599208]
,[0.40577009604045605, 0.4888491037636282]
,[0.40577009013768406, 0.4888491105430089]
,[0.40577007116710556, 0.48884908642876057]
,[0.4057700316125219, 0.48884923534052865]
,[0.40577017227994394, 0.4888491511326365]
,[0.40577013711543547, 0.48884919351830597]
,[0.40577014064102657, 0.4888492224248614]
,[0.4057700314828323, 0.4888490795413184]
,[0.4057701958840337, 0.4888490683947041]
,[0.4057700061677478, 0.48884913018443293]
,[0.405770190558595, 0.48884905436630777]
,[0.4057701191335461, 0.48884918284357737]
,[0.4057701568240029, 0.4888491606228676]
,[0.4057700903112632, 0.4888490980402372]
,[0.4057701361014953, 0.48884923837768907]
,[0.40577012514666444, 0.48884909709021]
,[0.4057700315408475, 0.48884919661907866]
,[0.4057701929207348, 0.48884912053318486]
,[0.4057701811402561, 0.48884924366963173]
,[0.4057700772418077, 0.48884920765412376]
,[0.4057700191212346, 0.48884922210231363]
,[0.40577011104224825, 0.48884917818840207]
,[0.4057701527198696, 0.4888492426459518]
,[0.4057701515528397, 0.4888491861581905]
,[0.40577007044195945, 0.48884910841392665]
,[0.40577008663418085, 0.4888490836109343]
,[0.4057700263013782, 0.4888490893397796]
,[0.405770157753189, 0.48884915844271726]
,[0.4057700361572325, 0.4888490853946695]
,[0.40577016317846487, 0.4888491176242113]
,[0.4057700706851781, 0.48884917420982177]
,[0.4057701887005087, 0.48884918646368347]
,[0.4057701093024472, 0.48884917249082166]
,[0.40577006563264917, 0.4888491970756907]
,[0.4057700407496443, 0.4888491193004243]
,[0.4057701019809627, 0.4888491879308025]
,[0.4057700423228141, 0.4888491795223853]
,[0.4057701262434529, 0.4888492243854463]
,[0.4057700751982394, 0.4888490923983565]
]}