{
"parameters":[2, 2, 2, 2, 20, 60]
,"current_iter":19,"domain":[[-5.12, -5.12]
,[5.12, 5.12]
],"result":[21.52119097130058, 10.208893586800333, 22.04353305436923, 18.261716570975718, 10.182861479882195, 34.390260719611334, 21.10553951495048, 21.850647791428518, 33.70537460519807, 18.02826792989051, 11.928818903219101, 10.555763694209462, 11.78006661749994, 17.44546855654757, 28.944823600207503, 17.899284936582134, 20.570728467728657, 10.797727347505974, 21.633178945801205, 5.035896589443837]
,"population":[[-3.3963117239656313, -4.495591644231219]
,[-2.842776476456468, -4.758676179350145]
,[-1.790530514669613, -3.205987437131869]
,[0.167727229693035, -5.12]
,[-5.12, -2.120465459983827]
,[-3.866203485025395, -5.12]
,[-5.12, -0.5263781672607725]
,[-2.05633186314925, -3.904129834835406]
,[-4.6153254274440485, -5.12]
,[-3.860690746913059, -5.043858945103118]
,[-5.12, -0.17426872935086368]
,[-5.12, -1.1805502879507603]
,[-2.1814037639253763, -3.63072547290931]
,[-5.12, -5.12]
,[-5.12, -0.8949606044674701]
,[-4.636980636868479, -1.4594794664265152]
,[-5.12, -2.8221759697709947]
,[-2.360772200979733, -1.1652936389134985]
,[-4.494089866987913, -1.8865448340777684]
,[-1.9723217347898174, -0.9954395255922033]
],"den":[[0.6500459682521313, 0.7214145942069136]
,[0.6500459682504247, 0.7214145942615808]
,[0.650045968217056, 0.7214145942063406]
,[0.650045968227046, 0.7214145942239013]
,[0.6500459682264678, 0.7214145942566611]
,[0.6500459682639085, 0.7214145942053215]
,[0.6500459682514401, 0.7214145942363301]
,[0.6500459682598103, 0.7214145942250616]
,[0.6500459682513233, 0.721414594218622]
,[0.6500459682798704, 0.72141459426593]
,[0.6500459682459293, 0.7214145942427173]
,[0.6500459682231952, 0.7214145942674565]
,[0.6500459682579568, 0.7214145942502269]
,[0.650045968263483, 0.7214145942687678]
,[0.6500459682195089, 0.7214145942065874]
,[0.6500459682328508, 0.721414594205665]
,[0.6500459682221403, 0.721414594267409]
,[0.6500459682328017, 0.7214145942292135]
,[0.6500459682403772, 0.7214145942292546]
,[0.6500459682584159, 0.7214145942618523]
],"vol":[[0.21387102693450485, 0.4618420781953217]
,[0.21387102691484866, 0.4618420781741988]
,[0.21387102689625118, 0.46184207818499634]
,[0.21387102695598906, 0.46184207817541734]
,[0.2138710269250038, 0.4618420781906509]
,[0.21387102694509275, 0.46184207814308065]
,[0.2138710269316739, 0.46184207816694794]
,[0.21387102689884258, 0.4618420782047221]
,[0.21387102691197535, 0.4618420782067604]
,[0.21387102693953325, 0.4618420781565343]
,[0.21387102692921822, 0.46184207816325773]
,[0.213871026951417, 0.4618420781938858]
,[0.21387102690797036, 0.4618420781723627]
,[0.21387102693521812, 0.46184207816141865]
,[0.21387102689684587, 0.46184207819502315]
,[0.2138710269217657, 0.4618420781603363]
,[0.21387102690274887, 0.4618420781654775]
,[0.2138710269123962, 0.46184207817059997]
,[0.21387102690363702, 0.46184207817770323]
,[0.21387102691976756, 0.4618420781626001]
]}