{
"parameters":[2, 2, 2, 2, 40, 40]
,"current_iter":28,"domain":[[-5.12, -5.12]
,[5.12, 5.12]
],"result":[9.476827691041455, 0.9952984335561084, 13.327363424774468, 1.0150014223220492, 2.23584456278253, 1.032953016088074, 18.716683365186462, 17.689392009505948, 0.9949881095273572, 1.0293769842950198, 4.603884096677864, 0.9949662583580245, 4.455090705050555, 10.497900638983358, 15.763515092724024, 3.0117678147848608, 1.51051745999286, 0.9954465492368314, 15.85533039677022, 2.8902872374117727, 4.175121900868784, 2.6857806180950057, 3.434124934587653, 15.03785706760222, 17.343682685281255, 0.9968310799209181, 7.358459727248077, 14.345450671322238, 8.504797811130782, 7.329252391040713, 8.207570327825579, 0.9949916040330926, 1.4276257086117319, 8.91197874459479, 12.998040749141587, 10.221618791394743, 9.039791661013778, 13.714847497363069, 13.149211582631198, 6.24362739534687]
,"population":[[4.873053805759917, 0.7224631774832725]
,[0.9961396554111386, -0.0005625177830343082]
,[3.5286409777524046, -0.24569819328716777]
,[0.9970194271352523, 0.009839178627822109]
,[1.376347283233744, 0.5089473754201358]
,[0.9968769015346861, -0.013709366221828645]
,[1.3617336373707198, 1.0390373034897915]
,[4.915161612779395, -1.969659390300584]
,[0.9946125922106938, -0.0001635682810239752]
,[0.9946407935220937, -0.013171252480747447]
,[1.9989027245865667, -1.4517466567031185]
,[0.9949417700379375, -0.00018977295623647948]
,[2.9540013340877236, -0.5430577832986831]
,[1.8450694289999836, -0.4855742928381304]
,[1.910584768957238, 2.181328730646867]
,[0.9731107373082124, -0.1000703103182273]
,[2.0971977430219617, -0.0006160356448100753]
,[0.9955200035490411, -0.002370410848876549]
,[1.320545667937348, -0.7645921502706052]
,[1.0180692847019186, -0.09645421291127942]
,[0.95859746734037, 0.15735927940943892]
,[2.151750353624733, 0.16641694801333265]
,[1.5989244715725732, 0.09271051486771478]
,[2.0687676069598466, -0.6503960137528723]
,[3.2017613212348586, 0.01973115737519285]
,[0.993551616983677, -0.0027308670512682346]
,[2.273971809435485, -0.15274453345943775]
,[2.075472006687624, 2.9518918113815693]
,[1.3979140079278605, 0.25152715433802336]
,[1.0894174753533596, 1.2932235700774017]
,[1.0033475802947367, 0.2325746405900571]
,[0.9949607815963006, -0.0004050297665386826]
,[1.6526792477385726, -0.02753345886649521]
,[4.215367382465912, -0.06604474331080104]
,[1.3206017562123242, -1.0749809719144126]
,[0.9867594553271537, 0.7720781358404392]
,[1.210382073119451, 0.01391802800320741]
,[1.6231892938563652, -0.04500583098988974]
,[2.184542532385504, 1.0791168047933573]
,[2.0000922749761596, 0.1084082676936866]
],"den":[[0.35426470088038686, 0.458996273733354]
,[0.35426470088040857, 0.4589962737333902]
,[0.35426470088042145, 0.4589962737333713]
,[0.35426470088041817, 0.45899627373336355]
,[0.3542647008804122, 0.4589962737333651]
,[0.3542647008804708, 0.45899627373333596]
,[0.35426470088047746, 0.4589962737334071]
,[0.35426470088042705, 0.45899627373335955]
,[0.3542647008804372, 0.4589962737333496]
,[0.3542647008803998, 0.458996273733369]
,[0.35426470088039846, 0.45899627373337587]
,[0.35426470088039563, 0.45899627373336077]
,[0.3542647008804353, 0.4589962737333739]
,[0.3542647008804512, 0.45899627373336616]
,[0.3542647008803919, 0.458996273733337]
,[0.35426470088043455, 0.45899627373332624]
,[0.35426470088039225, 0.45899627373338786]
,[0.3542647008804233, 0.45899627373334745]
,[0.3542647008804381, 0.45899627373334106]
,[0.3542647008803861, 0.4589962737333741]
,[0.3542647008804531, 0.4589962737333388]
,[0.35426470088045414, 0.45899627373332114]
,[0.354264700880451, 0.4589962737334118]
,[0.35426470088040907, 0.45899627373338747]
,[0.35426470088041945, 0.4589962737334063]
,[0.3542647008804511, 0.45899627373335844]
,[0.35426470088038686, 0.45899627373332297]
,[0.3542647008804208, 0.4589962737333839]
,[0.3542647008804062, 0.4589962737333548]
,[0.3542647008804656, 0.4589962737333474]
,[0.35426470088047507, 0.4589962737333828]
,[0.35426470088043593, 0.458996273733325]
,[0.3542647008804185, 0.45899627373334395]
,[0.3542647008804715, 0.4589962737333735]
,[0.35426470088039047, 0.45899627373338553]
,[0.35426470088038536, 0.4589962737333837]
,[0.3542647008804687, 0.45899627373336266]
,[0.3542647008804459, 0.45899627373338553]
,[0.3542647008803905, 0.458996273733395]
,[0.354264700880445, 0.45899627373337365]
],"vol":[[0.40577019045630813, 0.48884905438252263]
,[0.4057701904562673, 0.4888490543825395]
,[0.4057701904562644, 0.4888490543825429]
,[0.40577019045625495, 0.4888490543825309]
,[0.4057701904562353, 0.4888490543826048]
,[0.40577019045630514, 0.48884905438256304]
,[0.4057701904562877, 0.488849054382584]
,[0.4057701904562894, 0.4888490543825984]
,[0.4057701904562353, 0.4888490543825275]
,[0.40577019045631685, 0.48884905438252196]
,[0.4057701904562227, 0.4888490543825526]
,[0.4057701904563142, 0.488849054382515]
,[0.40577019045627877, 0.48884905438257875]
,[0.4057701904562975, 0.4888490543825677]
,[0.40577019045626445, 0.4888490543825367]
,[0.4057701904562872, 0.4888490543826063]
,[0.40577019045628177, 0.4888490543825362]
,[0.4057701904562353, 0.4888490543825856]
,[0.4057701904563154, 0.48884905438254783]
,[0.4057701904563096, 0.48884905438260895]
,[0.405770190456258, 0.4888490543825911]
,[0.40577019045622914, 0.48884905438259824]
,[0.4057701904562747, 0.4888490543825764]
,[0.4057701904562954, 0.48884905438260845]
,[0.40577019045629487, 0.4888490543825804]
,[0.4057701904562546, 0.48884905438254184]
,[0.40577019045626267, 0.4888490543825295]
,[0.4057701904562327, 0.4888490543825324]
,[0.4057701904562979, 0.48884905438256665]
,[0.4057701904562376, 0.4888490543825304]
,[0.40577019045630064, 0.4888490543825464]
,[0.40577019045625473, 0.4888490543825745]
,[0.4057701904563133, 0.48884905438258053]
,[0.4057701904562739, 0.4888490543825736]
,[0.40577019045625223, 0.4888490543825858]
,[0.4057701904562399, 0.4888490543825472]
,[0.4057701904562703, 0.4888490543825813]
,[0.40577019045624063, 0.48884905438257714]
,[0.4057701904562823, 0.48884905438259935]
,[0.40577019045625695, 0.4888490543825339]
]}