{
"parameters":[2, 2, 2, 2, 20, 60]
,"current_iter":42,"domain":[[-5.12, -5.12]
,[5.12, 5.12]
],"result":[17.530553395495062, 0.17257313615206016, 15.194564681524717, 0.6027653827637423, 0.2587786827616263, 17.753228311009458, 21.10553951495048, 3.6423389053117567, 0.5673919216529892, 0.2584435622509478, 1.5229208441641173, 3.8617428580200848, 1.0725198558376317, 7.843319057622942, 1.0425201621128632, 5.9096249195956325, 19.2253800430124, 10.797727347505974, 16.50989968493638, 5.035896589443837]
,"population":[[-0.2500845483261717, -1.1854985989747178]
,[0.02425849764389662, -0.016816021294937176]
,[2.3986525156907677, 0.25998872593684136]
,[-0.027650315188767722, 0.04788298117861955]
,[0.03506614330765591, 0.008927914176943282]
,[-1.1079186082389905, -0.44891054881812764]
,[-0.6600035865094473, 3.247253811171605]
,[-0.047693863604585024, -0.1969563791133718]
,[0.07734956535612093, 0.003683271052622984]
,[0.030714923666836706, -0.01904269461207781]
,[0.7364910427786652, -0.02201331813349789]
,[1.1017179626536244, 0.058624883189454614]
,[0.014998187352295505, -0.07260590426402733]
,[0.08826816162257886, -0.37707569544257097]
,[0.044522471707909086, 1.1593583628244126]
,[1.724659467882789, 0.008296031851918271]
,[-0.596705709654021, -1.2273733838466203]
,[1.2371658040144504, 0.14548013202276022]
,[-0.2968783033609568, -0.6142169738938724]
,[0.38478735703852324, 0.39739478479619694]
],"den":[[0.6500459682584158, 0.721414594261852]
,[0.6500459682584158, 0.721414594261852]
,[0.6500459682584158, 0.721414594261852]
,[0.6500459682584158, 0.721414594261852]
,[0.6500459682584158, 0.721414594261852]
,[0.6500459682584158, 0.721414594261852]
,[0.6500459682584158, 0.721414594261852]
,[0.6500459682584158, 0.721414594261852]
,[0.6500459682584158, 0.721414594261852]
,[0.6500459682584158, 0.721414594261852]
,[0.6500459682584158, 0.721414594261852]
,[0.6500459682584158, 0.721414594261852]
,[0.6500459682584158, 0.721414594261852]
,[0.6500459682584158, 0.721414594261852]
,[0.6500459682584158, 0.721414594261852]
,[0.6500459682584158, 0.721414594261852]
,[0.6500459682584158, 0.721414594261852]
,[0.6500459682584158, 0.721414594261852]
,[0.6500459682584158, 0.721414594261852]
,[0.6500459682584158, 0.721414594261852]
],"vol":[[0.2138710269197674, 0.46184207816260037]
,[0.2138710269197674, 0.46184207816260037]
,[0.2138710269197674, 0.46184207816260037]
,[0.2138710269197674, 0.46184207816260037]
,[0.2138710269197674, 0.46184207816260037]
,[0.2138710269197674, 0.46184207816260037]
,[0.2138710269197674, 0.46184207816260037]
,[0.2138710269197674, 0.46184207816260037]
,[0.2138710269197674, 0.46184207816260037]
,[0.2138710269197674, 0.46184207816260037]
,[0.2138710269197674, 0.46184207816260037]
,[0.2138710269197674, 0.46184207816260037]
,[0.2138710269197674, 0.46184207816260037]
,[0.2138710269197674, 0.46184207816260037]
,[0.2138710269197674, 0.46184207816260037]
,[0.2138710269197674, 0.46184207816260037]
,[0.2138710269197674, 0.46184207816260037]
,[0.2138710269197674, 0.46184207816260037]
,[0.2138710269197674, 0.46184207816260037]
,[0.2138710269197674, 0.46184207816260037]
]}