{
"parameters":[2, 2, 2, 2, 40, 40]
,"current_iter":0,"domain":[[-5.12, -5.12]
,[5.12, 5.12]
],"result":[31.58745354515689, 48.2284855177554, 16.688598248990253, 47.3824224140177, 22.015893385287008, 36.54762184824908, 23.220369887817842, 17.689392009505948, 25.30883184781181, 11.527403397613572, 38.278098555969166, 44.84711421445937, 28.320709873487072, 38.66063890527412, 25.03491579376822, 32.69643076508747, 9.372212831102065, 33.20668047239461, 15.85533039677022, 52.78050906708651, 30.298574137296157, 2.6857806180950057, 32.01872108309792, 45.856705705037896, 40.71816110387747, 10.4102366230677, 38.121037564663155, 28.924819335383603, 30.91332305182629, 35.48555707929591, 33.17558353164848, 40.601618069187914, 37.42545987620599, 26.723747982352773, 12.998040749141587, 25.193095074733417, 40.8189392531814, 13.714847497363069, 52.78184416554282, 43.41534952591581]
,"population":[[1.289947287789997, -0.38013056298683523]
,[-0.4361779672747401, -5.12]
,[-0.985403982090124, 1.705375478903702]
,[-1.845024219117881, 4.460942644847627]
,[-2.1642766799004907, -4.45290944662057]
,[4.0918691339887605, 5.12]
,[4.09553586476409, 0.8529901659128767]
,[-5.12, 2.0373417803882865]
,[-5.12, -5.12]
,[5.12, -5.12]
,[-5.0748787300662235, -1.314633113982207]
,[-3.9837868275549377, 5.12]
,[-0.43941082676706333, 1.823992182645053]
,[5.12, -5.12]
,[-3.9528645644675326, 2.1541318325547603]
,[1.4187905544322699, -2.856478549937666]
,[-2.521413170702622, -1.3344554789575152]
,[1.4846082433368817, -5.100897277841687]
,[-1.2022573876908553, 1.1838677938409434]
,[-5.12, -3.7537363683209035]
,[-5.12, 3.593214161563189]
,[-0.06961381067890315, -1.056490926741036]
,[-0.1283107395039309, 5.12]
,[5.12, -5.12]
,[5.12, -2.4321958225846583]
,[0.0746741300546061, -0.3885426736943405]
,[2.9496767351257556, -5.12]
,[0.0007296085226184967, 5.12]
,[-5.12, 1.586272098799128]
,[-1.9991210279536744, 4.365101864251054]
,[5.12, 0.1520676855957337]
,[-2.495413651661303, 5.12]
,[4.480464735597835, -1.4979726953864319]
,[-5.12, -5.12]
,[-5.12, 0.19818082642777646]
,[-2.866457072676456, -2.820715030620188]
,[-1.3218962155055247, 5.12]
,[-2.558563643177134, 2.9271903268228248]
,[5.12, 3.355130522322962]
,[3.5075549321512076, 2.1901403899944616]
],"den":[[0.07082253780106829, 0.5973396663743936]
,[0.16221159586039566, 0.7495171969919038]
,[0.21635652837261268, 0.6702655197996297]
,[0.20266791425155425, 0.6374716399278584]
,[0.17741917540172583, 0.6440209107173916]
,[0.42427763866407797, 0.521351988336072]
,[0.45227092006020164, 0.8209820056921053]
,[0.2400137307588261, 0.6205970046229634]
,[0.2829645436056207, 0.5789776683379847]
,[0.1253170655931909, 0.6604215805158582]
,[0.11952800384405404, 0.6893191072624828]
,[0.10778735660482985, 0.6256983129900219]
,[0.27506126715902857, 0.681287847350007]
,[0.3418655195597241, 0.6484515432977536]
,[0.09221290001614722, 0.5258393160807342]
,[0.27164771220699396, 0.48035225589124425]
,[0.09349783972904435, 0.7400084098978158]
,[0.22414873568840188, 0.5696781124049404]
,[0.2865660068673911, 0.5430024187320204]
,[0.06743350205042302, 0.6818504634396434]
,[0.3497721709670703, 0.5333211052788391]
,[0.3542791274601449, 0.45897454906464097]
,[0.34090367547267014, 0.8405373142887405]
,[0.16439972776695624, 0.7382926564498791]
,[0.20813091484091464, 0.817655889237043]
,[0.34134346515551495, 0.6158899844932483]
,[0.07077904849249719, 0.46663067905876704]
,[0.2135658336579451, 0.7234625938987815]
,[0.1520721844569614, 0.6005228045185378]
,[0.40243893418574367, 0.5693465357809885]
,[0.442231129851576, 0.7185618189999203]
,[0.2774980584388754, 0.47526377389623314]
,[0.20403221254819537, 0.5551150833240523]
,[0.42726096038234407, 0.6793903722332147]
,[0.08584661699666785, 0.7301196990233367]
,[0.06461521980387895, 0.7223435516993955]
,[0.4153261309177503, 0.6339569765681154]
,[0.31960559354635165, 0.7301779226660167]
,[0.08628168364060014, 0.7700756379785972]
,[0.3155767635933726, 0.6799123859404093]
],"vol":[[0.7385015310745294, 0.1702884850582988]
,[0.5665063799319918, 0.2415595422416944]
,[0.5541705715950305, 0.2557273164936759]
,[0.5145252282715511, 0.2053325617073078]
,[0.4318627494198143, 0.5165333063502444]
,[0.7258341865784662, 0.3405528644647669]
,[0.6523462321848164, 0.4291318402564909]
,[0.6597141292926109, 0.48954171710898625]
,[0.43159171987151673, 0.1909389569385127]
,[0.7751627950571578, 0.1676443931785251]
,[0.3786874177842028, 0.2967746149354678]
,[0.7640335169033924, 0.13832738607242587]
,[0.614767084311358, 0.4068234389164953]
,[0.693533849214824, 0.36038586378479115]
,[0.5545333229332245, 0.22959861016053365]
,[0.6502272665538236, 0.5228804647175445]
,[0.627333498113789, 0.22761321190651207]
,[0.43171296190884234, 0.4356119377514112]
,[0.7689699949456857, 0.2766051170560182]
,[0.7443507603986991, 0.5339397417642667]
,[0.527220341993492, 0.4586733404357838]
,[0.4057580436593603, 0.48886764611115735]
,[0.5978576220996158, 0.39709489942996334]
,[0.6849568953957031, 0.5318004215885455]
,[0.6825179976549406, 0.4137504272524522]
,[0.5130097939515845, 0.2512778898682061]
,[0.5468488345264387, 0.19944377506678557]
,[0.4207633454600378, 0.2114161056522666]
,[0.6954756929466392, 0.355829713310829]
,[0.4413604361145241, 0.2031714839737702]
,[0.706813614172316, 0.2705258477933097]
,[0.5135180803555879, 0.3887803305676341]
,[0.7601504266446273, 0.4143888565529429]
,[0.5942217282807076, 0.38518790715597284]
,[0.5029591380920883, 0.4365661807339919]
,[0.45095781035190746, 0.2740288532388085]
,[0.5789210474920496, 0.41745489048161033]
,[0.454245472789191, 0.39988270176470064]
,[0.6296256029000445, 0.49363901235704005]
,[0.5229496253089395, 0.21780802101060653]
]}