{
"parameters":[2, 2, 2, 2, 20, 60]
,"current_iter":47,"domain":[[-5.12, -5.12]
,[5.12, 5.12]
],"result":[13.83682290863748, 0.04578005019629572, 7.827893829800757, 0.5233025309246546, 0.04472366073039247, 0.04548573054001892, 21.10553951495048, 3.6423389053117567, 0.043313095522469425, 0.03949068924412735, 1.5229208441641173, 1.897629356172068, 0.06166116099659469, 7.843319057622942, 1.0425201621128632, 5.9096249195956325, 19.2253800430124, 5.131191207127552, 0.0802735658946645, 5.035896589443837]
,"population":[[0.008992012035873163, -0.546899712676617]
,[0.011579187284083301, -0.009837038402731249]
,[-0.21365991306526108, -0.015194662915917296]
,[0.02718332971468344, -0.04373229378029331]
,[0.011447077891500354, -0.009720107200474743]
,[0.011278247902427506, -0.01010742950615879]
,[-1.4410038248393457, 2.7523868266864047]
,[-0.005257680303413842, -0.35075950607163214]
,[0.008708099135130168, -0.011940478866346254]
,[0.010325845112073635, -0.00961747792828766]
,[0.7278203003421326, -0.018930259844795745]
,[-0.7737194216236856, -0.01692387052345133]
,[0.006926462284630323, -0.01845044741541102]
,[0.27702130038043454, -0.461346982602443]
,[0.012005546725566793, 0.2838616085140459]
,[1.3000486822984227, 0.04122158598950467]
,[-0.7903762096305167, -0.2884007239302021]
,[-0.028839704328297223, -0.37406552794769093]
,[0.008758092904282967, -0.022852254640038365]
,[0.5578923139321822, 0.03311092882924636]
],"den":[[0.6500459682584158, 0.721414594261852]
,[0.6500459682584158, 0.721414594261852]
,[0.6500459682584158, 0.721414594261852]
,[0.6500459682584158, 0.721414594261852]
,[0.6500459682584158, 0.721414594261852]
,[0.6500459682584158, 0.721414594261852]
,[0.6500459682584158, 0.721414594261852]
,[0.6500459682584158, 0.721414594261852]
,[0.6500459682584158, 0.721414594261852]
,[0.6500459682584158, 0.721414594261852]
,[0.6500459682584158, 0.721414594261852]
,[0.6500459682584158, 0.721414594261852]
,[0.6500459682584158, 0.721414594261852]
,[0.6500459682584158, 0.721414594261852]
,[0.6500459682584158, 0.721414594261852]
,[0.6500459682584158, 0.721414594261852]
,[0.6500459682584158, 0.721414594261852]
,[0.6500459682584158, 0.721414594261852]
,[0.6500459682584158, 0.721414594261852]
,[0.6500459682584158, 0.721414594261852]
],"vol":[[0.2138710269197674, 0.46184207816260037]
,[0.2138710269197674, 0.46184207816260037]
,[0.2138710269197674, 0.46184207816260037]
,[0.2138710269197674, 0.46184207816260037]
,[0.2138710269197674, 0.46184207816260037]
,[0.2138710269197674, 0.46184207816260037]
,[0.2138710269197674, 0.46184207816260037]
,[0.2138710269197674, 0.46184207816260037]
,[0.2138710269197674, 0.46184207816260037]
,[0.2138710269197674, 0.46184207816260037]
,[0.2138710269197674, 0.46184207816260037]
,[0.2138710269197674, 0.46184207816260037]
,[0.2138710269197674, 0.46184207816260037]
,[0.2138710269197674, 0.46184207816260037]
,[0.2138710269197674, 0.46184207816260037]
,[0.2138710269197674, 0.46184207816260037]
,[0.2138710269197674, 0.46184207816260037]
,[0.2138710269197674, 0.46184207816260037]
,[0.2138710269197674, 0.46184207816260037]
,[0.2138710269197674, 0.46184207816260037]
]}