{
"parameters":[2, 2, 2, 2, 40, 40]
,"current_iter":24,"domain":[[-5.12, -5.12]
,[5.12, 5.12]
],"result":[25.10576835607899, 30.024583481300173, 1.3159329161175712, 0.9555308775502933, 1.3003308873859165, 1.049548139858853, 10.11612694869144, 1.0387243322312791, 17.39020879040043, 1.1830499801552286, 12.38311171983055, 11.652987536959301, 23.95502563416463, 8.87303366481293, 21.8348149868932, 0.9220820280785809, 3.2263310870995525, 12.112728060944514, 18.879470671523023, 13.417591287028584, 3.1676038017172097, 2.8831556436507366, 13.76187689513229, 6.618002727592591, 4.186342907516007, 1.13733272686542, 2.924406941917603, 1.1656790475733203, 0.12262923929199765, 2.456068119303188, 0.7836940096070997, 2.4981337450816756, 1.640908891155199, 8.833846546880284, 6.605108392579904, 2.239194996970255, 15.137998616664472, 19.277978391771605, 1.9502315923229379, 11.394786771698833]
,"population":[[4.949023801396343, -0.022955574014822136]
,[-5.0650005223328, 0.8784767174311966]
,[-1.0335713718334283, -0.02712227086841461]
,[-0.004952008289208767, -0.1505647876317106]
,[-0.3786320356895003, -0.030893748745216033]
,[-0.9171629226995758, -0.023676475491511573]
,[-1.2677747245944007, 1.4858943632238513]
,[-1.6907176667664339, -0.023122277180456036]
,[-1.4842531048551275, 3.486397656035736]
,[-0.005078805008983601, 0.9645050894994723]
,[-0.934916987426419, 0.25982619443201027]
,[4.430770886368891, -0.016427913662887962]
,[3.5491901365264455, 0.1522174520170494]
,[1.6218333777027012, -0.07609253267135033]
,[2.087076248734158, 0.4675346436558525]
,[-0.09803232393373949, -0.136176507692728]
,[1.6634563609779462, -0.015059876280629518]
,[3.3624280102516204, 0.601044947001759]
,[-0.9580987638729119, -4.885529210788609]
,[-0.14972149648708502, 1.4681608991236914]
,[1.0832877125385516, -0.057808844363396034]
,[-0.08739277051766431, -1.5802151245573521]
,[0.08516666551139972, 3.4154681948483723]
,[-0.2837020033562494, 1.3000269195076706]
,[0.1493474309216658, 0.01945692972078101]
,[1.0133908615581682, -0.01945491409446929]
,[-0.8976646433801954, -0.0247882706637157]
,[-0.10066923640644271, -0.02026821860063424]
,[-0.015416249659007009, -0.01952216298388207]
,[-0.2796039871535269, 0.5854858866140068]
,[-0.030874907436073865, -0.055044241283947234]
,[-0.8303224198083025, 1.4967698850207651]
,[-0.08993558501996939, -0.1088809690839248]
,[3.220394381983556, -0.07452768466587738]
,[-2.0739559506382035, -0.08000449547823973]
,[-1.0446554288060441, 1.0807231864811195]
,[-0.4890008946935949, 0.15230437756348159]
,[-2.246550494028515, 0.6048000931418901]
,[-1.299616894574529, -0.021270676731395138]
,[-0.5428682113638007, 0.501960749926389]
],"den":[[0.7598480692873709, 0.4835696115111639]
,[0.7598480736004849, 0.48356961713277696]
,[0.7598480675775571, 0.4835696141651515]
,[0.7598480699849148, 0.4835696122030972]
,[0.7598480696398248, 0.4835696116754009]
,[0.7598480673596326, 0.4835696168481177]
,[0.7598480721985307, 0.48356961131347553]
,[0.759848066852668, 0.48356961646338636]
,[0.7598480722572196, 0.48356961194019377]
,[0.7598480749933719, 0.48356961132239124]
,[0.7598480744442807, 0.48356961097856793]
,[0.7598480699396478, 0.48356961201800475]
,[0.7598480711710296, 0.483569615356102]
,[0.7598480697020062, 0.4835696130284252]
,[0.7598480695626683, 0.48356961531466336]
,[0.7598480681763924, 0.48356961097547385]
,[0.7598480706956441, 0.4835696171532519]
,[0.7598480669796369, 0.48356961161124407]
,[0.7598480699437679, 0.483569616933529]
,[0.7598480679209032, 0.4835696158128072]
,[0.759848068262912, 0.483569618672022]
,[0.7598480685866082, 0.4835696151887888]
,[0.7598480727967568, 0.48356961413938754]
,[0.7598480722738863, 0.4835696125350161]
,[0.7598480713007979, 0.4835696155851057]
,[0.7598480738342714, 0.48356961522096853]
,[0.7598480748869175, 0.4835696154981699]
,[0.7598480709444794, 0.4835696113741002]
,[0.7598480712619875, 0.48356961113215213]
,[0.7598480716113473, 0.4835696149744365]
,[0.7598480716909318, 0.483569618500518]
,[0.7598480735612413, 0.4835696147098995]
,[0.759848068852445, 0.483569616397689]
,[0.759848071982114, 0.4835696149583171]
,[0.7598480714014519, 0.48356961474525684]
,[0.759848073383511, 0.4835696148913451]
,[0.7598480681842951, 0.48356961787980074]
,[0.7598480698658581, 0.4835696153881415]
,[0.7598480744025367, 0.48356961532537035]
,[0.759848069119042, 0.48356961131298165]
],"vol":[[0.6986724712219048, 0.5179052419510753]
,[0.6986724773808383, 0.5179052408558315]
,[0.6986724713679161, 0.5179052408159478]
,[0.6986724713145566, 0.5179052447358331]
,[0.6986724720312334, 0.5179052435734597]
,[0.6986724752948975, 0.5179052396710546]
,[0.6986724724313342, 0.5179052376386086]
,[0.6986724766742055, 0.5179052433716641]
,[0.6986724774535802, 0.5179052374423814]
,[0.6986724749440926, 0.5179052383120506]
,[0.6986724783122623, 0.517905240027671]
,[0.6986724729507314, 0.5179052409035796]
,[0.6986724759070728, 0.5179052435323737]
,[0.6986724753866149, 0.5179052398163377]
,[0.6986724755205469, 0.5179052394619406]
,[0.6986724737998409, 0.517905244930051]
,[0.6986724722574821, 0.5179052430420136]
,[0.6986724715867266, 0.5179052377873568]
,[0.6986724773739514, 0.5179052398517507]
,[0.6986724715844405, 0.5179052410270407]
,[0.6986724792742148, 0.5179052421556137]
,[0.6986724742778345, 0.5179052417539379]
,[0.6986724735607569, 0.5179052436907545]
,[0.6986724762410202, 0.5179052452312752]
,[0.6986724735381323, 0.5179052430809649]
,[0.6986724777351095, 0.5179052394015184]
,[0.6986724761278457, 0.5179052385408955]
,[0.6986724787961047, 0.5179052450335174]
,[0.6986724780122561, 0.5179052431286428]
,[0.6986724731236619, 0.5179052378234887]
,[0.6986724727225642, 0.5179052410243812]
,[0.6986724776279755, 0.5179052415210502]
,[0.698672474027195, 0.5179052442500824]
,[0.6986724791985555, 0.517905243875557]
,[0.6986724716956632, 0.5179052399522841]
,[0.6986724735905909, 0.5179052397515876]
,[0.6986724774320437, 0.5179052381193023]
,[0.6986724791645261, 0.5179052381720615]
,[0.69867247299539, 0.5179052440421759]
,[0.6986724776676959, 0.5179052448597079]
]}