{
"parameters":[2, 2, 2, 2, 20, 60]
,"current_iter":58,"domain":[[-5.12, -5.12]
,[5.12, 5.12]
],"result":[8.835055087530463E-07, 8.837797693672655E-07, 1.298783846692686E-06, 8.842502516870354E-07, 8.833991778089967E-07, 8.843942662650761E-07, 8.833395401808275E-07, 8.842037324541252E-07, 8.835766127646139E-07, 8.845743515450977E-07, 0.887428954242921, 0.3214325994894942, 8.842366554517866E-07, 7.43771682839019, 8.804894964242749E-07, 8.8435786693708E-07, 1.2784434719748106E-06, 8.978254655289675E-07, 8.84209962137561E-07, 2.3774346011862235E-06]
,"population":[[-6.65676895307962E-05, 4.698205024681536E-06]
,[-6.658575266359971E-05, 4.5880694450229006E-06]
,[-8.075455118989919E-05, 9.85506466712932E-06]
,[-6.656038116450323E-05, 5.176870405673501E-06]
,[-6.658171585587057E-05, 4.435039524955215E-06]
,[-6.659797302617397E-05, 4.745546665064214E-06]
,[-6.656633959846687E-05, 4.627773693517512E-06]
,[-6.656839334424103E-05, 5.049636641963614E-06]
,[-6.65733788304448E-05, 4.655540036116378E-06]
,[-6.657851659711743E-05, 5.100890537217947E-06]
,[0.06709647568035884, -0.006092894949085741]
,[-0.040316631058372646, -0.0018405227005078863]
,[-6.656887215810208E-05, 5.059747801927119E-06]
,[0.20304477817604327, -0.03925403360417966]
,[-6.473445430167098E-05, -1.573462944663853E-05]
,[-6.655926166126856E-05, 5.24322875224688E-06]
,[-8.019265641733427E-05, 3.628012096411292E-06]
,[-6.654230424265273E-05, 9.88090319236471E-06]
,[-6.65755403972938E-05, 4.957686013700752E-06]
,[0.00010849099498833901, 1.4602042646805375E-05]
],"den":[[0.6500459682584158, 0.721414594261852]
,[0.6500459682584158, 0.721414594261852]
,[0.6500459682584158, 0.721414594261852]
,[0.6500459682584158, 0.721414594261852]
,[0.6500459682584158, 0.721414594261852]
,[0.6500459682584158, 0.721414594261852]
,[0.6500459682584158, 0.721414594261852]
,[0.6500459682584158, 0.721414594261852]
,[0.6500459682584158, 0.721414594261852]
,[0.6500459682584158, 0.721414594261852]
,[0.6500459682584158, 0.721414594261852]
,[0.6500459682584158, 0.721414594261852]
,[0.6500459682584158, 0.721414594261852]
,[0.6500459682584158, 0.721414594261852]
,[0.6500459682584158, 0.721414594261852]
,[0.6500459682584158, 0.721414594261852]
,[0.6500459682584158, 0.721414594261852]
,[0.6500459682584158, 0.721414594261852]
,[0.6500459682584158, 0.721414594261852]
,[0.6500459682584158, 0.721414594261852]
],"vol":[[0.2138710269197674, 0.46184207816260037]
,[0.2138710269197674, 0.46184207816260037]
,[0.2138710269197674, 0.46184207816260037]
,[0.2138710269197674, 0.46184207816260037]
,[0.2138710269197674, 0.46184207816260037]
,[0.2138710269197674, 0.46184207816260037]
,[0.2138710269197674, 0.46184207816260037]
,[0.2138710269197674, 0.46184207816260037]
,[0.2138710269197674, 0.46184207816260037]
,[0.2138710269197674, 0.46184207816260037]
,[0.2138710269197674, 0.46184207816260037]
,[0.2138710269197674, 0.46184207816260037]
,[0.2138710269197674, 0.46184207816260037]
,[0.2138710269197674, 0.46184207816260037]
,[0.2138710269197674, 0.46184207816260037]
,[0.2138710269197674, 0.46184207816260037]
,[0.2138710269197674, 0.46184207816260037]
,[0.2138710269197674, 0.46184207816260037]
,[0.2138710269197674, 0.46184207816260037]
,[0.2138710269197674, 0.46184207816260037]
]}