{
"parameters":[2, 2, 2, 2, 40, 40]
,"current_iter":37,"domain":[[-5.12, -5.12]
,[5.12, 5.12]
],"result":[5.368873345901193E-09, 7.312431234751671E-06, 1.0105997301565282, 5.85239945394278E-09, 8.724201805421217E-09, 6.187161005755115E-09, 10.11612694869144, 5.164224603504408E-09, 8.3415834239986E-09, 2.1206775571158687E-06, 8.732281564505229E-08, 5.547228454361175E-09, 2.01780537167906E-07, 0.025167200978794213, 7.900656394100396, 5.6801034986619925E-09, 3.855541592656664E-07, 0.0007030844982747197, 5.097737343362496E-09, 7.142558574280145E-05, 4.652752849665376E-09, 6.958876141993642E-09, 6.717867151451173E-09, 2.79241573863942E-06, 4.607452197546991E-09, 6.383647388474856E-09, 2.61193078561206E-05, 3.365744660754899E-08, 3.816811755541494E-09, 2.456068119303188, 5.299369831845979E-09, 2.4981337450816756, 4.301757172697762E-09, 1.3284442346161995E-07, 5.279114034806298E-09, 2.239194996970255, 2.556971647749151E-07, 1.8321220096595425E-09, 4.8131045815580364E-09, 9.820758961609499E-08]
,"population":[[-5.175125998257372E-06, 5.291455128212678E-07]
,[0.00018943472236820748, -3.1192504411746715E-05]
,[0.11292820629919585, -0.00024302544451354466]
,[-4.84781603260907E-06, 2.449048016469648E-06]
,[-4.70713383174934E-06, 4.670914570234E-06]
,[5.534837435194228E-06, -7.430339436411202E-07]
,[-0.7350377931939137, 0.18746676238079826]
,[-5.058118922952624E-06, 6.677001586732175E-07]
,[-5.515089656102907E-06, 3.4102395052262955E-06]
,[-1.0628239958744878E-05, 0.0001028414611365989]
,[-1.8348193432823413E-05, 1.0173323224353045E-05]
,[-4.867936621864328E-06, 2.0649795096850098E-06]
,[-3.189145316842608E-05, 1.2156484146756798E-07]
,[-0.01125130284179488, 0.0005625852906164052]
,[-0.21565132845806947, -0.15285185523954326]
,[-5.304703289137506E-06, 7.005839846611213E-07]
,[-4.407835510882946E-05, 7.024678000955031E-07]
,[0.0018825382202858141, 2.2271756566871252E-06]
,[-4.882616792256215E-06, 1.362101559191936E-06]
,[-1.8390535791482496E-05, 0.0005997370770792333]
,[-4.764908775495521E-06, 8.648413138048489E-07]
,[-5.271071947744287E-06, -2.7004046479214457E-06]
,[-5.7732839855789225E-06, -7.285225899784319E-07]
,[-9.188485547101512E-05, 7.504939087248589E-05]
,[-4.744170337063447E-06, 8.466479332906274E-07]
,[-8.287198430595459E-06, 1.1903586215017273E-06]
,[0.0003436117632725175, 0.00011655895421863528]
,[-1.2913749726987227E-05, 1.6988890064467816E-06]
,[-4.231432311183803E-06, 1.1548601434395172E-06]
,[-0.18229207906291817, 0.03224210695234]
,[-5.068133655725806E-06, 1.0127307102855362E-06]
,[-0.17957216582131905, 0.16307736262715689]
,[-4.527825891222509E-06, 1.0871540641857797E-06]
,[-2.5729417045655812E-05, 2.7572704359973396E-06]
,[-5.025993153111784E-06, 1.1614233263563643E-06]
,[-0.16439318246506693, 0.17554971237351855]
,[-5.914622097286886E-06, 3.540995397559599E-05]
,[-2.695429335329807E-06, -1.4033916385677998E-06]
,[-4.558913212252812E-06, 1.8646418031704027E-06]
,[-5.037717176108623E-06, 2.1671157831569E-05]
],"den":[[0.7598480709698057, 0.48356961287969497]
,[0.7598480709698068, 0.4835696128796964]
,[0.7598480709698052, 0.48356961287969563]
,[0.7598480709698059, 0.4835696128796951]
,[0.7598480709698057, 0.48356961287969497]
,[0.7598480709698051, 0.48356961287969635]
,[0.7598480709698063, 0.48356961287969485]
,[0.759848070969805, 0.48356961287969624]
,[0.7598480709698063, 0.4835696128796951]
,[0.7598480709698071, 0.48356961287969485]
,[0.759848070969807, 0.4835696128796948]
,[0.7598480709698059, 0.4835696128796951]
,[0.7598480709698061, 0.4835696128796959]
,[0.7598480709698058, 0.48356961287969535]
,[0.7598480709698057, 0.4835696128796959]
,[0.7598480709698053, 0.4835696128796948]
,[0.759848070969806, 0.4835696128796964]
,[0.759848070969805, 0.48356961287969497]
,[0.7598480709698059, 0.48356961287969635]
,[0.7598480709698052, 0.483569612879696]
,[0.7598480709698054, 0.4835696128796968]
,[0.7598480709698054, 0.4835696128796959]
,[0.7598480709698066, 0.48356961287969563]
,[0.7598480709698063, 0.4835696128796952]
,[0.7598480709698061, 0.483569612879696]
,[0.7598480709698068, 0.4835696128796959]
,[0.759848070969807, 0.48356961287969596]
,[0.7598480709698061, 0.4835696128796949]
,[0.7598480709698061, 0.48356961287969485]
,[0.7598480709698062, 0.48356961287969585]
,[0.7598480709698062, 0.48356961287969674]
,[0.7598480709698068, 0.4835696128796958]
,[0.7598480709698056, 0.48356961287969624]
,[0.7598480709698063, 0.48356961287969585]
,[0.7598480709698061, 0.4835696128796958]
,[0.7598480709698067, 0.4835696128796958]
,[0.7598480709698053, 0.4835696128796966]
,[0.7598480709698058, 0.4835696128796959]
,[0.759848070969807, 0.4835696128796959]
,[0.7598480709698057, 0.48356961287969485]
],"vol":[[0.6986724769136144, 0.5179052427698472]
,[0.6986724769136161, 0.517905242769847]
,[0.6986724769136146, 0.5179052427698468]
,[0.6986724769136146, 0.517905242769848]
,[0.6986724769136147, 0.5179052427698476]
,[0.6986724769136156, 0.5179052427698466]
,[0.6986724769136148, 0.5179052427698461]
,[0.6986724769136159, 0.5179052427698475]
,[0.6986724769136161, 0.517905242769846]
,[0.6986724769136154, 0.5179052427698462]
,[0.6986724769136163, 0.5179052427698467]
,[0.6986724769136149, 0.517905242769847]
,[0.6986724769136157, 0.5179052427698475]
,[0.6986724769136156, 0.5179052427698466]
,[0.6986724769136156, 0.5179052427698466]
,[0.6986724769136151, 0.517905242769848]
,[0.6986724769136148, 0.5179052427698475]
,[0.6986724769136146, 0.5179052427698462]
,[0.6986724769136161, 0.5179052427698466]
,[0.6986724769136146, 0.517905242769847]
,[0.6986724769136166, 0.5179052427698473]
,[0.6986724769136152, 0.5179052427698472]
,[0.698672476913615, 0.5179052427698476]
,[0.6986724769136158, 0.517905242769848]
,[0.698672476913615, 0.5179052427698475]
,[0.6986724769136161, 0.5179052427698465]
,[0.6986724769136157, 0.5179052427698463]
,[0.6986724769136163, 0.517905242769848]
,[0.6986724769136162, 0.5179052427698475]
,[0.698672476913615, 0.5179052427698462]
,[0.6986724769136149, 0.517905242769847]
,[0.6986724769136161, 0.5179052427698471]
,[0.6986724769136152, 0.5179052427698477]
,[0.6986724769136166, 0.5179052427698477]
,[0.6986724769136146, 0.5179052427698466]
,[0.6986724769136151, 0.5179052427698466]
,[0.6986724769136161, 0.5179052427698462]
,[0.6986724769136166, 0.5179052427698462]
,[0.698672476913615, 0.5179052427698477]
,[0.6986724769136161, 0.517905242769848]
]}