{
"parameters":[2, 2, 2, 2, 40, 40]
,"current_iter":33,"domain":[[-5.12, -5.12]
,[5.12, 5.12]
],"result":[0.007921778134553747, 0.8910802789490528, 1.0105997301565282, 0.00013255523570165906, 0.0030646925416704107, 0.0004922715669035682, 10.11612694869144, 7.75335174019176E-06, 0.0006963427435451308, 1.1830499801552286, 1.2557122037614477, 2.8160625422657404E-06, 0.03644839917386555, 7.476575802121745, 7.900656394100396, 3.3718622347578275E-06, 0.006662347017936554, 4.206295426657817, 0.0033628342853351256, 4.05833230682716, 6.751859141296279E-05, 0.008091181348849119, 1.0746825822138817E-05, 1.5374384508332266, 5.207741534540844E-05, 0.00010783818606974194, 1.0807001019787705, 0.01284306811484015, 7.430742032354942E-06, 2.456068119303188, 9.879710686711007E-05, 2.4981337450816756, 0.00021413828702954163, 0.992934797800455, 0.00011622882634121368, 2.239194996970255, 0.01402369400538106, 1.9729413658353678E-07, 0.00015523707451059465, 0.00337226535428492]
,"population":[[-0.006293572232302809, -0.0005709584847808025]
,[0.06330612104566323, -0.02317513216094451]
,[0.5422509400979703, -0.0005313490546613077]
,[0.00025520948782559866, 0.0007765417658957334]
,[0.0035811404847133745, 0.001619768120258131]
,[0.0015612799078804555, -0.00020911946627592007]
,[-1.1773518162832575, 0.6252095686030245]
,[0.00018741822895526765, 6.289168384883743E-05]
,[-0.00019622571862825923, 0.0018631873081143744]
,[0.00032941659513334486, -0.5894111432690015]
,[0.30593741624735604, 0.00010235411695425167]
,[2.25439713499951E-05, 0.00011698803208442599]
,[-0.013526120753125282, -0.0009341389999601183]
,[-0.2888021460224059, 0.07066713548871495]
,[-0.5743183061153013, -0.5678252700649706]
,[2.376540237973252E-06, 0.00014270460908621615]
,[-0.005762264040759855, -0.0006177697859959524]
,[-0.0482827393179944, -0.48207144803450946]
,[0.0006945421347777195, 0.004058194834523868]
,[-0.004106456459485605, 0.42540633483754614]
,[0.0005261879209712053, -0.00025190392772603157]
,[-1.3045518669260801E-05, -0.006386631812957216]
,[-0.0001225342869773359, -0.00019787618191524176]
,[-6.309613422831586E-05, 0.560676926454524]
,[1.3148982989462516E-05, -0.0005121765028899266]
,[-0.0007235727625146067, -0.0001414364763096214]
,[0.07228730205525316, 0.017632996228035686]
,[-0.008044867166144238, 0.00017207447328384845]
,[0.00018790500831697462, 4.633079388111704E-05]
,[-0.21687968525900658, 0.5965362490196251]
,[2.1118029801545038E-05, -0.0007053679798862154]
,[-0.022214161292975224, 0.3815264561576096]
,[0.001034412066262044, 9.677041220206665E-05]
,[-0.07092307355848532, 0.007557320675060132]
,[0.00023295465973111537, 0.0007291002690198382]
,[-0.15308406458474252, 0.7195634142240318]
,[-0.00810080439593628, 0.002253421357187522]
,[1.3234349691298922E-05, -2.862372672935958E-05]
,[-0.000690017173061994, 0.000553492083444066]
,[-0.0005223474707790845, 0.004089749644503029]
],"den":[[0.7598480709698023, 0.48356961287966804]
,[0.7598480709698432, 0.4835696128797213]
,[0.7598480709697861, 0.48356961287969313]
,[0.759848070969809, 0.4835696128796746]
,[0.7598480709698057, 0.4835696128796696]
,[0.7598480709697841, 0.48356961287971856]
,[0.75984807096983, 0.48356961287966616]
,[0.7598480709697794, 0.4835696128797149]
,[0.7598480709698305, 0.4835696128796721]
,[0.7598480709698564, 0.4835696128796662]
,[0.7598480709698512, 0.483569612879663]
,[0.7598480709698086, 0.4835696128796728]
,[0.7598480709698202, 0.48356961287970446]
,[0.7598480709698063, 0.48356961287968236]
,[0.759848070969805, 0.483569612879704]
,[0.7598480709697919, 0.48356961287966294]
,[0.7598480709698157, 0.48356961287972144]
,[0.7598480709697805, 0.483569612879669]
,[0.7598480709698086, 0.4835696128797194]
,[0.7598480709697895, 0.48356961287970873]
,[0.7598480709697927, 0.4835696128797358]
,[0.7598480709697958, 0.48356961287970285]
,[0.7598480709698356, 0.4835696128796929]
,[0.7598480709698306, 0.4835696128796777]
,[0.7598480709698214, 0.4835696128797066]
,[0.7598480709698454, 0.4835696128797031]
,[0.7598480709698554, 0.4835696128797058]
,[0.7598480709698181, 0.4835696128796667]
,[0.7598480709698211, 0.48356961287966443]
,[0.7598480709698244, 0.4835696128797008]
,[0.7598480709698251, 0.4835696128797342]
,[0.7598480709698429, 0.4835696128796983]
,[0.7598480709697982, 0.4835696128797143]
,[0.7598480709698279, 0.4835696128797007]
,[0.7598480709698224, 0.48356961287969863]
,[0.7598480709698412, 0.4835696128797]
,[0.7598480709697919, 0.4835696128797283]
,[0.7598480709698079, 0.48356961287970474]
,[0.7598480709698509, 0.4835696128797041]
,[0.7598480709698008, 0.48356961287966616]
],"vol":[[0.6986724769135517, 0.5179052427698683]
,[0.69867247691361, 0.5179052427698579]
,[0.698672476913553, 0.5179052427698576]
,[0.6986724769135525, 0.5179052427698947]
,[0.6986724769135594, 0.5179052427698837]
,[0.6986724769135902, 0.5179052427698467]
,[0.6986724769135632, 0.5179052427698274]
,[0.6986724769136033, 0.5179052427698818]
,[0.6986724769136107, 0.5179052427698256]
,[0.6986724769135869, 0.5179052427698339]
,[0.6986724769136188, 0.5179052427698501]
,[0.698672476913568, 0.5179052427698584]
,[0.698672476913596, 0.5179052427698833]
,[0.6986724769135911, 0.5179052427698481]
,[0.6986724769135924, 0.5179052427698447]
,[0.698672476913576, 0.5179052427698965]
,[0.6986724769135615, 0.5179052427698786]
,[0.6986724769135552, 0.5179052427698289]
,[0.6986724769136099, 0.5179052427698484]
,[0.698672476913555, 0.5179052427698596]
,[0.6986724769136279, 0.5179052427698703]
,[0.6986724769135806, 0.5179052427698665]
,[0.6986724769135738, 0.5179052427698848]
,[0.6986724769135992, 0.5179052427698994]
,[0.6986724769135736, 0.517905242769879]
,[0.6986724769136133, 0.5179052427698442]
,[0.6986724769135981, 0.517905242769836]
,[0.6986724769136234, 0.5179052427698975]
,[0.698672476913616, 0.5179052427698795]
,[0.6986724769135697, 0.5179052427698292]
,[0.6986724769135659, 0.5179052427698595]
,[0.6986724769136123, 0.5179052427698643]
,[0.6986724769135783, 0.51790524276989]
,[0.6986724769136272, 0.5179052427698866]
,[0.6986724769135562, 0.5179052427698494]
,[0.6986724769135741, 0.5179052427698475]
,[0.6986724769136105, 0.517905242769832]
,[0.6986724769136269, 0.5179052427698325]
,[0.6986724769135685, 0.5179052427698881]
,[0.6986724769136127, 0.5179052427698958]
]}