{
"parameters":[2, 2, 2, 2, 40, 40]
,"current_iter":1,"domain":[[-5.12, -5.12]
,[5.12, 5.12]
],"result":[31.58745354515689, 26.72086544358242, 16.688598248990253, 47.3824224140177, 22.015893385287008, 36.54762184824908, 23.220369887817842, 17.689392009505948, 25.30883184781181, 11.527403397613572, 37.5643700516078, 36.232059162591085, 28.320709873487072, 38.66063890527412, 25.03491579376822, 32.69643076508747, 9.372212831102065, 21.006743611801767, 15.85533039677022, 46.79469587463481, 30.298574137296157, 2.6857806180950057, 32.01872108309792, 45.856705705037896, 40.4694409141877, 10.4102366230677, 38.121037564663155, 20.73693218362541, 30.91332305182629, 35.48555707929591, 33.17558353164848, 40.601618069187914, 37.42545987620599, 26.723747982352773, 12.998040749141587, 25.193095074733417, 40.8189392531814, 13.714847497363069, 28.294325805029416, 43.41534952591581]
,"population":[[-5.12, 5.12]
,[0.7112538616057291, -0.3104596561898836]
,[1.8722002118249583, -5.12]
,[-5.12, -5.12]
,[-5.12, -5.12]
,[3.849557549757331, 5.12]
,[-5.12, -1.26965747589618]
,[0.7922131141956328, -5.12]
,[4.570739424584377, 0.13730270854639226]
,[-1.7001920894126883, 5.12]
,[5.12, -2.1480878383398685]
,[5.12, 2.122157819601187]
,[-5.12, 5.12]
,[-1.33553702300608, -5.12]
,[-2.4685772619723907, 2.255965997815522]
,[-5.12, 5.12]
,[3.9897784578926476, -1.481157166944613]
,[-1.9604737869108781, 0.6384524939390088]
,[-5.12, -5.12]
,[5.12, 1.353190828654241]
,[5.12, -5.12]
,[5.12, 0.2169388401902308]
,[-0.20387771708747637, -5.12]
,[5.12, 5.12]
,[0.3343597605723361, 3.3203419905884717]
,[0.4601755343871185, -5.12]
,[4.936507008733818, 4.86243302533686]
,[-4.0854661004603265, -1.0869879384103003]
,[-5.12, 1.7479033282751875]
,[5.12, -3.3652126425761706]
,[-5.12, -5.12]
,[5.12, -5.12]
,[-5.12, -3.293326762593374]
,[-5.12, 3.643487255119257]
,[-5.12, 1.6802857596054461]
,[3.9303689472345718, 5.12]
,[-5.12, 3.914050373909461]
,[-5.12, 5.12]
,[0.27741233152597955, 2.271455266838]
,[1.429330877131798, 5.12]
],"den":[[0.32313741782050726, 0.4741759113356583]
,[0.33317779653862617, 0.4908947622816441]
,[0.33912638206553614, 0.4821878462683509]
,[0.337622494479646, 0.4785849754155259]
,[0.3348485639283256, 0.4793045053072963]
,[0.3619694525068888, 0.4658275917269809]
,[0.3650449098181732, 0.4987461808169149]
,[0.34172545985901304, 0.47673105840632224]
,[0.34644421324580155, 0.47215858652433107]
,[0.329124411326259, 0.4811063505117903]
,[0.3284884011340304, 0.48428115194551036]
,[0.32719852522130216, 0.47729150917636876]
,[0.3455759267099423, 0.4833988046184096]
,[0.3529153173145414, 0.47979127287020074]
,[0.32548745120653594, 0.46632058805439114]
,[0.3452008994887263, 0.4613231920775132]
,[0.32562861998123827, 0.48985008772648425]
,[0.33998246608874416, 0.4711368989671896]
,[0.3468398848486765, 0.4682061972756285]
,[0.32276508437984924, 0.4834606159416994]
,[0.35378397463750416, 0.46714256826332756]
,[0.3542791274601449, 0.45897454906464097]
,[0.35280964515742674, 0.5008946076464424]
,[0.33341819373161186, 0.489661587978593]
,[0.33822268224850205, 0.4983807599494877]
,[0.3528579622652496, 0.47621392576769206]
,[0.32313263990576, 0.45981568307224036]
,[0.33881978483806796, 0.488032296161954]
,[0.33206383899675934, 0.4745256240163443]
,[0.3595701623912908, 0.4711004705921823]
,[0.36394189707150915, 0.48749387682552886]
,[0.345843642646907, 0.4607641504655833]
,[0.33777238191555614, 0.4695369445485745]
,[0.36229721253117897, 0.4831903401787342]
,[0.3247880251056475, 0.48876367317837394]
,[0.322455456272385, 0.48790935357208615]
,[0.3609860029585527, 0.4781988400077662]
,[0.35046975006439557, 0.4887700698678165]
,[0.32483582332094224, 0.49315339737148717]
,[0.35002712619477927, 0.4832476907568842]
],"vol":[[0.4423146150977827, 0.45386722596682433]
,[0.42341851865229657, 0.4616973581616157]
,[0.4220632558875046, 0.4632538882550802]
,[0.41770765501109364, 0.45771731271522287]
,[0.4086260142646583, 0.49190710961133827]
,[0.44092292840361863, 0.4725731726933641]
,[0.4328492387409776, 0.4823048241875139]
,[0.4336587062952921, 0.488941702330193]
,[0.4085962378410196, 0.4561359719500756]
,[0.44634237271436267, 0.45357673513124536]
,[0.40278395308774456, 0.4677635137010903]
,[0.4451196643300553, 0.4503558478557038]
,[0.4287206386156893, 0.4798539312381201]
,[0.4373742801656267, 0.47475210777069]
,[0.4221031092451528, 0.4603832808479116]
,[0.4326164404402003, 0.49260443459908676]
,[0.4301012366477108, 0.4601651568098706]
,[0.40860955799112464, 0.48301675441593467]
,[0.4456620061610229, 0.4655476095046327]
,[0.44295723554787714, 0.4938194523731578]
,[0.4191023925469059, 0.48555037519766797]
,[0.4057580436593603, 0.48886764611115735]
,[0.4268628953789071, 0.4787851137790809]
,[0.43643198065603017, 0.4935844178381743]
,[0.4361640332945843, 0.4806149587368809]
,[0.4175411631485227, 0.4627650559008918]
,[0.4212588596654161, 0.457070346335258]
,[0.4074065879824747, 0.4583856759356431]
,[0.4375876191242816, 0.47425155029448074]
,[0.40966946928417514, 0.45747988780523063]
,[0.4388332498967106, 0.46487971591842914]
,[0.41759700558854596, 0.4778716409626583]
,[0.4446930520241343, 0.48068509921209523]
,[0.4264634410930668, 0.4774769625149879]
,[0.41643695665665453, 0.4831215914843723]
,[0.4107238763881448, 0.4652645705396641]
,[0.4247824452164768, 0.48102194634084494]
,[0.41108507253863175, 0.47909139323776456]
,[0.43035305672994295, 0.4893918480794106]
,[0.41863319400365295, 0.4590879181109616]
]}