{
"parameters":[2, 2, 2, 2, 20, 60]
,"current_iter":0,"domain":[[-5.12, -5.12]
,[5.12, 5.12]
],"result":[46.82112376053125, 37.80737184834007, 22.91745998891672, 23.337987284954693, 38.68033188889413, 57.849427451571785, 53.17182424201212, 33.10848824768017, 44.93098568481469, 18.02826792989051, 11.928818903219101, 18.566648629413876, 11.78006661749994, 42.41325142736151, 39.25003409621459, 28.882639226633795, 26.341121734400677, 35.067463653581704, 21.633178945801205, 25.229775226553976]
,"population":[[5.12, -1.6369417647368276]
,[4.376294963270528, 1.0468997578803405]
,[0.06852114729050476, 5.12]
,[-1.6986609837529008, -1.8556430908272834]
,[2.7392522747658625, 4.462975395778871]
,[5.12, -5.12]
,[0.34416197458836484, 4.4005696710316204]
,[-3.7904420137415005, 0.7387041572933082]
,[1.6995366129708347, 5.12]
,[2.8701540205857605, 1.1715923483619226]
,[1.8474188009375725, -1.9519944590093141]
,[2.227534846812399, -5.12]
,[-1.9744827390635824, -5.12]
,[2.8437255067367566, 4.275579815951601]
,[2.7427573952657016, 5.12]
,[5.12, -2.006601774146606]
,[-5.12, 5.12]
,[4.060140809249199, -1.6647124518419227]
,[0.20358961338902581, 3.1572798037232177]
,[-3.1028696171511054, 1.2811308505796015]
],"den":[[0.5953639523943619, 0.3112401372636322]
,[0.5794027920220514, 0.8225071638350868]
,[0.2673265510330151, 0.30588134881365603]
,[0.3607568408970532, 0.47011518770494715]
,[0.35534883669132633, 0.7764965925487568]
,[0.7055071962347639, 0.29635051464129175]
,[0.5888984756672251, 0.5863541504471036]
,[0.6671799502257004, 0.48096664111931253]
,[0.5878062170256749, 0.42074131524233005]
,[0.8547885790523333, 0.8631827707985402]
,[0.5373599344292381, 0.6460880531690875]
,[0.3247420487191086, 0.8774578152193324]
,[0.6498448366780276, 0.7163215075785777]
,[0.7015289035602217, 0.8897218970722606]
,[0.2902670291512669, 0.308188581751696]
,[0.41504472653584074, 0.29956297830057316]
,[0.31487717900086576, 0.8770131498777036]
,[0.4145858719545742, 0.5197967244605293]
,[0.4854349186973804, 0.5201805154035547]
,[0.6541384841205895, 0.8250459484156604]
],"vol":[[0.4568625645971415, 0.6808397162593584]
,[0.27303112440826416, 0.483291068202435]
,[0.09910084620780321, 0.584273334119284]
,[0.6577904567597956, 0.49468731182301373]
,[0.3680053302656685, 0.63715682720434]
,[0.5558842786556347, 0.1922630776789637]
,[0.4303865206009508, 0.41547833786211746]
,[0.12333644784004119, 0.768755812287758]
,[0.24615876125989827, 0.7878183309472021]
,[0.5038898052800607, 0.31808611545186194]
,[0.4074203031472686, 0.38096645446393973]
,[0.6150308143495808, 0.6674101998931589]
,[0.20870265239991093, 0.46611908951978465]
,[0.4635333673883235, 0.36376633801906566]
,[0.10466254333446141, 0.6780475891100097]
,[0.33772166981273977, 0.3536437520551627]
,[0.15986943685566044, 0.4017266454388382]
,[0.2500947546782982, 0.4496332370307195]
,[0.1681756727712469, 0.5160655138942596]
,[0.31903429697085106, 0.37481578031226004]
]}