{
"parameters":[2, 2, 2, 2, 40, 40]
,"current_iter":37,"domain":[[-5.12, -5.12]
,[5.12, 5.12]
],"result":[9.476827691041455, 0.9949590576950111, 0.9949717323234903, 0.9949590579146701, 2.23584456278253, 0.9949590577262768, 1.0604442766910243, 0.994959560777092, 0.9949590578042535, 0.9949590577358673, 4.603884096677864, 0.9949590577622391, 4.455090705050555, 5.076453766881736, 0.9949590577983134, 0.9949590603403351, 1.51051745999286, 0.9949590576203811, 1.4445597958540208, 0.9949590585223422, 0.9949590579344996, 2.6857806180950057, 3.1311056358550786, 0.9949591016315456, 0.9949590679642544, 0.9949590577989937, 1.0008211382144054, 0.9949603357668853, 0.9949592142485084, 0.9949590744201338, 0.9949590622533275, 0.9949590577844649, 1.4276257086117319, 0.9974301486126453, 12.998040749141587, 0.9950291075885236, 0.994959057790382, 2.9141367523804345, 0.9950374075032986, 5.849466573988385]
,"population":[[1.6755478636512209, 0.1092001208615274]
,[0.9949569507275181, -4.3437554164373977E-07]
,[0.994933582092382, 0.00025152006525793803]
,[0.9949569709857944, -1.167810557475401E-06]
,[1.2495022230136636, 0.04342388547628475]
,[0.9949569602984748, -6.151914335364241E-07]
,[1.012827886067062, 0.0032994879180804357]
,[0.994997444231147, -3.215007484054988E-05]
,[0.9949569807665257, -9.163629708789423E-07]
,[0.9949570064183303, -7.611386808975612E-07]
,[1.2073062718617706, -0.4876038219229833]
,[0.9949569588837519, -7.449828292843603E-07]
,[1.5841887388499019, -0.14832566184176774]
,[0.8453367031174224, 0.0009479195120308143]
,[0.9949594032337302, 1.7227471626775914E-06]
,[0.9949569789651633, -3.6901136606868315E-06]
,[1.2062221540921474, -9.390387258104262E-05]
,[0.9949570108825851, -1.0836492135509062E-07]
,[1.1658538072456974, -0.010406144076785926]
,[0.9949576412500898, -2.4921573810147057E-06]
,[0.9949567139957513, -7.358822262263862E-07]
,[1.2154607095478596, 0.03516469224408853]
,[1.0960996732960269, 0.028564550586965498]
,[0.9949558843411378, 1.4728176473584002E-05]
,[0.9949512873782271, -8.920813871894759E-07]
,[0.994956950772079, -8.443772694692386E-07]
,[0.9895202375269028, -6.580287516141464E-07]
,[0.9949569795089127, -8.026478986961004E-05]
,[0.9949569110691072, -2.809208051574861E-05]
,[0.9949571153134992, 9.22062875962269E-06]
,[0.9949569803008781, 4.823261322901519E-06]
,[0.9949569498963416, -7.979894096375482E-07]
,[1.1961317904352284, -0.0027973189788827123]
,[0.998488263081539, -3.410635827513943E-05]
,[1.157847298052457, -0.5465620075822827]
,[0.9949570277163244, -0.0005942129174683176]
,[0.9949570050144659, -9.216987281558201E-07]
,[0.9900305619553368, 0.19259807591522607]
,[0.9954241918450843, 0.00042224182539145664]
,[0.8315371041575806, -0.017392828130028463]
],"den":[[0.35426470088042555, 0.4589962737333443]
,[0.35426470088042555, 0.4589962737333443]
,[0.35426470088042555, 0.4589962737333443]
,[0.35426470088042555, 0.4589962737333443]
,[0.35426470088042555, 0.4589962737333443]
,[0.35426470088042555, 0.4589962737333443]
,[0.35426470088042555, 0.4589962737333443]
,[0.35426470088042555, 0.4589962737333443]
,[0.35426470088042555, 0.4589962737333443]
,[0.35426470088042555, 0.4589962737333443]
,[0.35426470088042555, 0.4589962737333443]
,[0.35426470088042555, 0.4589962737333443]
,[0.35426470088042555, 0.4589962737333443]
,[0.35426470088042555, 0.4589962737333443]
,[0.35426470088042555, 0.4589962737333443]
,[0.35426470088042555, 0.4589962737333443]
,[0.35426470088042555, 0.4589962737333443]
,[0.35426470088042555, 0.4589962737333443]
,[0.35426470088042555, 0.4589962737333443]
,[0.35426470088042555, 0.4589962737333443]
,[0.35426470088042555, 0.4589962737333443]
,[0.35426470088042555, 0.4589962737333443]
,[0.35426470088042555, 0.4589962737333443]
,[0.35426470088042555, 0.4589962737333443]
,[0.35426470088042555, 0.4589962737333443]
,[0.35426470088042555, 0.4589962737333443]
,[0.35426470088042555, 0.4589962737333443]
,[0.35426470088042555, 0.4589962737333443]
,[0.35426470088042555, 0.4589962737333443]
,[0.35426470088042555, 0.4589962737333443]
,[0.35426470088042555, 0.4589962737333443]
,[0.35426470088042555, 0.4589962737333443]
,[0.35426470088042555, 0.4589962737333443]
,[0.35426470088042555, 0.4589962737333443]
,[0.35426470088042555, 0.4589962737333443]
,[0.35426470088042555, 0.4589962737333443]
,[0.35426470088042555, 0.4589962737333443]
,[0.35426470088042555, 0.4589962737333443]
,[0.35426470088042555, 0.4589962737333443]
,[0.35426470088042555, 0.4589962737333443]
],"vol":[[0.40577019045628965, 0.48884905438254567]
,[0.40577019045628965, 0.48884905438254567]
,[0.40577019045628965, 0.48884905438254567]
,[0.40577019045628965, 0.48884905438254567]
,[0.40577019045628965, 0.48884905438254567]
,[0.40577019045628965, 0.48884905438254567]
,[0.40577019045628965, 0.48884905438254567]
,[0.40577019045628965, 0.48884905438254567]
,[0.40577019045628965, 0.48884905438254567]
,[0.40577019045628965, 0.48884905438254567]
,[0.40577019045628965, 0.48884905438254567]
,[0.40577019045628965, 0.48884905438254567]
,[0.40577019045628965, 0.48884905438254567]
,[0.40577019045628965, 0.48884905438254567]
,[0.40577019045628965, 0.48884905438254567]
,[0.40577019045628965, 0.48884905438254567]
,[0.40577019045628965, 0.48884905438254567]
,[0.40577019045628965, 0.48884905438254567]
,[0.40577019045628965, 0.48884905438254567]
,[0.40577019045628965, 0.4888490543825457]
,[0.40577019045628965, 0.48884905438254567]
,[0.40577019045628965, 0.48884905438254567]
,[0.40577019045628965, 0.48884905438254567]
,[0.40577019045628965, 0.4888490543825457]
,[0.40577019045628965, 0.48884905438254567]
,[0.40577019045628965, 0.48884905438254567]
,[0.40577019045628965, 0.48884905438254567]
,[0.40577019045628965, 0.48884905438254567]
,[0.40577019045628965, 0.48884905438254567]
,[0.40577019045628965, 0.48884905438254567]
,[0.40577019045628965, 0.48884905438254567]
,[0.40577019045628965, 0.48884905438254567]
,[0.40577019045628965, 0.48884905438254567]
,[0.40577019045628965, 0.48884905438254567]
,[0.40577019045628965, 0.48884905438254567]
,[0.40577019045628965, 0.48884905438254567]
,[0.40577019045628965, 0.48884905438254567]
,[0.40577019045628965, 0.48884905438254567]
,[0.40577019045628965, 0.48884905438254567]
,[0.40577019045628965, 0.48884905438254567]
]}